1263_141777_000006_000001	8.100	To go back to the ship clearing was to risk capture-but he had to know. Rynch looked with more attention at his present surroundings.	1263_141777_000006_000001	8.100	To go back to the ship clearing was to risk capture-but he had to know. Rynch looked with more attention at his present surroundings.
4195_17507_000039_000000	5.650	Italy is beautiful; it is charming and delightful; but seldom is this true in winter or early spring.	4195_17507_000039_000000	5.650	Italy is beautiful; it is charming and delightful; but seldom is this true in winter or early spring.
5561_41616_000007_000001	6.590	"There are two girls on the sophomore and three on the freshman team whose basketball ardor will have to cool until after the mid year exams."	5561_41616_000007_000001	6.590	"There are two girls on the sophomore and three on the freshman team whose basketball ardor will have to cool until after the mid year exams."
1624_168623_000011_000001	8.570	He had something of the look of sailors, who are accustomed to screw up their eyes to gaze through marine glasses. Thenardier was a statesman.	1624_168623_000011_000001	8.570	He had something of the look of sailors, who are accustomed to screw up their eyes to gaze through marine glasses. Thenardier was a statesman.
1263_141777_000019_000000	5.900	Alert as he was, he lost sight of the stranger who melted into the dusky cover of the shadows.	1263_141777_000019_000000	5.900	Alert as he was, he lost sight of the stranger who melted into the dusky cover of the shadows.
5561_41615_000026_000001	7.660	What I insist upon knowing now, is who are the real culprits, beginning with the girl who originated the paper to the last one who signed it.	5561_41615_000026_000001	7.660	What I insist upon knowing now, is who are the real culprits, beginning with the girl who originated the paper to the last one who signed it.
5867_48852_000011_000004	5.420	He would have turned back had he not been aware that his promise to others required that he should persevere.	5867_48852_000011_000004	5.420	He would have turned back had he not been aware that his promise to others required that he should persevere.
405_130895_000021_000002	6.970	But if we returned to the Pacific, far from every populated shore, what would happen to Ned Land's plans?	405_130895_000021_000002	6.970	But if we returned to the Pacific, far from every populated shore, what would happen to Ned Land's plans?
8098_278252_000020_000003	3.070	The human volcano was now ready to burst.	8098_278252_000020_000003	3.070	The human volcano was now ready to burst.
8088_284756_000106_000000	6.880	The strange creature thrust her face close to mine as my feet touched bottom, and for the first time I saw her features distinctly.	8088_284756_000106_000000	6.880	The strange creature thrust her face close to mine as my feet touched bottom, and for the first time I saw her features distinctly.
6147_34607_000007_000001	4.710	The assembly of twelve persons, were it only to eat oysters and drink porter, was a felony.	6147_34607_000007_000001	4.710	The assembly of twelve persons, were it only to eat oysters and drink porter, was a felony.
200_126784_000072_000000	9.100	The two subalterns struggled to conceal their smiles; but the captain resumed his breakfast with an eagerness that created a doubt, whether he ever expected to enjoy another.	200_126784_000072_000000	9.100	The two subalterns struggled to conceal their smiles; but the captain resumed his breakfast with an eagerness that created a doubt, whether he ever expected to enjoy another.
2836_5355_000096_000006	8.610	It was the actual crying of her own child which awoke her-this last child-the ill fated little being in the cradle beside her.	2836_5355_000096_000006	8.610	It was the actual crying of her own child which awoke her-this last child-the ill fated little being in the cradle beside her.
3982_178459_000057_000003	3.790	Isn't there some way you could use the money without-without-"	3982_178459_000057_000003	3.790	Isn't there some way you could use the money without-without-"
7067_76048_000023_000000	3.330	For an American Miss Grammont was by no means autobiographical.	7067_76048_000023_000000	3.330	For an American Miss Grammont was by no means autobiographical.
7302_86815_000043_000001	6.100	"Oh, sir," she stammered, "I beseech you, do not believe appearances."	7302_86815_000043_000001	6.100	"Oh, sir," she stammered, "I beseech you, do not believe appearances."
1970_28415_000004_000002	3.680	When they had almost reached the city, the disciples began to shout.	1970_28415_000004_000002	3.680	When they had almost reached the city, the disciples began to shout.
4267_78186_000002_000000	3.930	As we approached the inn at Amherst, the Clockmaker grew uneasy.	4267_78186_000002_000000	3.930	As we approached the inn at Amherst, the Clockmaker grew uneasy.
6064_300880_000043_000004	4.800	But they aren't onto that yet." Harmon's clear brown eyes twinkled.	6064_300880_000043_000004	4.800	But they aren't onto that yet." Harmon's clear brown eyes twinkled.
40_222_000012_000003	7.110	Henry and Eleanor were by themselves in the breakfast room; and each, as she entered it, looked at her anxiously.	40_222_000012_000003	7.110	Henry and Eleanor were by themselves in the breakfast room; and each, as she entered it, looked at her anxiously.
4397_15668_000016_000001	6.340	They have seen too much hard, repressive toil to admit of the development of lily beauty either in form or color.	4397_15668_000016_000001	6.340	They have seen too much hard, repressive toil to admit of the development of lily beauty either in form or color.
7367_86737_000076_000000	8.070	"I forewarn you, Signor Pastrini, that I shall not believe one word of what you are going to tell us; having told you this, begin."	7367_86737_000076_000000	8.070	"I forewarn you, Signor Pastrini, that I shall not believe one word of what you are going to tell us; having told you this, begin."
7517_100437_000004_000003	2.790	It knew all about Samuel Butler.	7517_100437_000004_000003	2.790	It knew all about Samuel Butler.
6531_61334_000066_000001	5.860	His chosen heir, Shamshi Adad the seventh, had to continue the struggle for the throne for two more years.	6531_61334_000066_000001	5.860	His chosen heir, Shamshi Adad the seventh, had to continue the struggle for the throne for two more years.
6385_34655_000018_000009	3.870	Hidden pipes of hot air maintained a summer temperature in the building.	6385_34655_000018_000009	3.870	Hidden pipes of hot air maintained a summer temperature in the building.
6529_62554_000041_000001	5.700	Without that how are we to know to what distance we can send one of those pretty shot with which we are provided?"	6529_62554_000041_000001	5.700	Without that how are we to know to what distance we can send one of those pretty shot with which we are provided?"
7794_295947_000005_000000	8.830	The two friends were looking on all the while, and one of them, raising his voice, shouted out, "Hallo! you boys! what are you doing with that fox?"	7794_295947_000005_000000	8.830	The two friends were looking on all the while, and one of them, raising his voice, shouted out, "Hallo! you boys! what are you doing with that fox?"
5104_33406_000029_000000	2.710	His men pounded on the tables and shouted:	5104_33406_000029_000000	2.710	His men pounded on the tables and shouted:
7794_295955_000004_000008	2.850	In the vault was a vast multitude of people.	7794_295955_000004_000008	2.850	In the vault was a vast multitude of people.
250_142276_000015_000002	8.810	Thomson's Seasons, Hayley's Cowper, Middleton's Cicero, were by far the lightest, newest, and most amusing.	250_142276_000015_000002	8.810	Thomson's Seasons, Hayley's Cowper, Middleton's Cicero, were by far the lightest, newest, and most amusing.
2092_145706_000029_000002	6.910	The poor youth himself was heart broken, and cursed the hour he had crossed the boundary of the King's domain.	2092_145706_000029_000002	6.910	The poor youth himself was heart broken, and cursed the hour he had crossed the boundary of the King's domain.
7402_59171_000020_000008	7.370	He does not hesitate to wound and he does not hesitate to misunderstand, but he is free from malice.	7402_59171_000020_000008	7.370	He does not hesitate to wound and he does not hesitate to misunderstand, but he is free from malice.
3879_174923_000019_000018	6.770	Now he had been tempted back again to the old haunts. Would the Countesses' cards be showered upon him again?	3879_174923_000019_000018	6.770	Now he had been tempted back again to the old haunts. Would the Countesses' cards be showered upon him again?
1088_134315_000112_000002	3.890	An examination of the first drawer did not produce all that she had expected.	1088_134315_000112_000002	3.890	An examination of the first drawer did not produce all that she had expected.
1355_39947_000014_000006	6.340	Or there may be negative suggestibility, by which a moral admonition stirs up a vivid idea of the opposite.	1355_39947_000014_000006	6.340	Or there may be negative suggestibility, by which a moral admonition stirs up a vivid idea of the opposite.
307_127535_000036_000001	4.810	j f, and a score below, with a clove hitch to it; so he done ever."	307_127535_000036_000001	4.810	j f, and a score below, with a clove hitch to it; so he done ever."
3982_178459_000056_000022	4.810	I told him just what I'd done; I asked his pardon, and I said I would not marry him.	3982_178459_000056_000022	4.810	I told him just what I'd done; I asked his pardon, and I said I would not marry him.
6818_76332_000013_000001	8.720	As his heart was so set on it, I couldn't deny him, thinking that even this would make little difference in the end.	6818_76332_000013_000001	8.720	As his heart was so set on it, I couldn't deny him, thinking that even this would make little difference in the end.
2289_152258_000015_000001	5.350	He still continued to attend to his wife's business; but he did not make so many journeys as before.	2289_152258_000015_000001	5.350	He still continued to attend to his wife's business; but he did not make so many journeys as before.
1116_132847_000022_000000	4.580	So Houarn went down to the sea, and found a boatman who engaged to take him to the isle of Lok.	1116_132847_000022_000000	4.580	So Houarn went down to the sea, and found a boatman who engaged to take him to the isle of Lok.
887_123290_000002_000000	6.870	How shall I describe the strange series of passions which in succession shook the breast of Professor Liedenbrock?	887_123290_000002_000000	6.870	How shall I describe the strange series of passions which in succession shook the breast of Professor Liedenbrock?
1116_132851_000017_000000	2.510	'How?' exclaimed Jegu, filled with astonishment.	1116_132851_000017_000000	2.510	'How?' exclaimed Jegu, filled with astonishment.
696_93314_000012_000003	3.550	If he did, the less precise and devotional may pardon him.	696_93314_000012_000003	3.550	If he did, the less precise and devotional may pardon him.
1088_129236_000026_000010	2.660	Passion beholds its object as a perfect unit.	1088_129236_000026_000010	2.660	Passion beholds its object as a perfect unit.
3664_11714_000026_000001	6.000	"God will forgive your vanities, your adulterous pleasures, your obscene festivals; so much for your sins.	3664_11714_000026_000001	6.000	"God will forgive your vanities, your adulterous pleasures, your obscene festivals; so much for your sins.
5022_29405_000025_000003	6.920	His fleshless face would have looked like the face of a mummy, but for the restless brightness of his little watchful black eyes.	5022_29405_000025_000003	6.920	His fleshless face would have looked like the face of a mummy, but for the restless brightness of his little watchful black eyes.
2196_170151_000006_000001	3.640	Life is a successive unfolding of success from failure.	2196_170151_000006_000001	3.640	Life is a successive unfolding of success from failure.
60_121082_000073_000000	2.500	"Yes, so long as he pays me"--	60_121082_000073_000000	2.500	"Yes, so long as he pays me"--
8123_275216_000061_000000	3.230	"I do not know these foreign words of yours," said the Oak.	8123_275216_000061_000000	3.230	"I do not know these foreign words of yours," said the Oak.
2836_5354_000065_000001	6.470	Of course I have," he continued, in a peevish, though kind tone, as he took hold of her hands to raise her.	2836_5354_000065_000001	6.470	Of course I have," he continued, in a peevish, though kind tone, as he took hold of her hands to raise her.
8095_274345_000032_000005	5.700	The end they esteemed beneficent and noble; the means, regular and constitutional.	8095_274345_000032_000005	5.700	The end they esteemed beneficent and noble; the means, regular and constitutional.
5163_39921_000037_000005	8.160	Just beyond her, with its laden boughs hanging over the line fence, was the famous plum tree. esther looked at it for a moment.	5163_39921_000037_000005	8.160	Just beyond her, with its laden boughs hanging over the line fence, was the famous plum tree. esther looked at it for a moment.
6272_70171_000024_000003	3.380	I think also that the boiled eggs were smaller than any I had seen.	6272_70171_000024_000003	3.380	I think also that the boiled eggs were smaller than any I had seen.
8465_246942_000004_000007	2.830	It flees to its kind for shelter from itself.	8465_246942_000004_000007	2.830	It flees to its kind for shelter from itself.
8324_286683_000018_000001	3.320	You're big enough, but you're just as homely as you can be.	8324_286683_000018_000001	3.320	You're big enough, but you're just as homely as you can be.
311_124404_000002_000001	8.340	It was my design to comprise in it all that, before I set myself to write it, I thought I knew of the nature of material objects.	311_124404_000002_000001	8.340	It was my design to comprise in it all that, before I set myself to write it, I thought I knew of the nature of material objects.
3983_5371_000076_000000	4.550	"There was no difference," she murmured, and then she took courage and spoke more openly.	3983_5371_000076_000000	4.550	"There was no difference," she murmured, and then she took courage and spoke more openly.
3830_12535_000006_000003	4.740	I lay down in the shade of a small tree near the spring to take an afternoon nap.	3830_12535_000006_000003	4.740	I lay down in the shade of a small tree near the spring to take an afternoon nap.
40_121026_000054_000005	3.550	Now let us return to your particular world.	40_121026_000054_000005	3.550	Now let us return to your particular world.
3259_158083_000102_000001	6.430	Instantly Superintendent Whittaker rushed forward, shouting at me, "Stop that; not another word from your	3259_158083_000102_000001	6.430	Instantly Superintendent Whittaker rushed forward, shouting at me, "Stop that; not another word from your
87_121553_000173_000000	7.490	But that the sacred love, in which I watch With sight perpetual, and which makes me thirst With sweet desire, may better be fulfilled,	87_121553_000173_000000	7.490	But that the sacred love, in which I watch With sight perpetual, and which makes me thirst With sweet desire, may better be fulfilled,
125_121124_000028_000000	7.580	The banker saw the carriage of the count enter the court yard, and advanced to meet him with a sad, though affable smile.	125_121124_000028_000000	7.580	The banker saw the carriage of the count enter the court yard, and advanced to meet him with a sad, though affable smile.
4137_11702_000015_000000	2.500	The cavalcade drew up in front of the castle.	4137_11702_000015_000000	2.500	The cavalcade drew up in front of the castle.
1116_137572_000013_000001	6.190	Or perhaps he wants to invest money in professional or business advancement at the precise moment when she realizes she wants a child.	1116_137572_000013_000001	6.190	Or perhaps he wants to invest money in professional or business advancement at the precise moment when she realizes she wants a child.
87_121553_000014_000000	6.180	Out of the heart of one of the new lights There came a voice, that needle to the star Made me appear in turning thitherward.	87_121553_000014_000000	6.180	Out of the heart of one of the new lights There came a voice, that needle to the star Made me appear in turning thitherward.
8419_293473_000021_000000	4.950	The Walking Sticks looked very uncomfortable, and the brother and sister could not think of anything to say.	8419_293473_000021_000000	4.950	The Walking Sticks looked very uncomfortable, and the brother and sister could not think of anything to say.
6209_34601_000156_000000	3.150	Then letting down the steps, he called Homo.	6209_34601_000156_000000	3.150	Then letting down the steps, he called Homo.
8838_298546_000016_000002	6.690	But his arms-well, if they was both stropped to a bench, as the sayin' is, I wonder where the champion of England would be then."	8838_298546_000016_000002	6.690	But his arms-well, if they was both stropped to a bench, as the sayin' is, I wonder where the champion of England would be then."
6385_220959_000014_000001	6.080	And they think that not only with man, but also with animals and plants, it is impossible.	6385_220959_000014_000001	6.080	And they think that not only with man, but also with animals and plants, it is impossible.
78_369_000043_000009	9.320	This ice is not made of such stuff as your hearts may be; it is mutable and cannot withstand you if you say that it shall not.	78_369_000043_000009	9.320	This ice is not made of such stuff as your hearts may be; it is mutable and cannot withstand you if you say that it shall not.
4137_11701_000028_000000	3.300	Coronel made a deep bow to the astonished Belvane.	4137_11701_000028_000000	3.300	Coronel made a deep bow to the astonished Belvane.
2836_5354_000046_000001	4.210	Besides, I should not choose for the old man's funeral to take place without me."	2836_5354_000046_000001	4.210	Besides, I should not choose for the old man's funeral to take place without me."
4481_17499_000005_000000	2.950	"You may say two, sir," interrupted the Major.	4481_17499_000005_000000	2.950	"You may say two, sir," interrupted the Major.
1867_154075_000078_000001	4.720	"You send for Caroline Smith; I'm to do the persuading to get her out of the house.	1867_154075_000078_000001	4.720	"You send for Caroline Smith; I'm to do the persuading to get her out of the house.
8108_274318_000005_000006	4.100	Ice seemed to settle about his heart, and his mind trembled.	8108_274318_000005_000006	4.100	Ice seemed to settle about his heart, and his mind trembled.
5022_29411_000006_000002	7.250	If I had dared to commit such an act of rudeness, I should have jumped out of the carriage, and have told mrs Roylake that I meant to walk home.	5022_29411_000006_000002	7.250	If I had dared to commit such an act of rudeness, I should have jumped out of the carriage, and have told mrs Roylake that I meant to walk home.
4406_16883_000001_000000	3.750	On the morrow morning we must go over the river, i e	4406_16883_000001_000000	3.750	On the morrow morning we must go over the river, i e
8975_270782_000014_000004	8.010	The motives for this are everywhere known and disclose a tendency to separate those of the same sex, daughter from mother, father from son.	8975_270782_000014_000004	8.010	The motives for this are everywhere known and disclose a tendency to separate those of the same sex, daughter from mother, father from son.
4788_94904_000008_000007	8.150	His progress to ascendancy was slow; but it resulted from successively taking advantage of opportunities which offered themselves only to him.	4788_94904_000008_000007	8.150	His progress to ascendancy was slow; but it resulted from successively taking advantage of opportunities which offered themselves only to him.
6531_61334_000007_000001	9.370	He had come from the neighbouring Aramaean State of Bit Adini, and was preparing, it would appear, to form a powerful confederacy against the Assyrians.	6531_61334_000007_000001	9.370	He had come from the neighbouring Aramaean State of Bit Adini, and was preparing, it would appear, to form a powerful confederacy against the Assyrians.
125_121124_000050_000001	6.950	Please pay to my order, from the fund deposited by me, the sum of a million, and charge the same to my account.	125_121124_000050_000001	6.950	Please pay to my order, from the fund deposited by me, the sum of a million, and charge the same to my account.
7794_295947_000020_000001	4.160	the old foxes have come back, out of fear for their cub's safety.	7794_295947_000020_000001	4.160	the old foxes have come back, out of fear for their cub's safety.
2893_139322_000009_000003	6.210	In spite of every precaution, the Labour policeman told them in a depressed tone, the Department was not infrequently robbed.	2893_139322_000009_000003	6.210	In spite of every precaution, the Labour policeman told them in a depressed tone, the Department was not infrequently robbed.
405_130894_000028_000001	7.790	Long bores were driven into the side walls; but after fifteen meters, the instruments were still impeded by the thickness of those walls.	405_130894_000028_000001	7.790	Long bores were driven into the side walls; but after fifteen meters, the instruments were still impeded by the thickness of those walls.
6437_66172_000024_000000	5.640	The naughty cleverness of the joke (which I should be sorry to defend) was recognized at once.	6437_66172_000024_000000	5.640	The naughty cleverness of the joke (which I should be sorry to defend) was recognized at once.
446_123502_000028_000001	4.540	She was of a light olive green color, with a smooth, glossy hide.	446_123502_000028_000001	4.540	She was of a light olive green color, with a smooth, glossy hide.
4297_13006_000012_000009	4.770	But if so, the stain was as yet too impalpable to be visible to ordinary eyes.	4297_13006_000012_000009	4.770	But if so, the stain was as yet too impalpable to be visible to ordinary eyes.
6272_70171_000027_000001	5.260	Now that I think of it, she was always making up some nice dish; tell her I remember it, will you?"	6272_70171_000027_000001	5.260	Now that I think of it, she was always making up some nice dish; tell her I remember it, will you?"
7190_90543_000049_000002	2.500	Nothing has happened to make you change that opinion?"	7190_90543_000049_000002	2.500	Nothing has happened to make you change that opinion?"
298_126790_000044_000000	6.820	"Oh!" cried the maiden, again correcting herself, "for the best of all reasons; there was none to be had, so I took care of him myself.	298_126790_000044_000000	6.820	"Oh!" cried the maiden, again correcting herself, "for the best of all reasons; there was none to be had, so I took care of him myself.
40_121026_000179_000001	8.030	The reputation of being out of his mind, though harmlessly and even amusingly so, had procured for the abbe unusual privileges.	40_121026_000179_000001	8.030	The reputation of being out of his mind, though harmlessly and even amusingly so, had procured for the abbe unusual privileges.
1926_147987_000017_000001	6.180	There stood mrs Cutter,--locked out, for she had no key to the new lock-her head trembling with rage.	1926_147987_000017_000001	6.180	There stood mrs Cutter,--locked out, for she had no key to the new lock-her head trembling with rage.
7278_91083_000015_000005	4.190	The yearly profits, it is stated, have been four hundred thousand dollars.	7278_91083_000015_000005	4.190	The yearly profits, it is stated, have been four hundred thousand dollars.
1116_132847_000087_000001	8.540	But just as she was going to touch the foremost fish, her eyes fell on a green frog on his knees beside her, his little paws crossed over his little heart.	1116_132847_000087_000001	8.540	But just as she was going to touch the foremost fish, her eyes fell on a green frog on his knees beside her, his little paws crossed over his little heart.
4267_287369_000013_000002	4.320	I only hope those fellows don't find our airship and destroy it.	4267_287369_000013_000002	4.320	I only hope those fellows don't find our airship and destroy it.
311_124404_000003_000000	5.910	From the description of inanimate bodies and plants, I passed to animals, and particularly to man.	311_124404_000003_000000	5.910	From the description of inanimate bodies and plants, I passed to animals, and particularly to man.
6848_76049_000005_000010	6.770	When old Grammont's enquiry man had come back with his report, old Grammont had been very particular about that.	6848_76049_000005_000010	6.770	When old Grammont's enquiry man had come back with his report, old Grammont had been very particular about that.
201_122255_000032_000004	8.500	But Little john suffered the most, for he had become unused to such stiff labor, and his joints were not as supple as they had been before he went to dwell with the Sheriff.	201_122255_000032_000004	8.500	But Little john suffered the most, for he had become unused to such stiff labor, and his joints were not as supple as they had been before he went to dwell with the Sheriff.
7800_283493_000042_000000	3.120	They shook hands on the bargain, and so it was ratified.	7800_283493_000042_000000	3.120	They shook hands on the bargain, and so it was ratified.
1088_134318_000003_000003	2.650	He had satisfied t x and allayed his suspicions.	1088_134318_000003_000003	2.650	He had satisfied t x and allayed his suspicions.
5514_19193_000008_000006	7.470	A man without a woman is a pistol without a trigger; it is the woman that sets the man off. Well, Enjolras has no woman.	5514_19193_000008_000006	7.470	A man without a woman is a pistol without a trigger; it is the woman that sets the man off. Well, Enjolras has no woman.
1970_26100_000057_000000	5.970	"Do you remember waiting on mr Frank Woods two weeks ago last Thursday night?" I asked.	1970_26100_000057_000000	5.970	"Do you remember waiting on mr Frank Woods two weeks ago last Thursday night?" I asked.
5703_47212_000043_000005	6.790	Girls are kittle cattle, but I've got quite fond of that one, and I hope she's not forgotten poor David so soon.	5703_47212_000043_000005	6.790	Girls are kittle cattle, but I've got quite fond of that one, and I hope she's not forgotten poor David so soon.
2514_149482_000023_000002	8.420	Even the joke made mrs Stringham uneasy, and her mute communion with Densher, to which we have alluded, was more and more determined by it.	2514_149482_000023_000002	8.420	Even the joke made mrs Stringham uneasy, and her mute communion with Densher, to which we have alluded, was more and more determined by it.
2836_5355_000038_000000	5.780	"I do not understand what you would imply," she said, drawing her shawl round her with a fresh shiver.	2836_5355_000038_000000	5.780	"I do not understand what you would imply," she said, drawing her shawl round her with a fresh shiver.
6848_76049_000021_000007	3.210	I must wire them where I can pick up a telegram to morrow."	6848_76049_000021_000007	3.210	I must wire them where I can pick up a telegram to morrow."
1088_134315_000009_000001	6.200	He rang a bell on his table and the girl who had so filled t x with a sense of awe came from an adjoining room.	1088_134315_000009_000001	6.200	He rang a bell on his table and the girl who had so filled t x with a sense of awe came from an adjoining room.
7511_102419_000022_000001	4.810	She and her Wallace made a fine couple as they rode away in the golden September afternoon.	7511_102419_000022_000001	4.810	She and her Wallace made a fine couple as they rode away in the golden September afternoon.
1553_140048_000057_000003	4.020	And just think of having both the lamp and the shade for one day's work!	1553_140048_000057_000003	4.020	And just think of having both the lamp and the shade for one day's work!
4018_103416_000002_000004	5.140	Mills and factories took on new life. Labor was scarce and high.	4018_103416_000002_000004	5.140	Mills and factories took on new life. Labor was scarce and high.
27_124992_000148_000001	6.150	But if after five days be past there come no aid, we will do the things which you have spoken.	27_124992_000148_000001	6.150	But if after five days be past there come no aid, we will do the things which you have spoken.
6415_100596_000010_000000	3.250	"No, thank you; I pay club dues enough already."	6415_100596_000010_000000	3.250	"No, thank you; I pay club dues enough already."
229_130880_000087_000001	2.750	"That Essence of Orient must sell for quite a large sum."	229_130880_000087_000001	2.750	"That Essence of Orient must sell for quite a large sum."
5561_41615_000051_000000	4.780	"I suppose it did look as though I told you girls," said Mabel Allison, who had joined them at the gate.	5561_41615_000051_000000	4.780	"I suppose it did look as though I told you girls," said Mabel Allison, who had joined them at the gate.
250_142286_000055_000001	4.100	But I really do not find much pleasure in going over manufactories.'	250_142286_000055_000001	4.100	But I really do not find much pleasure in going over manufactories.'
6476_96661_000018_000005	6.290	He saw a figure standing by the mast; for a moment he looked on it, and then the figure became shadowy.	6476_96661_000018_000005	6.290	He saw a figure standing by the mast; for a moment he looked on it, and then the figure became shadowy.
3830_12530_000064_000000	5.120	Three days sufficed to land us back in the bay we sought, but the ships were gone.	3830_12530_000064_000000	5.120	Three days sufficed to land us back in the bay we sought, but the ships were gone.
8324_286682_000038_000002	3.420	Then you will have good luck when theirs is poor.	8324_286682_000038_000002	3.420	Then you will have good luck when theirs is poor.
1069_133699_000066_000012	4.050	This document proved short and may be given entire.	1069_133699_000066_000012	4.050	This document proved short and may be given entire.
6000_55211_000013_000000	2.750	"I'm afraid not," returned Billy, with a rueful laugh.	6000_55211_000013_000000	2.750	"I'm afraid not," returned Billy, with a rueful laugh.
8419_293473_000009_000003	3.150	The other Walking Stick, their friend, was younger and green.	8419_293473_000009_000003	3.150	The other Walking Stick, their friend, was younger and green.
233_155990_000013_000000	4.690	It was under my administration that the Hague Court was saved from becoming an empty farce.	233_155990_000013_000000	4.690	It was under my administration that the Hague Court was saved from becoming an empty farce.
6147_34606_000015_000000	4.910	Lord David Dirry Moir brought into all these institutions his magnificent and liberal spirit.	6147_34606_000015_000000	4.910	Lord David Dirry Moir brought into all these institutions his magnificent and liberal spirit.
40_121026_000227_000000	5.880	The sick man was not yet able to speak, but he pointed with evident anxiety towards the door.	40_121026_000227_000000	5.880	The sick man was not yet able to speak, but he pointed with evident anxiety towards the door.
1502_122615_000026_000000	7.800	"His legs were good, though his arm is better for the hoe than the tomahawk," returned the other, pointing to the immovable form of Uncas.	1502_122615_000026_000000	7.800	"His legs were good, though his arm is better for the hoe than the tomahawk," returned the other, pointing to the immovable form of Uncas.
6836_61804_000026_000000	8.360	It was succeeded by a strong sympathy for the ill fated Isidora; whose story she now better comprehended.	6836_61804_000026_000000	8.360	It was succeeded by a strong sympathy for the ill fated Isidora; whose story she now better comprehended.
7367_86737_000120_000001	3.650	The steward gave him a gun; this was what Vampa longed for.	7367_86737_000120_000001	3.650	The steward gave him a gun; this was what Vampa longed for.
3982_182255_000069_000005	5.720	dr McTeague, blinking in the blue tobacco smoke, was there to stand for the church.	3982_182255_000069_000005	5.720	dr McTeague, blinking in the blue tobacco smoke, was there to stand for the church.
460_172359_000038_000001	4.410	Worse than that was the Silent Pine,--a clear case of stupid incompetence!	460_172359_000038_000001	4.410	Worse than that was the Silent Pine,--a clear case of stupid incompetence!
5104_33406_000105_000000	3.750	"It is a very white Greenland, but men will like the sound of it.	5104_33406_000105_000000	3.750	"It is a very white Greenland, but men will like the sound of it.
8838_298545_000019_000003	7.300	The provocation was so gross, the insult so unprovoked, that he could have none of those qualms which take the edge off a man's mettle.	8838_298545_000019_000003	7.300	The provocation was so gross, the insult so unprovoked, that he could have none of those qualms which take the edge off a man's mettle.
4898_20016_000011_000002	6.310	As he was driving rapidly along, his ear caught what seemed the peal of an organ.	4898_20016_000011_000002	6.310	As he was driving rapidly along, his ear caught what seemed the peal of an organ.
7800_283478_000036_000001	2.520	I think I'd enjoy another turn up there in the woods."	7800_283478_000036_000001	2.520	I think I'd enjoy another turn up there in the woods."
1098_133695_000028_000000	5.270	"My excuse for not rowing is that my cousin rows so well," said Ralph. "She does everything well.	1098_133695_000028_000000	5.270	"My excuse for not rowing is that my cousin rows so well," said Ralph. "She does everything well.
1970_26100_000008_000000	6.430	The coroner and I drove out to the bridge that afternoon and I must admit I was mighty poor company.	1970_26100_000008_000000	6.430	The coroner and I drove out to the bridge that afternoon and I must admit I was mighty poor company.
3240_131231_000025_000000	3.260	I find that I have another note upon a specific hurricane:	3240_131231_000025_000000	3.260	I find that I have another note upon a specific hurricane:
60_121082_000032_000000	3.870	"So that, as you confess, you are jealous?"	60_121082_000032_000000	3.870	"So that, as you confess, you are jealous?"
4680_16042_000017_000000	4.950	Thus a prey to the conflicting movements of his thoughts, he dropped his head.	4680_16042_000017_000000	4.950	Thus a prey to the conflicting movements of his thoughts, he dropped his head.
87_121553_000231_000000	7.200	Therefore should not appear a marvellous thing What I shall say of the great Florentines Of whom the fame is hidden in the Past.	87_121553_000231_000000	7.200	Therefore should not appear a marvellous thing What I shall say of the great Florentines Of whom the fame is hidden in the Past.
6019_3185_000024_000001	3.270	But my pity soon ceased to be mingled with respect.	6019_3185_000024_000001	3.270	But my pity soon ceased to be mingled with respect.
8051_119902_000009_000005	7.950	The bakeries have used thirty five million barrels of flour each year, so the importance of this field for conservation is plain.	8051_119902_000009_000005	7.950	The bakeries have used thirty five million barrels of flour each year, so the importance of this field for conservation is plain.
839_130898_000017_000001	3.420	"Why, I thought cod were flat, like dab or sole!"	839_130898_000017_000001	3.420	"Why, I thought cod were flat, like dab or sole!"
1970_26100_000030_000002	5.000	The bullets fired from above and behind. The number of bullets fired.	1970_26100_000030_000002	5.000	The bullets fired from above and behind. The number of bullets fired.
5703_47198_000042_000000	3.070	"Not from you." Juliet put her arm through his.	5703_47198_000042_000000	3.070	"Not from you." Juliet put her arm through his.
6437_66173_000033_000005	5.290	I couldn't help saying to myself, "If this is victory, how about that other fellow?"	6437_66173_000033_000005	5.290	I couldn't help saying to myself, "If this is victory, how about that other fellow?"
4640_19188_000021_000005	2.900	Are there children or are there not?	4640_19188_000021_000005	2.900	Are there children or are there not?
7517_100442_000008_000005	2.500	That will be all right; you shan't miss it.	7517_100442_000008_000005	2.500	That will be all right; you shan't miss it.
1841_179183_000011_000001	3.910	He was rolling on the grass, with pleasure in every muscle and limb.	1841_179183_000011_000001	3.910	He was rolling on the grass, with pleasure in every muscle and limb.
8419_293473_000013_000003	4.040	The Tree Frog was also out, sitting in a cool, damp corner of the grass rows.	8419_293473_000013_000003	4.040	The Tree Frog was also out, sitting in a cool, damp corner of the grass rows.
2893_139310_000038_000002	2.870	Most of the faces were flushed, but many were ghastly white.	2893_139310_000038_000002	2.870	Most of the faces were flushed, but many were ghastly white.
8324_286681_000010_000003	4.430	They were restless pupils, and their teacher could not keep them from looking behind them.	8324_286681_000010_000003	4.430	They were restless pupils, and their teacher could not keep them from looking behind them.
8465_246942_000003_000001	3.720	She had sought the door of Paradise, and the door of hell had been opened to her!	8465_246942_000003_000001	3.720	She had sought the door of Paradise, and the door of hell had been opened to her!
8580_287364_000042_000001	2.610	They were glancing about with eager eyes.	8580_287364_000042_000001	2.610	They were glancing about with eager eyes.
8312_279790_000034_000000	2.610	Immediately the king's figure changed.	8312_279790_000034_000000	2.610	Immediately the king's figure changed.
125_121124_000069_000002	3.490	How absurd-as if one crown were not as good as another.	125_121124_000069_000002	3.490	How absurd-as if one crown were not as good as another.
7067_76048_000044_000005	3.500	We have been made an exception of-and got our rations.	7067_76048_000044_000005	3.500	We have been made an exception of-and got our rations.
669_129074_000015_000003	8.780	He was riding on an elephant away from some cocoa nut trees and a pagoda: it was an Eastern scene.	669_129074_000015_000003	8.780	He was riding on an elephant away from some cocoa nut trees and a pagoda: it was an Eastern scene.
6415_116629_000025_000000	5.110	"I know what you mean," he went on, "but I am not so very stupid as you think.	6415_116629_000025_000000	5.110	"I know what you mean," he went on, "but I am not so very stupid as you think.
696_93314_000039_000004	3.260	There was a new line on her forehead, and her eyes had changed.	696_93314_000039_000004	3.260	There was a new line on her forehead, and her eyes had changed.
7511_102419_000029_000004	3.130	mr Haynes is a quiet fellow, just interested in hunting.	7511_102419_000029_000004	3.130	mr Haynes is a quiet fellow, just interested in hunting.
8088_284756_000019_000001	7.380	"You're not in love, by any chance, and bringing me down here like this merely to back up your own opinion of them eyes and them lips, Mercer?"	8088_284756_000019_000001	7.380	"You're not in love, by any chance, and bringing me down here like this merely to back up your own opinion of them eyes and them lips, Mercer?"
374_180298_000053_000000	2.530	"Would you be happy here?" she said to me.	374_180298_000053_000000	2.530	"Would you be happy here?" she said to me.
4214_7146_000064_000000	8.320	This speech which would have softened good mrs Lynde's heart in a twinkling, had no effect on mrs Barry except to irritate her still more.	4214_7146_000064_000000	8.320	This speech which would have softened good mrs Lynde's heart in a twinkling, had no effect on mrs Barry except to irritate her still more.
2289_152258_000003_000000	3.670	When the boy grew old enough he took care of his uncle's sheep and camels.	2289_152258_000003_000000	3.670	When the boy grew old enough he took care of his uncle's sheep and camels.
6272_70168_000027_000006	4.940	As we began our meal, Veronica came in from the kitchen, with a plate of toasted crackers.	6272_70168_000027_000006	4.940	As we began our meal, Veronica came in from the kitchen, with a plate of toasted crackers.
250_142276_000005_000002	3.610	His face returned into its lines of habitual anxiety.	250_142276_000005_000002	3.610	His face returned into its lines of habitual anxiety.
6081_41998_000006_000002	5.360	It would only have served me right if the liquor I bought with it had given me the gripes.	6081_41998_000006_000002	5.360	It would only have served me right if the liquor I bought with it had given me the gripes.
6147_34606_000019_000002	5.340	Lord David would choose a Hercules-massive as a rock, tall as a tower-and make him his child.	6147_34606_000019_000002	5.340	Lord David would choose a Hercules-massive as a rock, tall as a tower-and make him his child.
6415_116629_000003_000000	3.320	Judith came out to the well, carrying her water jug on her head.	6415_116629_000003_000000	3.320	Judith came out to the well, carrying her water jug on her head.
7190_90543_000011_000001	5.290	Only one had been drunk out of, and probably a little of the liquid had been emptied out of this into the other two.	7190_90543_000011_000001	5.290	Only one had been drunk out of, and probably a little of the liquid had been emptied out of this into the other two.
8324_286681_000006_000001	4.450	I suppose I am braver because I wear so many of my bones on the outside."	8324_286681_000006_000001	4.450	I suppose I am braver because I wear so many of my bones on the outside."
6415_100596_000015_000000	4.370	"I've gone over this list three times, and there isn't a single Ferris down."	6415_100596_000015_000000	4.370	"I've gone over this list three times, and there isn't a single Ferris down."
7264_92316_000016_000000	8.540	Though, however, certain of the Socialist Free Papers thus boldly took up a standpoint of moral equality with the others, their attitude was exceptional.	7264_92316_000016_000000	8.540	Though, however, certain of the Socialist Free Papers thus boldly took up a standpoint of moral equality with the others, their attitude was exceptional.
1963_142776_000050_000001	3.410	It is to be found on most of the sandy shores of Europe.	1963_142776_000050_000001	3.410	It is to be found on most of the sandy shores of Europe.
1841_150351_000006_000003	3.750	These holes were made for the purpose of grinding acorns or nuts.	1841_150351_000006_000003	3.750	These holes were made for the purpose of grinding acorns or nuts.
8238_283452_000029_000003	6.590	He demands no rag nor bone nor clank of chain of his old equipment to start on his career.	8238_283452_000029_000003	6.590	He demands no rag nor bone nor clank of chain of his old equipment to start on his career.
8630_305213_000019_000001	6.110	This extraordinary heresy had begun in the East, and had spread all over the civilized world.	8630_305213_000019_000001	6.110	This extraordinary heresy had begun in the East, and had spread all over the civilized world.
2002_139469_000017_000004	9.020	It drinks the dark blood of the inhabitant of the south, but it never feasts on the pale faced Celt.	2002_139469_000017_000004	9.020	It drinks the dark blood of the inhabitant of the south, but it never feasts on the pale faced Celt.
8468_294887_000012_000002	7.940	mr Tappan was, therefore, requested to furnish a few reminiscences from his own store house, which he kindly did as follows:	8468_294887_000012_000002	7.940	mr Tappan was, therefore, requested to furnish a few reminiscences from his own store house, which he kindly did as follows:
254_27760_000009_000000	6.200	The old man goes into indescribable ecstasies, breaks into loud laughter, and cries:	254_27760_000009_000000	6.200	The old man goes into indescribable ecstasies, breaks into loud laughter, and cries:
1970_28415_000020_000000	6.700	The next day Jesus returned to Jerusalem and again went to the Temple. This time he carried a whip.	1970_28415_000020_000000	6.700	The next day Jesus returned to Jerusalem and again went to the Temple. This time he carried a whip.
6385_34669_000023_000007	5.820	A gangway was thrown, like a Chinese bridge, from one deck to the other, over the centre of the hold.	6385_34669_000023_000007	5.820	A gangway was thrown, like a Chinese bridge, from one deck to the other, over the centre of the hold.
887_123289_000033_000001	5.250	Hans is a clever fellow, and I am sure he must have saved a large part of our cargo.	887_123289_000033_000001	5.250	Hans is a clever fellow, and I am sure he must have saved a large part of our cargo.
7402_59171_000011_000010	6.250	mr Shaw's comedies are repeatedly injured by a hurried alteration of atmosphere in this manner.	7402_59171_000011_000010	6.250	mr Shaw's comedies are repeatedly injured by a hurried alteration of atmosphere in this manner.
1737_142397_000028_000003	3.190	To day why not I, the trickster, the hypocrite?	1737_142397_000028_000003	3.190	To day why not I, the trickster, the hypocrite?
3983_5331_000003_000009	4.140	And Archibald generally submitted, for the force of habit is strong.	3983_5331_000003_000009	4.140	And Archibald generally submitted, for the force of habit is strong.
40_222_000017_000000	8.010	"To have so kind hearted, so affectionate a sister," replied Henry warmly, "must be a comfort to him under any distress."	40_222_000017_000000	8.010	"To have so kind hearted, so affectionate a sister," replied Henry warmly, "must be a comfort to him under any distress."
2952_407_000017_000001	4.560	He set down in front of her the covered jar,--which was heavy,--and they opened it together.	2952_407_000017_000001	4.560	He set down in front of her the covered jar,--which was heavy,--and they opened it together.
6385_220959_000023_000002	3.930	Certainly it is better if he be created from a living substance.	6385_220959_000023_000002	3.930	Certainly it is better if he be created from a living substance.
5867_48852_000082_000000	6.820	He made his way out by the front door, and through the churchyard, and in this way on to the field through which he had asked Lily to walk with him.	5867_48852_000082_000000	6.820	He made his way out by the front door, and through the churchyard, and in this way on to the field through which he had asked Lily to walk with him.
7859_102519_000004_000001	7.320	The two subsequent campaigns were equally unsuccessful, and the troops of the Caliph harried Cappadocia far and wide.	7859_102519_000004_000001	7.320	The two subsequent campaigns were equally unsuccessful, and the troops of the Caliph harried Cappadocia far and wide.
374_180298_000023_000000	5.690	But, sooner than the moral metamorphosis, a physical metamorphosis came about in Marguerite.	374_180298_000023_000000	5.690	But, sooner than the moral metamorphosis, a physical metamorphosis came about in Marguerite.
4088_158079_000149_000001	4.530	That would end the disturbance and it would make our shield of national justice somewhat brighter.	4088_158079_000149_000001	4.530	That would end the disturbance and it would make our shield of national justice somewhat brighter.
4160_14187_000015_000000	3.610	"A queer affair, Jervis; a very odd affair indeed.	4160_14187_000015_000000	3.610	"A queer affair, Jervis; a very odd affair indeed.
32_21634_000005_000002	3.750	And it was quickly found that every vote was for Brownie Beaver.	32_21634_000005_000002	3.750	And it was quickly found that every vote was for Brownie Beaver.
4051_11218_000004_000002	8.330	For a while, the warriors stood flourishing their weapons, clashing their swords against their shields, and boiling over with the red hot thirst for battle.	4051_11218_000004_000002	8.330	For a while, the warriors stood flourishing their weapons, clashing their swords against their shields, and boiling over with the red hot thirst for battle.
8123_275216_000033_000001	4.140	"The kings of the wood do not come till the whole company is assembled."	8123_275216_000033_000001	4.140	"The kings of the wood do not come till the whole company is assembled."
7264_92316_000006_000001	7.530	But such a Free Press in defence of religion (the pioneer of all the Free Press) arose in Ireland and in France and elsewhere.	7264_92316_000006_000001	7.530	But such a Free Press in defence of religion (the pioneer of all the Free Press) arose in Ireland and in France and elsewhere.
2092_145706_000046_000001	6.150	If he does this he may go free; if not he shall be hung as you have said.'	2092_145706_000046_000001	6.150	If he does this he may go free; if not he shall be hung as you have said.'
6818_76332_000012_000005	3.910	And I felt sure that he would see things differently when he was older.	6818_76332_000012_000005	3.910	And I felt sure that he would see things differently when he was older.
7226_86965_000008_000006	4.680	I tol' the cap'n what I wanted, but he said as how I was more use a takin' keer of the supplies.	7226_86965_000008_000006	4.680	I tol' the cap'n what I wanted, but he said as how I was more use a takin' keer of the supplies.
4297_13009_000060_000003	2.850	She said nothing of any extraordinary expenditure of money.	4297_13009_000060_000003	2.850	She said nothing of any extraordinary expenditure of money.
3879_174923_000035_000002	5.790	That he did not attend during the last Session I do know, and we presume that he has now abandoned his seat.	3879_174923_000035_000002	5.790	That he did not attend during the last Session I do know, and we presume that he has now abandoned his seat.
7367_86737_000042_000000	3.600	"But, excellency"--said Pastrini, still striving to gain his point.	7367_86737_000042_000000	3.600	"But, excellency"--said Pastrini, still striving to gain his point.
78_369_000023_000002	8.950	If I do, swear to me, Walton, that he shall not escape, that you will seek him and satisfy my vengeance in his death.	78_369_000023_000002	8.950	If I do, swear to me, Walton, that he shall not escape, that you will seek him and satisfy my vengeance in his death.
4362_15663_000032_000000	7.060	Frozen, blistered, famished, benumbed, our bodies seemed lost to us at times-all dead but the eyes.	4362_15663_000032_000000	7.060	Frozen, blistered, famished, benumbed, our bodies seemed lost to us at times-all dead but the eyes.
7178_34645_000029_000001	4.470	He said to himself that it had all been done to fulfil his intentions.	7178_34645_000029_000001	4.470	He said to himself that it had all been done to fulfil his intentions.
8123_275216_000005_000000	7.570	There were no railways either, and no cultivated fields, no ships on the sea, no books, for there was nobody who could read them.	8123_275216_000005_000000	7.570	There were no railways either, and no cultivated fields, no ships on the sea, no books, for there was nobody who could read them.
1116_132851_000008_000000	2.710	The young man glanced up in surprise, and asked who was there.	1116_132851_000008_000000	2.710	The young man glanced up in surprise, and asked who was there.
8098_278252_000036_000001	4.780	Chocolate is a favorite beverage of mine; besides, I wanted a hot drink.	8098_278252_000036_000001	4.780	Chocolate is a favorite beverage of mine; besides, I wanted a hot drink.
8609_262281_000004_000001	4.580	It took her scarcely two minutes to get there, for the houses were almost within view of each other.	8609_262281_000004_000001	4.580	It took her scarcely two minutes to get there, for the houses were almost within view of each other.
6000_55211_000065_000001	3.230	"I know how much you think of that teapot that was grandmother's.	6000_55211_000065_000001	3.230	"I know how much you think of that teapot that was grandmother's.
6836_61803_000027_000000	2.640	His demeanour is completely changed.	6836_61803_000027_000000	2.640	His demeanour is completely changed.
4137_11701_000003_000000	3.380	"But I don't mind what we do now," said Hyacinth happily.	4137_11701_000003_000000	3.380	"But I don't mind what we do now," said Hyacinth happily.
78_369_000061_000000	2.680	Great God! what a scene has just taken place!	78_369_000061_000000	2.680	Great God! what a scene has just taken place!
831_130746_000071_000002	4.700	The mute emotion of his face affected her strangely. She had to speak.	831_130746_000071_000002	4.700	The mute emotion of his face affected her strangely. She had to speak.
4813_248638_000022_000000	2.640	All ground is historic ground in Milton.	4813_248638_000022_000000	2.640	All ground is historic ground in Milton.
4214_7146_000043_000003	2.920	Oh, Marilla, I'm just overcome with woe."	4214_7146_000043_000003	2.920	Oh, Marilla, I'm just overcome with woe."
6064_56168_000020_000000	5.910	"Oh, well," said Nora laughing, "the whole thing is not worth quarreling about.	6064_56168_000020_000000	5.910	"Oh, well," said Nora laughing, "the whole thing is not worth quarreling about.
2289_152258_000030_000002	2.610	A splendid church was built for him in Medina.	2289_152258_000030_000002	2.610	A splendid church was built for him in Medina.
1183_128659_000029_000001	4.070	The stars are holes made in the sky, so that the light of heaven shines through.	1183_128659_000029_000001	4.070	The stars are holes made in the sky, so that the light of heaven shines through.
4406_16882_000018_000023	3.830	I took this to be some gracious answer to my earnest and unfeigned desire.	4406_16882_000018_000023	3.830	I took this to be some gracious answer to my earnest and unfeigned desire.
1502_122619_000035_000002	5.520	they are colored by the same sun, and their just men will hunt in the same grounds after death.	1502_122619_000035_000002	5.520	they are colored by the same sun, and their just men will hunt in the same grounds after death.
5322_7678_000004_000005	4.350	And strange to say, by noontime the feeling became actually pleasant.	5322_7678_000004_000005	4.350	And strange to say, by noontime the feeling became actually pleasant.
3486_166446_000042_000001	6.610	"We can do nothing, Goodwin-nothing. Whatever is to be steps forth now from the womb of Destiny."	3486_166446_000042_000001	6.610	"We can do nothing, Goodwin-nothing. Whatever is to be steps forth now from the womb of Destiny."
8609_283227_000005_000000	7.610	"Oh, sir, I know you would be vexed if you hadn't been told," he exclaimed, "and I am sure you will not be angry with me for troubling you."	8609_283227_000005_000000	7.610	"Oh, sir, I know you would be vexed if you hadn't been told," he exclaimed, "and I am sure you will not be angry with me for troubling you."
6476_96661_000004_000000	5.280	Then there came two men well skilled in the handling of ships-Tiphys and Nauplius.	6476_96661_000004_000000	5.280	Then there came two men well skilled in the handling of ships-Tiphys and Nauplius.
32_4137_000006_000010	5.130	How old is you?" addressing himself to a man who, from appearance, was not less than forty.	32_4137_000006_000010	5.130	How old is you?" addressing himself to a man who, from appearance, was not less than forty.
2092_145706_000050_000000	4.560	'If that's all you want done,' answered the wolf, 'you needn't worry yourself.	2092_145706_000050_000000	4.560	'If that's all you want done,' answered the wolf, 'you needn't worry yourself.
7178_34645_000037_000008	7.480	Advancing by such favour, and assuming grave and modest airs, Barkilphedro might become a somebody.	7178_34645_000037_000008	7.480	Advancing by such favour, and assuming grave and modest airs, Barkilphedro might become a somebody.
6000_55211_000044_000001	3.470	He picked up the teapot with careful rapture and examined it.	6000_55211_000044_000001	3.470	He picked up the teapot with careful rapture and examined it.
83_9960_000033_000006	7.700	That's the way I should have managed matters! People are perfectly right when they say that men are a deal stupider than women!	83_9960_000033_000006	7.700	That's the way I should have managed matters! People are perfectly right when they say that men are a deal stupider than women!
4195_186237_000021_000000	2.720	"So I was rich for half a day, and then poor as ever."	4195_186237_000021_000000	2.720	"So I was rich for half a day, and then poor as ever."
7067_76048_000019_000000	3.750	"What else could I do?" he asked aloud to nobody in particular.	7067_76048_000019_000000	3.750	"What else could I do?" he asked aloud to nobody in particular.
87_121553_000024_000000	6.380	And when it was created was his mind Replete with such a living energy, That in his mother her it made prophetic.	87_121553_000024_000000	6.380	And when it was created was his mind Replete with such a living energy, That in his mother her it made prophetic.
8609_283227_000028_000000	4.540	"I would have paid the church rate for the whole parish ten times over before such a thing should have happened.	8609_283227_000028_000000	4.540	"I would have paid the church rate for the whole parish ten times over before such a thing should have happened.
1624_142933_000018_000005	5.750	While Rosebreast sang, mrs Grosbeak was very busily picking buds and blossoms from the tree.	1624_142933_000018_000005	5.750	While Rosebreast sang, mrs Grosbeak was very busily picking buds and blossoms from the tree.
5808_54425_000019_000000	5.970	Her eyes blazed back at him, but she sang on insolently, tauntingly.	5808_54425_000019_000000	5.970	Her eyes blazed back at him, but she sang on insolently, tauntingly.
1743_142913_000010_000002	2.700	It is so quiet and restful that I love it.	1743_142913_000010_000002	2.700	It is so quiet and restful that I love it.
3879_173592_000013_000004	4.160	The energy of reviving hope lent new life to their exhausted frames.	3879_173592_000013_000004	4.160	The energy of reviving hope lent new life to their exhausted frames.
7078_271888_000107_000000	6.140	The effect produced was startling, and none could have been more astonished at the result of my daubing than myself.	7078_271888_000107_000000	6.140	The effect produced was startling, and none could have been more astonished at the result of my daubing than myself.
8609_262281_000046_000002	5.180	Dressing and reading takes me just an hour; for the other hour I find plenty of occupation.	8609_262281_000046_000002	5.180	Dressing and reading takes me just an hour; for the other hour I find plenty of occupation.
6019_3185_000033_000000	7.820	Three weeks had passed since the murder at mr Weishaupt's-three weeks the most agitated that had been known in this sequestered city.	6019_3185_000033_000000	7.820	Three weeks had passed since the murder at mr Weishaupt's-three weeks the most agitated that had been known in this sequestered city.
1246_124550_000018_000003	6.440	Some day-oh, she'd have to take him back to open fields and the right to climb about hay lofts.	1246_124550_000018_000003	6.440	Some day-oh, she'd have to take him back to open fields and the right to climb about hay lofts.
8419_286676_000034_000001	3.210	"Always trying to show how much more clever she is than other people.	8419_286676_000034_000001	3.210	"Always trying to show how much more clever she is than other people.
4297_13009_000020_000003	7.270	But, as the old Duke had said, they were close friends, and prepared to fight together any battle which might keep them in their present position.	4297_13009_000020_000003	7.270	But, as the old Duke had said, they were close friends, and prepared to fight together any battle which might keep them in their present position.
7800_283478_000047_000001	2.800	"I got caught there, and it keeps on burning like a hot iron.	7800_283478_000047_000001	2.800	"I got caught there, and it keeps on burning like a hot iron.
8088_284756_000143_000003	5.110	I remembered only that a note had been sounded that awoke an echo of a long forgotten instinct.	8088_284756_000143_000003	5.110	I remembered only that a note had been sounded that awoke an echo of a long forgotten instinct.
1263_138246_000027_000000	7.540	For some moments the three travelers looked at each other. Then they began to examine the objects imprisoned with them.	1263_138246_000027_000000	7.540	For some moments the three travelers looked at each other. Then they began to examine the objects imprisoned with them.
6272_70191_000003_000006	4.640	Mother hated it, too, for she had never worn out the garments made for Grand'ther Warren.	6272_70191_000003_000006	4.640	Mother hated it, too, for she had never worn out the garments made for Grand'ther Warren.
1088_134318_000002_000003	4.610	He remembered the day well because it was Candlemas day, and this was the anniversary.	1088_134318_000002_000003	4.610	He remembered the day well because it was Candlemas day, and this was the anniversary.
5339_14134_000064_000001	3.540	Her father was right in saying that she might not have set out for Yesterbarrow.	5339_14134_000064_000001	3.540	Her father was right in saying that she might not have set out for Yesterbarrow.
8123_275209_000033_000000	5.330	"I told you you would not believe me!" cried the Lark, nettled in his turn.	8123_275209_000033_000000	5.330	"I told you you would not believe me!" cried the Lark, nettled in his turn.
5652_39938_000025_000001	3.800	How psychotherapy is related to the church will interest us later.	5652_39938_000025_000001	3.800	How psychotherapy is related to the church will interest us later.
2910_131096_000031_000000	5.270	Psyche obediently went to the riverside, prepared to do her best to execute the command.	2910_131096_000031_000000	5.270	Psyche obediently went to the riverside, prepared to do her best to execute the command.
7190_90542_000023_000001	4.080	The ground in the wood was searched at the time, and I have been over it carefully since.	7190_90542_000023_000001	4.080	The ground in the wood was searched at the time, and I have been over it carefully since.
2836_5354_000007_000009	8.570	A stranger might have attributed these signs to the state of her health; she knew better -knew that they were the effects of her wretched mind and heart.	2836_5354_000007_000009	8.570	A stranger might have attributed these signs to the state of her health; she knew better -knew that they were the effects of her wretched mind and heart.
412_126975_000042_000002	5.460	Not blacking faces or sitting on hats, if you don't like those-but something of the sort.	412_126975_000042_000002	5.460	Not blacking faces or sitting on hats, if you don't like those-but something of the sort.
5322_7679_000002_000005	8.830	The Cossacks paid little attention to him, first because he was smoking a cigarette, and secondly because they had something else to divert them that evening.	5322_7679_000002_000005	8.830	The Cossacks paid little attention to him, first because he was smoking a cigarette, and secondly because they had something else to divert them that evening.
7800_283493_000050_000001	9.050	He had been in one or two himself, and would not care to repeat certain experiences that had come his way, unless well provided against hunger and bitter cold.	7800_283493_000050_000001	9.050	He had been in one or two himself, and would not care to repeat certain experiences that had come his way, unless well provided against hunger and bitter cold.
7367_86737_000131_000016	5.910	No other of the bandits would, perhaps, have done the same; but they all understood what Carlini had done.	7367_86737_000131_000016	5.910	No other of the bandits would, perhaps, have done the same; but they all understood what Carlini had done.
3486_166446_000079_000001	4.220	Now it was a tremendous rhythmic cannonading. The Thing halted.	3486_166446_000079_000001	4.220	Now it was a tremendous rhythmic cannonading. The Thing halted.
7794_295955_000002_000015	7.330	I know that you will be glad to liberate yourself from that pest." The old woman interrupted him: "How should I not?	7794_295955_000002_000015	7.330	I know that you will be glad to liberate yourself from that pest." The old woman interrupted him: "How should I not?
6064_300880_000043_000005	3.460	"One half won't know how the other half lives till they get there.	6064_300880_000043_000005	3.460	"One half won't know how the other half lives till they get there.
8088_284756_000148_000002	2.960	You, together with all mankind, came up out of the sea.	8088_284756_000148_000002	2.960	You, together with all mankind, came up out of the sea.
8419_293473_000006_000002	2.860	Oh, no! I think they will hatch where they are.	8419_293473_000006_000002	2.860	Oh, no! I think they will hatch where they are.
7302_86814_000056_000000	3.010	"And there will be fine doings, if you do not take care."	7302_86814_000056_000000	3.010	"And there will be fine doings, if you do not take care."
887_123289_000034_000003	6.630	On my arrival on the shore I found Hans surrounded by an assemblage of articles all arranged in good order.	887_123289_000034_000003	6.630	On my arrival on the shore I found Hans surrounded by an assemblage of articles all arranged in good order.
6367_65536_000039_000003	7.410	In the quiet places and the green ways she had found what he had failed to find-the secret of happiness and content.	6367_65536_000039_000003	7.410	In the quiet places and the green ways she had found what he had failed to find-the secret of happiness and content.
4853_29413_000026_000001	3.640	"I didn't dare speak to you about it; you wouldn't have believed me.	4853_29413_000026_000001	3.640	"I didn't dare speak to you about it; you wouldn't have believed me.
1624_142933_000025_000000	6.590	The look of terror which had been in the eyes of Redcoat died out, and he stopped fluttering and simply lay panting.	1624_142933_000025_000000	6.590	The look of terror which had been in the eyes of Redcoat died out, and he stopped fluttering and simply lay panting.
7517_100442_000007_000006	5.170	If he is wrong the first time, he never fails to recover with his second.	7517_100442_000007_000006	5.170	If he is wrong the first time, he never fails to recover with his second.
40_121026_000239_000003	7.490	Indeed, I expected it, for it is a family inheritance; both my father and grandfather died of it in a third attack.	40_121026_000239_000003	7.490	Indeed, I expected it, for it is a family inheritance; both my father and grandfather died of it in a third attack.
8324_286683_000025_000002	6.170	She told them that they should leave the place at once, and not one of them should even set foot in the old nest.	8324_286683_000025_000002	6.170	She told them that they should leave the place at once, and not one of them should even set foot in the old nest.
831_130739_000010_000007	8.170	The right leg would be found to be bruised in a marvellous manner all about and under the knee, and particularly on the interior aspect of the knee.	831_130739_000010_000007	8.170	The right leg would be found to be bruised in a marvellous manner all about and under the knee, and particularly on the interior aspect of the knee.
87_121553_000242_000000	7.500	Already rising was, but from low people; So that it pleased not Ubertin Donato That his wife's father should make him their kin.	87_121553_000242_000000	7.500	Already rising was, but from low people; So that it pleased not Ubertin Donato That his wife's father should make him their kin.
83_11691_000076_000005	5.390	Probably as a child Hyacinth had kept rabbits . . . or lambs.	83_11691_000076_000005	5.390	Probably as a child Hyacinth had kept rabbits . . . or lambs.
6367_74004_000013_000001	2.650	I know he writes to Em White in vacations.	6367_74004_000013_000001	2.650	I know he writes to Em White in vacations.
250_142276_000006_000006	8.290	With the healthy shame of a child, she blamed herself for her keenness of sight, in perceiving that all was not as it should be there.	250_142276_000006_000006	8.290	With the healthy shame of a child, she blamed herself for her keenness of sight, in perceiving that all was not as it should be there.
1040_133433_000138_000001	6.440	He gave a cry of pain; and when the tall beautiful creature stooped to lift him in her arms he drew back sharply.	1040_133433_000138_000001	6.440	He gave a cry of pain; and when the tall beautiful creature stooped to lift him in her arms he drew back sharply.
5561_41616_000011_000000	4.180	There was a burst of laughter from the girls at this effusion, in which Nora herself joined.	5561_41616_000011_000000	4.180	There was a burst of laughter from the girls at this effusion, in which Nora herself joined.
4051_10927_000026_000001	5.930	"Perhaps I am mistaken, but believe me, what I say, I say as much for myself as for you.	4051_10927_000026_000001	5.930	"Perhaps I am mistaken, but believe me, what I say, I say as much for myself as for you.
4018_103416_000070_000003	5.030	Audrey Valentine has telephoned that she has just got in, and finds she hasn't enough.	4018_103416_000070_000003	5.030	Audrey Valentine has telephoned that she has just got in, and finds she hasn't enough.
7800_283492_000048_000000	9.410	"If we don't get another while we're up here in the Big Woods," said Jerry, suppressing the natural twinge of jealousy he felt, "we ought to be satisfied with our bag.	7800_283492_000048_000000	9.410	"If we don't get another while we're up here in the Big Woods," said Jerry, suppressing the natural twinge of jealousy he felt, "we ought to be satisfied with our bag.
1502_122619_000016_000000	4.990	The other acknowledged the pacific compliment by a gesture of the hand, and remained silent.	1502_122619_000016_000000	4.990	The other acknowledged the pacific compliment by a gesture of the hand, and remained silent.
7178_34644_000056_000000	8.240	The sheriff took the gourd, and turned to the light one of its sides, which had, no doubt, been cleaned for the ends of justice.	7178_34644_000056_000000	8.240	The sheriff took the gourd, and turned to the light one of its sides, which had, no doubt, been cleaned for the ends of justice.
1447_17506_000029_000002	4.060	It is the same as the 'Blue Book' or the 'Peerage' of England.	1447_17506_000029_000002	4.060	It is the same as the 'Blue Book' or the 'Peerage' of England.
1502_122615_000009_000000	4.900	"My Canada father does not forget his children," said the chief; "I thank him.	1502_122615_000009_000000	4.900	"My Canada father does not forget his children," said the chief; "I thank him.
6367_65536_000037_000004	8.750	I have come back to the old valley seeking for what might satisfy, but I have little hope of finding it, unless-unless-"	6367_65536_000037_000004	8.750	I have come back to the old valley seeking for what might satisfy, but I have little hope of finding it, unless-unless-"
4195_186236_000044_000000	5.130	"You ought to travel, and visit the art centers of Europe, and I shall try to find a competent tutor to go with you."	4195_186236_000044_000000	5.130	"You ought to travel, and visit the art centers of Europe, and I shall try to find a competent tutor to go with you."
5750_100289_000001_000000	3.110	THE INDIAN IN COLLEGE AND THE PROFESSIONS	5750_100289_000001_000000	3.110	THE INDIAN IN COLLEGE AND THE PROFESSIONS
3440_171009_000035_000000	6.340	"I won't break it, Elsie, indeed I won't," replied Flora, confidently; and Elsie sat down to her game again.	3440_171009_000035_000000	6.340	"I won't break it, Elsie, indeed I won't," replied Flora, confidently; and Elsie sat down to her game again.
5561_39621_000078_000001	7.490	No, no; I have two arms, Parry, and I have a sword." And he struck his arm violently with his hand, and took down his sword, which hung against the wall.	5561_39621_000078_000001	7.490	No, no; I have two arms, Parry, and I have a sword." And he struck his arm violently with his hand, and took down his sword, which hung against the wall.
4195_186238_000059_000000	3.470	"Your expenses are nothing at all," declared the Major, with a wave of his hand.	4195_186238_000059_000000	3.470	"Your expenses are nothing at all," declared the Major, with a wave of his hand.
6529_62554_000017_000004	8.940	Therefore, whoever he may be, whether shipwrecked, or exiled on our island, we shall be ungrateful, if we think ourselves freed from gratitude towards him.	6529_62554_000017_000004	8.940	Therefore, whoever he may be, whether shipwrecked, or exiled on our island, we shall be ungrateful, if we think ourselves freed from gratitude towards him.
6209_34600_000022_000002	4.010	People would not even open their windows for fear of inhaling the poison.	6209_34600_000022_000002	4.010	People would not even open their windows for fear of inhaling the poison.
6064_56165_000055_000000	3.060	"Oh, she is lovely," added Edith.	6064_56165_000055_000000	3.060	"Oh, she is lovely," added Edith.
250_142286_000022_000000	5.780	'I have not always an ailment,' said Fanny, pettishly; 'and I am not going with mamma.	250_142286_000022_000000	5.780	'I have not always an ailment,' said Fanny, pettishly; 'and I am not going with mamma.
2391_145015_000035_000000	4.010	I remember to have heard of only two little things different from modern customs.	2391_145015_000035_000000	4.010	I remember to have heard of only two little things different from modern customs.
118_47824_000049_000006	3.320	He would make it practically impossible for Bobby to refuse his hospitality.	118_47824_000049_000006	3.320	He would make it practically impossible for Bobby to refuse his hospitality.
7367_86737_000123_000000	6.730	"It so happened that night that Cucumetto had sent Carlini to a village, so that he had been unable to go to the place of meeting.	7367_86737_000123_000000	6.730	"It so happened that night that Cucumetto had sent Carlini to a village, so that he had been unable to go to the place of meeting.
460_172357_000008_000000	7.900	I have written a number of things in connection with my college life-a book on Political Science, and many essays, magazine articles, and so on.	460_172357_000008_000000	7.900	I have written a number of things in connection with my college life-a book on Political Science, and many essays, magazine articles, and so on.
374_180298_000023_000004	7.260	In spite of herself, Marguerite got accustomed to this new existence, whose salutary effects she already realized.	374_180298_000023_000004	7.260	In spite of herself, Marguerite got accustomed to this new existence, whose salutary effects she already realized.
7517_100429_000004_000007	5.580	But, anyhow, it is fairly fine now, and what about a little lawn tennis?	7517_100429_000004_000007	5.580	But, anyhow, it is fairly fine now, and what about a little lawn tennis?
302_123516_000022_000000	5.630	Bar Comas had much the better of the battle as he was stronger, quicker and more intelligent.	302_123516_000022_000000	5.630	Bar Comas had much the better of the battle as he was stronger, quicker and more intelligent.
8630_305213_000003_000000	4.620	Patricius had not much in the way of worldly goods to leave to his wife.	8630_305213_000003_000000	4.620	Patricius had not much in the way of worldly goods to leave to his wife.
1743_142912_000030_000001	8.840	"What I want to know is, why should Cresty the Flycatcher ask me to please let him know if I found any cast off suits of the Snake family?	1743_142912_000030_000001	8.840	"What I want to know is, why should Cresty the Flycatcher ask me to please let him know if I found any cast off suits of the Snake family?
8465_246947_000041_000003	2.820	No, Helen; when I trust, I trust out and out."	8465_246947_000041_000003	2.820	No, Helen; when I trust, I trust out and out."
8108_274318_000010_000000	8.480	For ruined it was, and terrible it was, and the mark of spiritual evil was branded everywhere upon its broken features.	8108_274318_000010_000000	8.480	For ruined it was, and terrible it was, and the mark of spiritual evil was branded everywhere upon its broken features.
8108_280359_000009_000004	2.660	Loki swam backwards and forwards between them.	8108_280359_000009_000004	2.660	Loki swam backwards and forwards between them.
3699_19402_000018_000000	3.790	--It looks well at least; quoth my father to himself.	3699_19402_000018_000000	3.790	--It looks well at least; quoth my father to himself.
7067_76047_000028_000008	7.300	And you-if you will forgive me-are living in the patched up remains of a life that had already had its complications.	7067_76047_000028_000008	7.300	And you-if you will forgive me-are living in the patched up remains of a life that had already had its complications.
7780_274562_000006_000003	8.770	He comprehended, moreover, the true character, the august aims, the supreme majesty and dignity of the poetic sentiment.	7780_274562_000006_000003	8.770	He comprehended, moreover, the true character, the august aims, the supreme majesty and dignity of the poetic sentiment.
3879_174923_000016_000000	5.020	"Oh yes, we do; because, if they wasn't paid, the money would come to us to do as we pleased with it.	3879_174923_000016_000000	5.020	"Oh yes, we do; because, if they wasn't paid, the money would come to us to do as we pleased with it.
6531_61334_000009_000001	5.010	It was promoted by the Nairi tribes, and even supported by some Assyrian officials.	6531_61334_000009_000001	5.010	It was promoted by the Nairi tribes, and even supported by some Assyrian officials.
2518_154825_000015_000002	6.120	And Maskew, too, will keep them in check a little, while they try to bring the life back to so good a man.	2518_154825_000015_000002	6.120	And Maskew, too, will keep them in check a little, while they try to bring the life back to so good a man.
1116_132847_000046_000000	7.610	But though Houarn held his peace, he was not as happy as before. Something seemed to have gone wrong, and then he suddenly remembered Bellah.	1116_132847_000046_000000	7.610	But though Houarn held his peace, he was not as happy as before. Something seemed to have gone wrong, and then he suddenly remembered Bellah.
5104_33407_000015_000001	2.730	There were no kings in Iceland or in Greenland.	5104_33407_000015_000001	2.730	There were no kings in Iceland or in Greenland.
6272_70171_000002_000004	4.200	Pretty houses stood round it, and streets branched from it in all directions.	6272_70171_000002_000004	4.200	Pretty houses stood round it, and streets branched from it in all directions.
27_123349_000010_000005	7.090	The personal interest of William was also on this occasion identical with the interest of his father in law.	27_123349_000010_000005	7.090	The personal interest of William was also on this occasion identical with the interest of his father in law.
5339_14134_000039_000001	2.860	Alice was away, looking up Philip's things for his journey.	5339_14134_000039_000001	2.860	Alice was away, looking up Philip's things for his journey.
3436_172171_000008_000000	3.000	Perceval journeyed on till he arrived at Arthur's court.	3436_172171_000008_000000	3.000	Perceval journeyed on till he arrived at Arthur's court.
4214_7146_000009_000004	3.720	Oh, Marilla, can I use the rosebud spray tea set?"	4214_7146_000009_000004	3.720	Oh, Marilla, can I use the rosebud spray tea set?"
6078_54007_000043_000002	5.550	There was the door at the end of the room, but when he came to look there was no key hole to it.	6078_54007_000043_000002	5.550	There was the door at the end of the room, but when he came to look there was no key hole to it.
8014_112586_000019_000000	5.060	The ordinary history of our country has been written by many, and the reader has a wide choice.	8014_112586_000019_000000	5.060	The ordinary history of our country has been written by many, and the reader has a wide choice.
3240_131231_000032_000000	5.380	Those fishes-still alive-were exhibited at the Zoological Gardens, Regent's Park.	3240_131231_000032_000000	5.380	Those fishes-still alive-were exhibited at the Zoological Gardens, Regent's Park.
669_129074_000003_000002	7.200	She picketed her steed, hung up her weapons, and warmed herself comfortably by his fire.	669_129074_000003_000002	7.200	She picketed her steed, hung up her weapons, and warmed herself comfortably by his fire.
5561_41615_000004_000001	3.650	Such a thing had not happened since the basketball trouble the previous year.	5561_41615_000004_000001	3.650	Such a thing had not happened since the basketball trouble the previous year.
5867_48852_000072_000005	9.340	"I should be disgraced in my own eyes if I admitted the love of another man!" They were terrible words, but very easy to be understood.	5867_48852_000072_000005	9.340	"I should be disgraced in my own eyes if I admitted the love of another man!" They were terrible words, but very easy to be understood.
7511_102419_000028_000012	4.940	Still, when they see elk every day it is a great temptation to try a shot.	7511_102419_000028_000012	4.940	Still, when they see elk every day it is a great temptation to try a shot.
460_172359_000064_000002	7.180	They made no rash promises, just admitted straight out that the enterprise might realise four hundred per cent. or might conceivably make less.	460_172359_000064_000002	7.180	They made no rash promises, just admitted straight out that the enterprise might realise four hundred per cent. or might conceivably make less.
8324_286682_000006_000000	7.710	There was one old Mink by the river who had a white tip on his tail, and that is something which many people have never seen.	8324_286682_000006_000000	7.710	There was one old Mink by the river who had a white tip on his tail, and that is something which many people have never seen.
2416_152139_000025_000002	3.060	I dare say it would take me half an hour to open it.	2416_152139_000025_000002	3.060	I dare say it would take me half an hour to open it.
4406_16883_000013_000003	3.440	Then they packed up their things to be gone, and gave me my load.	4406_16883_000013_000003	3.440	Then they packed up their things to be gone, and gave me my load.
8580_287364_000025_000000	5.840	"I think that all he is waiting for is a favorable chance," declared the diamond seeker.	8580_287364_000025_000000	5.840	"I think that all he is waiting for is a favorable chance," declared the diamond seeker.
4441_76262_000045_000000	5.480	"What's that?" laughed Agnes, opening the box and taking out a six barrelled revolver.	4441_76262_000045_000000	5.480	"What's that?" laughed Agnes, opening the box and taking out a six barrelled revolver.
6367_65536_000015_000002	9.120	Yet it might be he had chosen the better part, to dwell thus on the land of his fathers, with a wife won in youth, and children to grow up around him.	6367_65536_000015_000002	9.120	Yet it might be he had chosen the better part, to dwell thus on the land of his fathers, with a wife won in youth, and children to grow up around him.
1867_148436_000065_000000	2.690	"'All right,' says the tenderfoot, 'here's the money.'	1867_148436_000065_000000	2.690	"'All right,' says the tenderfoot, 'here's the money.'
6081_41997_000015_000000	3.450	"Like most of the girls who go to dance at the Rainbow.	6081_41997_000015_000000	3.450	"Like most of the girls who go to dance at the Rainbow.
7780_274562_000008_000017	3.910	Yet his reasons have not yet been matured into expression.	7780_274562_000008_000017	3.910	Yet his reasons have not yet been matured into expression.
7780_274562_000004_000004	3.230	His bride was the loveliest and most devoted of women.	7780_274562_000004_000004	3.230	His bride was the loveliest and most devoted of women.
8465_246947_000028_000001	4.640	Helen," he said, "that IS a good fellow, SUCH a good fellow!"	8465_246947_000028_000001	4.640	Helen," he said, "that IS a good fellow, SUCH a good fellow!"
3830_12535_000020_000000	5.150	When we came to consider how the party should proceed, I advised the over mountain trip.	3830_12535_000020_000000	5.150	When we came to consider how the party should proceed, I advised the over mountain trip.
6181_216552_000036_000003	9.220	Thus the soil came to be appropriated through need of the equality which is essential to public security and peaceable possession.	6181_216552_000036_000003	9.220	Thus the soil came to be appropriated through need of the equality which is essential to public security and peaceable possession.
696_92939_000012_000003	7.040	It was not fitting, they thought, that an enemy should be engaged in works of mercy, even though they themselves might benefit thereby.	696_92939_000012_000003	7.040	It was not fitting, they thought, that an enemy should be engaged in works of mercy, even though they themselves might benefit thereby.
8098_278278_000013_000000	3.230	"What do you say?" Pod inquired, turning to Coonskin.	8098_278278_000013_000000	3.230	"What do you say?" Pod inquired, turning to Coonskin.
1502_122619_000016_000001	6.680	Then Magua, as if recalled to such a recollection, by the allusion to the massacre, demanded:	1502_122619_000016_000001	6.680	Then Magua, as if recalled to such a recollection, by the allusion to the massacre, demanded:
1069_133699_000006_000000	3.100	"I don't know what you mean," Henrietta replied.	1069_133699_000006_000000	3.100	"I don't know what you mean," Henrietta replied.
696_93314_000032_000002	3.960	And you-I hope it won't be as hard for you as it will for me."	696_93314_000032_000002	3.960	And you-I hope it won't be as hard for you as it will for me."
8468_295198_000037_000004	3.560	I always did tell you that your passion for water injured your singing.	8468_295198_000037_000004	3.560	I always did tell you that your passion for water injured your singing.
40_121026_000219_000000	4.320	"Alas," faltered out the abbe, "all is over with me.	40_121026_000219_000000	4.320	"Alas," faltered out the abbe, "all is over with me.
7226_86964_000011_000000	8.040	The thunder storm which had been threatening since early morning, soon burst upon us with a preliminary wind blast, followed by drenching rain.	7226_86964_000011_000000	8.040	The thunder storm which had been threatening since early morning, soon burst upon us with a preliminary wind blast, followed by drenching rain.
4014_186183_000049_000001	4.180	Well, the officer being a pretty good pilot, we decided to have that machine.	4014_186183_000049_000001	4.180	Well, the officer being a pretty good pilot, we decided to have that machine.
6019_3185_000033_000011	3.280	How, therefore, or when could they have made an enemy?	6019_3185_000033_000011	3.280	How, therefore, or when could they have made an enemy?
5652_19215_000024_000017	8.150	For my part, I am of the opinion of the big clock of Strasburg, and I prefer it to the cuckoo clock from the Black Forest."	5652_19215_000024_000017	8.150	For my part, I am of the opinion of the big clock of Strasburg, and I prefer it to the cuckoo clock from the Black Forest."
6437_66172_000005_000002	7.550	I replied that I was not too weak, in a tone which I intended to be resolute, but which, in spite of me, seemed to come from the pit of my stomach.	6437_66172_000005_000002	7.550	I replied that I was not too weak, in a tone which I intended to be resolute, but which, in spite of me, seemed to come from the pit of my stomach.
669_129074_000026_000002	2.510	Georgy jumped at the idea of a move.	669_129074_000026_000002	2.510	Georgy jumped at the idea of a move.
4137_11701_000034_000000	3.640	"Shall we tell him?" said Coronel, with a smile at Hyacinth.	4137_11701_000034_000000	3.640	"Shall we tell him?" said Coronel, with a smile at Hyacinth.
6019_3185_000030_000006	4.910	Many people stepped forward and checked his arm, uplifted for a repetition of this outrage.	6019_3185_000030_000006	4.910	Many people stepped forward and checked his arm, uplifted for a repetition of this outrage.
27_123349_000006_000002	2.770	In one point, however, he was vulnerable.	27_123349_000006_000002	2.770	In one point, however, he was vulnerable.
5163_18515_000058_000000	5.260	"It's well that we've got so many pictures, for the people at home would never believe our stories without them."	5163_18515_000058_000000	5.260	"It's well that we've got so many pictures, for the people at home would never believe our stories without them."
5022_29405_000102_000004	5.610	I was shocked; I was grieved; I was more than ever secretly resolved to go back to her.	5022_29405_000102_000004	5.610	I was shocked; I was grieved; I was more than ever secretly resolved to go back to her.
3857_182317_000007_000011	2.660	What was it then, that put them out of the race?	3857_182317_000007_000011	2.660	What was it then, that put them out of the race?
8629_261139_000030_000001	3.490	As by one impulse men and women broke into a tumult.	8629_261139_000030_000001	3.490	As by one impulse men and women broke into a tumult.
4640_19187_000022_000007	7.940	The lofty house which formed the back of the barricade, being turned to the East, had upon its roof a rosy reflection.	4640_19187_000022_000007	7.940	The lofty house which formed the back of the barricade, being turned to the East, had upon its roof a rosy reflection.
2514_149482_000010_000003	3.110	"Remember, mrs Stringham, that you weren't then present."	2514_149482_000010_000003	3.110	"Remember, mrs Stringham, that you weren't then present."
4340_15220_000028_000000	8.650	"Come on, Brown; you'll be a first rate fellow to show us round, as you know all the dodges," said Billy, anxious to get his money's worth.	4340_15220_000028_000000	8.650	"Come on, Brown; you'll be a first rate fellow to show us round, as you know all the dodges," said Billy, anxious to get his money's worth.
8468_286673_000025_000001	6.690	Then he was very, very tired, but he wanted so much to get back to his home in the pond that he started at once by moonlight.	8468_286673_000025_000001	6.690	Then he was very, very tired, but he wanted so much to get back to his home in the pond that he started at once by moonlight.
1737_142396_000010_000007	6.200	Perhaps, indeed, it was one of their best qualities that they spent the greater part of their time stuffily indoors.	1737_142396_000010_000007	6.200	Perhaps, indeed, it was one of their best qualities that they spent the greater part of their time stuffily indoors.
6454_93938_000021_000001	5.320	My surprise can be imagined when, at its conclusion, mr Camp said,--	6454_93938_000021_000001	5.320	My surprise can be imagined when, at its conclusion, mr Camp said,--
1263_138246_000056_000001	4.110	A few instants alone separate us from an eventful moment.	1263_138246_000056_000001	4.110	A few instants alone separate us from an eventful moment.
4788_294466_000023_000000	2.750	"Because he had to do the milking," Mary replied simply.	4788_294466_000023_000000	2.750	"Because he had to do the milking," Mary replied simply.
6415_100596_000066_000000	4.800	A few days later Priscilla received another note directed in the hand she had come to dread.	6415_100596_000066_000000	4.800	A few days later Priscilla received another note directed in the hand she had come to dread.
7402_59171_000005_000006	3.700	But this is only the Billingsgate of our exasperation.	7402_59171_000005_000006	3.700	But this is only the Billingsgate of our exasperation.
2182_181183_000028_000001	7.740	The boy was out of breath with running; so much out of breath, in fact, that he could scarcely speak as he threw the paper down on the counter.	2182_181183_000028_000001	7.740	The boy was out of breath with running; so much out of breath, in fact, that he could scarcely speak as he threw the paper down on the counter.
7505_83618_000013_000000	7.450	His emblematic name, the Bird Serpent, and his rebus and cross at Palenque, I have already explained.	7505_83618_000013_000000	7.450	His emblematic name, the Bird Serpent, and his rebus and cross at Palenque, I have already explained.
5456_24741_000008_000001	3.070	I have amply illustrated this in the Appendix to Part one	5456_24741_000008_000001	3.070	I have amply illustrated this in the Appendix to Part one
40_121026_000201_000001	7.560	The young man, in reply, took up the chisel, bent it into the form of a horseshoe, and then as readily straightened it.	40_121026_000201_000001	7.560	The young man, in reply, took up the chisel, bent it into the form of a horseshoe, and then as readily straightened it.
6081_42010_000029_000001	8.490	"Ah, sir," said he, despondently, "to think that I didn't draw out of this woman everything she knew, when I might have done so easily.	6081_42010_000029_000001	8.490	"Ah, sir," said he, despondently, "to think that I didn't draw out of this woman everything she knew, when I might have done so easily.
1502_122619_000003_000003	5.480	The instruments of the chase were to be seen in abundance among the lodges; but none departed.	1502_122619_000003_000003	5.480	The instruments of the chase were to be seen in abundance among the lodges; but none departed.
3259_158083_000051_000000	4.050	mrs Cosu called out, "They have just thrown mrs Lewis in here, too."	3259_158083_000051_000000	4.050	mrs Cosu called out, "They have just thrown mrs Lewis in here, too."
4788_91208_000006_000001	5.330	It visibly takes the lead, it looks big and important, and it makes a great noise.	4788_91208_000006_000001	5.330	It visibly takes the lead, it looks big and important, and it makes a great noise.
6415_116629_000036_000000	6.730	The moon peeped out from between the flying clouds, and shone peacefully down upon the trees and the neat flower beds.	6415_116629_000036_000000	6.730	The moon peeped out from between the flying clouds, and shone peacefully down upon the trees and the neat flower beds.
3526_176653_000030_000000	3.570	The little girl gave a shrill answering cry, but she did not move.	3526_176653_000030_000000	3.570	The little girl gave a shrill answering cry, but she did not move.
587_54108_000059_000000	4.350	"You will have to excuse my turning my back on you, mrs Levice," he said pleasantly.	587_54108_000059_000000	4.350	"You will have to excuse my turning my back on you, mrs Levice," he said pleasantly.
2391_145015_000017_000005	6.360	The sympathy of Jane was probably, from her age, and her peculiar attachment to her sister, the deepest of all.	2391_145015_000017_000005	6.360	The sympathy of Jane was probably, from her age, and her peculiar attachment to her sister, the deepest of all.
3259_158083_000015_000001	3.820	Charles w Barnes, Indianapolis. Oklahoma mrs	3259_158083_000015_000001	3.820	Charles w Barnes, Indianapolis. Oklahoma mrs
3214_167606_000025_000002	3.890	The Emperor had written to Count Rostopchin as follows:	3214_167606_000025_000002	3.890	The Emperor had written to Count Rostopchin as follows:
4160_11550_000028_000002	2.880	I remember hearing mr Oglethorpe say once you would be."	4160_11550_000028_000002	2.880	I remember hearing mr Oglethorpe say once you would be."
8797_294123_000032_000000	4.270	Measured by what religion means to us, the Japanese is a race without religion.	8797_294123_000032_000000	4.270	Measured by what religion means to us, the Japanese is a race without religion.
5022_29411_000014_000007	3.400	Both, I have no doubt, at your age. Good bye."	5022_29411_000014_000007	3.400	Both, I have no doubt, at your age. Good bye."
8838_298545_000034_000008	3.370	Montgomery seated in the midst of them, looked from one to the other.	8838_298545_000034_000008	3.370	Montgomery seated in the midst of them, looked from one to the other.
5393_19218_000034_000000	6.320	These carriages, or to speak more correctly, these wagon loads of maskers are very familiar to Parisians.	5393_19218_000034_000000	6.320	These carriages, or to speak more correctly, these wagon loads of maskers are very familiar to Parisians.
6078_54007_000053_000000	3.480	The queen looked up and screamed, and the Fiddler climbed down.	6078_54007_000053_000000	3.480	The queen looked up and screamed, and the Fiddler climbed down.
5393_19219_000047_000049	8.290	Which of you has seen the planet Venus, the coquette of the abyss, the Celimene of the ocean, rise in the infinite, calming all here below?	5393_19219_000047_000049	8.290	Which of you has seen the planet Venus, the coquette of the abyss, the Celimene of the ocean, rise in the infinite, calming all here below?
4214_7146_000044_000000	2.520	Marilla stared in blank amazement.	4214_7146_000044_000000	2.520	Marilla stared in blank amazement.
6272_70168_000027_000005	3.600	Hepsey was stationed by the bannock, knife in hand, to serve it.	6272_70168_000027_000005	3.600	Hepsey was stationed by the bannock, knife in hand, to serve it.
2952_408_000008_000001	9.390	Then the other members of the family, and the folk assembled in the adjoining room, having been told of the priest's kind promises, came to thank him,--after which the master of the house said:--	2952_408_000008_000001	9.390	Then the other members of the family, and the folk assembled in the adjoining room, having been told of the priest's kind promises, came to thank him,--after which the master of the house said:--
5163_39921_000037_000003	4.930	But the house was locked up and evidently deserted, so she rambled past it to the back fields.	5163_39921_000037_000003	4.930	But the house was locked up and evidently deserted, so she rambled past it to the back fields.
2196_170379_000009_000001	4.990	This is excellent as far as it goes, but it does not explain how suggestion works.	2196_170379_000009_000001	4.990	This is excellent as far as it goes, but it does not explain how suggestion works.
8051_118101_000018_000005	5.090	Staying to wear the yoke, he felt would rather make it worse instead of better for all concerned.	8051_118101_000018_000005	5.090	Staying to wear the yoke, he felt would rather make it worse instead of better for all concerned.
1743_142913_000028_000002	4.750	But they do, and an old house of Yellow Wing the Flicker suits either of them.	1743_142913_000028_000002	4.750	But they do, and an old house of Yellow Wing the Flicker suits either of them.
8108_280354_000009_000003	4.390	Never yet had such sweet strains been heard in the world of gloom.	8108_280354_000009_000003	4.390	Never yet had such sweet strains been heard in the world of gloom.
8098_278278_000018_000001	3.610	A board sign informed us it was simply Turkey Creek.	8098_278278_000018_000001	3.610	A board sign informed us it was simply Turkey Creek.
7505_258964_000030_000005	6.080	But when they pay greatly, their high value is due to the impossibility of competition.	7505_258964_000030_000005	6.080	But when they pay greatly, their high value is due to the impossibility of competition.
5163_18515_000048_000000	5.500	"Yes, and I took a picture of the saucy girl while she was trying to stop yours," said Jasper.	5163_18515_000048_000000	5.500	"Yes, and I took a picture of the saucy girl while she was trying to stop yours," said Jasper.
229_130880_000027_000000	4.830	"I admit, captain, I'm not yet on very familiar terms with that genus of fish."	229_130880_000027_000000	4.830	"I admit, captain, I'm not yet on very familiar terms with that genus of fish."
8468_286673_000025_000004	8.600	You know the Tree Frog had been carried away when he was young, before he came to live with the meadow people, so he knew how to be sorry for the Slow Little Turtle.	8468_286673_000025_000004	8.600	You know the Tree Frog had been carried away when he was young, before he came to live with the meadow people, so he knew how to be sorry for the Slow Little Turtle.
2002_139469_000020_000001	7.990	These tidings were at first whispered about town; but no one dared express aloud the soul quailing intelligence.	2002_139469_000020_000001	7.990	These tidings were at first whispered about town; but no one dared express aloud the soul quailing intelligence.
7190_90543_000065_000001	4.520	It was his way of showing that he was my superior-at least, it always impressed me like this.	7190_90543_000065_000001	4.520	It was his way of showing that he was my superior-at least, it always impressed me like this.
5022_29405_000055_000000	3.990	"Is that the impression," he asked, "produced by what I allowed you to read?"	5022_29405_000055_000000	3.990	"Is that the impression," he asked, "produced by what I allowed you to read?"
8465_246947_000037_000000	6.980	"He's coming again to morrow," added Leopold, almost gleefully, "and then perhaps he will tell me more, and help me on a bit!"	8465_246947_000037_000000	6.980	"He's coming again to morrow," added Leopold, almost gleefully, "and then perhaps he will tell me more, and help me on a bit!"
3983_5331_000080_000000	2.770	mr Carlyle bent forward and spoke in a whisper.	3983_5331_000080_000000	2.770	mr Carlyle bent forward and spoke in a whisper.
2952_408_000009_000000	4.280	"Now, reverend Sir, much as we regret to leave you alone, we must bid you farewell.	2952_408_000009_000000	4.280	"Now, reverend Sir, much as we regret to leave you alone, we must bid you farewell.
2518_154825_000019_000001	9.410	But have a care to keep thy outer hand near to the inner, and the balance of thy body to the cliff, for there is no room to dance hornpipes here.	2518_154825_000019_000001	9.410	But have a care to keep thy outer hand near to the inner, and the balance of thy body to the cliff, for there is no room to dance hornpipes here.
6818_68772_000020_000000	7.940	"It was absurd to connect her with Lucy Rogers," observed Kenneth, "for there is nothing in her character to remind one of the unhappy girl."	6818_68772_000020_000000	7.940	"It was absurd to connect her with Lucy Rogers," observed Kenneth, "for there is nothing in her character to remind one of the unhappy girl."
7178_34644_000009_000000	5.470	The wapentake and the justice of the quorum approached Gwynplaine and took him by the arms.	7178_34644_000009_000000	5.470	The wapentake and the justice of the quorum approached Gwynplaine and took him by the arms.
2092_145706_000017_000000	4.130	Then Ferko crawled to the edge of the lake and dipped his limbs in the water.	2092_145706_000017_000000	4.130	Then Ferko crawled to the edge of the lake and dipped his limbs in the water.
8609_283227_000099_000000	3.340	Now I do not write all this for the sake of the church rate question.	8609_283227_000099_000000	3.340	Now I do not write all this for the sake of the church rate question.
2289_152257_000013_000002	4.280	It took this fleet three months to make the voyage from Constantinople to Africa.	2289_152257_000013_000002	4.280	It took this fleet three months to make the voyage from Constantinople to Africa.
8108_274318_000016_000002	4.200	He made certain sigils, gestures and movements at the same time.	8108_274318_000016_000002	4.200	He made certain sigils, gestures and movements at the same time.
5022_29405_000041_000001	2.960	He seemed to have caught the infection of his daughter's anger.	5022_29405_000041_000001	2.960	He seemed to have caught the infection of his daughter's anger.
4088_158079_000158_000003	4.480	A fourth detachment was arrested in the middle of the Avenue on the trolley tracks.	4088_158079_000158_000003	4.480	A fourth detachment was arrested in the middle of the Avenue on the trolley tracks.
7505_258964_000016_000000	8.900	The aim of a progressive society is to enlarge the environment, and constantly to adapt it better to the service of wants.	7505_258964_000016_000000	8.900	The aim of a progressive society is to enlarge the environment, and constantly to adapt it better to the service of wants.
7505_83618_000008_000009	6.390	He was more than that, for in their creed he was creator and possessor of all things.	7505_83618_000008_000009	6.390	He was more than that, for in their creed he was creator and possessor of all things.
5163_39921_000042_000000	3.090	"The plums are mine by right," he said.	5163_39921_000042_000000	3.090	"The plums are mine by right," he said.
6454_93938_000017_000002	8.150	It was denied, as was to have been expected; indeed, why they took the trouble to go through the forms was beyond me.	6454_93938_000017_000002	8.150	It was denied, as was to have been expected; indeed, why they took the trouble to go through the forms was beyond me.
8051_119902_000014_000002	8.890	An extra potato or a serving of rice can be eaten instead of the usual two slices of bread and the body will be supplied with the same amount of energy.	8051_119902_000014_000002	8.890	An extra potato or a serving of rice can be eaten instead of the usual two slices of bread and the body will be supplied with the same amount of energy.
4051_11217_000019_000000	4.220	While the king talked with Jason, a beautiful young woman was standing behind the throne.	4051_11217_000019_000000	4.220	While the king talked with Jason, a beautiful young woman was standing behind the throne.
3374_298026_000008_000004	5.290	Suppose words or a human being to create a misunderstanding between us!	3374_298026_000008_000004	5.290	Suppose words or a human being to create a misunderstanding between us!
3857_182315_000033_000004	3.000	But we must remember this is a simian comment.	3857_182315_000033_000004	3.000	But we must remember this is a simian comment.
8770_295463_000022_000000	8.770	Not long after the conflict at Gettysburg a movement was on foot to devote a large part of that battle ground to a national cemetery.	8770_295463_000022_000000	8.770	Not long after the conflict at Gettysburg a movement was on foot to devote a large part of that battle ground to a national cemetery.
2952_407_000003_000000	6.600	[Even to day, in the courts of certain Japanese temples, you may see heaps of old bronze mirrors contributed for such a purpose.	2952_407_000003_000000	6.600	[Even to day, in the courts of certain Japanese temples, you may see heaps of old bronze mirrors contributed for such a purpose.
4680_16026_000072_000000	2.820	And he pushed her aside with the intention of entering.	4680_16026_000072_000000	2.820	And he pushed her aside with the intention of entering.
3664_178355_000019_000003	3.980	There were ten chances at thirty dollars each, and they were all quickly taken.	3664_178355_000019_000003	3.980	There were ten chances at thirty dollars each, and they were all quickly taken.
4297_13009_000044_000001	3.870	Indeed I am told that he is considered to be the luckiest man in all the scramble."	4297_13009_000044_000001	3.870	Indeed I am told that he is considered to be the luckiest man in all the scramble."
8123_275209_000022_000001	4.640	"It was their dying mother's last request that I should do no such thing."	8123_275209_000022_000001	4.640	"It was their dying mother's last request that I should do no such thing."
6818_68772_000011_000007	8.710	We painted out all the signs in this section at our own expense, that you might see how much more beautiful your homes are without them.	6818_68772_000011_000007	8.710	We painted out all the signs in this section at our own expense, that you might see how much more beautiful your homes are without them.
8063_274117_000005_000000	3.210	"I am a great stickler for a good view myself," said Porthos.	8063_274117_000005_000000	3.210	"I am a great stickler for a good view myself," said Porthos.
8629_261139_000008_000000	5.140	It was the last day of the inquest, and to many it bade fair to be the least interesting.	8629_261139_000008_000000	5.140	It was the last day of the inquest, and to many it bade fair to be the least interesting.
1841_150351_000024_000002	3.890	Sometimes these figures are mounted upon the tops of tall poles.	1841_150351_000024_000002	3.890	Sometimes these figures are mounted upon the tops of tall poles.
8465_246947_000003_000003	5.470	No wonder if with such a feeling in his breast Wingfold walked softly, and his face glistened!	8465_246947_000003_000003	5.470	No wonder if with such a feeling in his breast Wingfold walked softly, and his face glistened!
1116_137572_000046_000000	4.910	We are all immature at some points, but we can welcome opportunities for growth, painful though they may be.	1116_137572_000046_000000	4.910	We are all immature at some points, but we can welcome opportunities for growth, painful though they may be.
4267_72637_000037_000000	4.900	'I do indeed-decisive, undoubted, bare faced encouragement.'	4267_72637_000037_000000	4.900	'I do indeed-decisive, undoubted, bare faced encouragement.'
4297_13006_000057_000000	6.670	"But I think that you ought to hear me." Then he stood still with his hands in his trowsers pockets looking at her.	4297_13006_000057_000000	6.670	"But I think that you ought to hear me." Then he stood still with his hands in his trowsers pockets looking at her.
7794_295955_000002_000011	7.780	Then the prince asked her: "Where, old woman, is my hare?" She replied: "My son, that was not a hare, but a dragon.	7794_295955_000002_000011	7.780	Then the prince asked her: "Where, old woman, is my hare?" She replied: "My son, that was not a hare, but a dragon.
1447_17506_000032_000002	3.220	The name of Ferralti was no place in the record.	1447_17506_000032_000002	3.220	The name of Ferralti was no place in the record.
5561_41615_000043_000004	5.260	For the first time since Eleanor had chosen to cut their acquaintance Grace was thoroughly angry with her.	5561_41615_000043_000004	5.260	For the first time since Eleanor had chosen to cut their acquaintance Grace was thoroughly angry with her.
2416_152137_000009_000000	8.200	Indeed, it seemed a great length of time now since he had heard from her even in that way, though it was not so many days ago, after all.	2416_152137_000009_000000	8.200	Indeed, it seemed a great length of time now since he had heard from her even in that way, though it was not so many days ago, after all.
32_4137_000043_000000	4.320	"Stand up, Currer, my gal; here's a gentleman who wishes to see if you will suit him."	32_4137_000043_000000	4.320	"Stand up, Currer, my gal; here's a gentleman who wishes to see if you will suit him."
8014_112602_000013_000002	9.030	The veil was in constant use among the higher classes, and when not actually worn was usually carried, among other small articles, in a lady's ornamental hand bag.	8014_112602_000013_000002	9.030	The veil was in constant use among the higher classes, and when not actually worn was usually carried, among other small articles, in a lady's ornamental hand bag.
4813_248641_000007_000006	3.930	The belfry is precisely in the center of the four sided pitched roof.	4813_248641_000007_000006	3.930	The belfry is precisely in the center of the four sided pitched roof.
7800_283493_000023_000000	4.710	"Well, chances are it was a bull moose," Frank admitted; "but we'll soon know."	7800_283493_000023_000000	4.710	"Well, chances are it was a bull moose," Frank admitted; "but we'll soon know."
2836_5355_000088_000000	3.670	He took out his pocket book and placed the bank notes within it.	2836_5355_000088_000000	3.670	He took out his pocket book and placed the bank notes within it.
8468_286673_000023_000004	3.070	He was thinking over and over, "Something has happened!	8468_286673_000023_000004	3.070	He was thinking over and over, "Something has happened!
4195_17507_000045_000000	7.040	As it collided against the stone wall the vehicle tipped dangerously, hurling the driver from his seat to dive headforemost into the space beneath.	4195_17507_000045_000000	7.040	As it collided against the stone wall the vehicle tipped dangerously, hurling the driver from his seat to dive headforemost into the space beneath.
4137_11702_000075_000000	3.020	"I knew he'd love it," put in Hyacinth.	4137_11702_000075_000000	3.020	"I knew he'd love it," put in Hyacinth.
4406_16883_000031_000004	6.190	I would have tarried that night with her, but they that owned her would not suffer it.	4406_16883_000031_000004	6.190	I would have tarried that night with her, but they that owned her would not suffer it.
4297_13006_000065_000002	5.620	He was as convinced as ever that unless there was much to conceal there would not be so much concealment.	4297_13006_000065_000002	5.620	He was as convinced as ever that unless there was much to conceal there would not be so much concealment.
200_124139_000033_000000	4.670	"I cannot comprehend the neglect of a family library in such days as these."	200_124139_000033_000000	4.670	"I cannot comprehend the neglect of a family library in such days as these."
1263_141777_000038_000000	4.790	The box on his chest caught on a stone he had dragged to him in a desperate try for support.	1263_141777_000038_000000	4.790	The box on his chest caught on a stone he had dragged to him in a desperate try for support.
8770_295462_000039_000001	4.400	Edwin m Stanton, the Secretary of War, has described the scene:	8770_295462_000039_000001	4.400	Edwin m Stanton, the Secretary of War, has described the scene:
4160_14187_000008_000000	7.070	At this moment Polton made a silent appearance on the stairs leading from the laboratory, giving me quite a start; and I was about to retire into the room when my ear caught the tinkle of a hansom approaching from Paper Buildings.	4160_14187_000008_000000	7.070	At this moment Polton made a silent appearance on the stairs leading from the laboratory, giving me quite a start; and I was about to retire into the room when my ear caught the tinkle of a hansom approaching from Paper Buildings.
2691_156755_000027_000001	6.110	We drove our band of cattle across the plains and over the Sierras, and have sold them for more than we expected to get.	2691_156755_000027_000001	6.110	We drove our band of cattle across the plains and over the Sierras, and have sold them for more than we expected to get.
4018_107312_000015_000001	6.360	Those villains, Shuffle and Screw, have sarved me with another bate ticket: and a pretty figure too."	4018_107312_000015_000001	6.360	Those villains, Shuffle and Screw, have sarved me with another bate ticket: and a pretty figure too."
2893_139322_000022_000004	7.590	He yelled an unspeakable horror that the Black Police had done in Paris, and so passed shrieking, "Ostrog the Knave!"	2893_139322_000022_000004	7.590	He yelled an unspeakable horror that the Black Police had done in Paris, and so passed shrieking, "Ostrog the Knave!"
460_172357_000010_000004	8.400	But to write something out of one's own mind, worth reading for its own sake, is an arduous contrivance only to be achieved in fortunate moments, few and far between.	460_172357_000010_000004	8.400	But to write something out of one's own mind, worth reading for its own sake, is an arduous contrivance only to be achieved in fortunate moments, few and far between.
3664_178355_000023_000000	4.280	I finally lost track of Brigham, and for several years I did not know what had become of him.	3664_178355_000023_000000	4.280	I finally lost track of Brigham, and for several years I did not know what had become of him.
7367_86737_000090_000000	7.610	"And pray," asked Franz, "where are these pistols, blunderbusses, and other deadly weapons with which you intend filling the carriage?"	7367_86737_000090_000000	7.610	"And pray," asked Franz, "where are these pistols, blunderbusses, and other deadly weapons with which you intend filling the carriage?"
4362_15663_000019_000006	7.260	No hint was given, by anything in their appearance, of the fleeting character of these most sublime and beautiful cloud mountains.	4362_15663_000019_000006	7.260	No hint was given, by anything in their appearance, of the fleeting character of these most sublime and beautiful cloud mountains.
4214_7146_000051_000001	4.920	"Why, three of those big glasses would have made her sick even if it had only been cordial.	4214_7146_000051_000001	4.920	"Why, three of those big glasses would have made her sick even if it had only been cordial.
40_222_000023_000002	2.800	His marrying Miss Thorpe is not probable.	40_222_000023_000002	2.800	His marrying Miss Thorpe is not probable.
1088_134318_000011_000000	4.400	"Send him up," he said, and then as Fisher was going out of the room he called him back.	1088_134318_000011_000000	4.400	"Send him up," he said, and then as Fisher was going out of the room he called him back.
2196_174172_000003_000002	5.740	Develop it and it will develop you. Quicken your mental throb with new ideas.	2196_174172_000003_000002	5.740	Develop it and it will develop you. Quicken your mental throb with new ideas.
1963_142393_000005_000008	8.030	He began to fear that perhaps Dinah's old life would have too strong a grasp upon her for any new feeling to triumph.	1963_142393_000005_000008	8.030	He began to fear that perhaps Dinah's old life would have too strong a grasp upon her for any new feeling to triumph.
6531_61334_000000_000002	9.460	Then the shepherd hears a warning voice which comes and goes like the wind, saying: "If the horn is blown once again, the world will be upset altogether".	6531_61334_000000_000002	9.460	Then the shepherd hears a warning voice which comes and goes like the wind, saying: "If the horn is blown once again, the world will be upset altogether".
1737_142397_000020_000000	2.770	"Oh yes, there are, heaps and heaps," contradicted Edward.	1737_142397_000020_000000	2.770	"Oh yes, there are, heaps and heaps," contradicted Edward.
3664_178355_000018_000002	6.630	General Sheridan had taken up his headquarters at Fort Hayes, in order to be in the field to superintend the campaign in person.	3664_178355_000018_000002	6.630	General Sheridan had taken up his headquarters at Fort Hayes, in order to be in the field to superintend the campaign in person.
8051_119902_000021_000001	8.300	France has recently put her whole people on a rigorous ration which limits them to two thirds of the amount of bread that they have been accustomed to.	8051_119902_000021_000001	8.300	France has recently put her whole people on a rigorous ration which limits them to two thirds of the amount of bread that they have been accustomed to.
5322_7680_000029_000000	5.020	'Much bigger; ten times as big and three storeys high,' replied Olenin.	5322_7680_000029_000000	5.020	'Much bigger; ten times as big and three storeys high,' replied Olenin.
7078_271888_000091_000000	8.540	In surprise I glanced up from my work of romance weaving on the following morning, and saw Dick, pale and agitated, standing at my elbow.	7078_271888_000091_000000	8.540	In surprise I glanced up from my work of romance weaving on the following morning, and saw Dick, pale and agitated, standing at my elbow.
405_130895_000069_000000	8.000	Its fishing finished, the Nautilus drew nearer to the coast. In this locality a number of sea turtles were sleeping on the surface of the waves.	405_130895_000069_000000	8.000	Its fishing finished, the Nautilus drew nearer to the coast. In this locality a number of sea turtles were sleeping on the surface of the waves.
3440_171009_000078_000000	7.990	The motion was carried without a dissenting voice, and in a few moments they all set out, a very merry party, full of fun and frolic.	3440_171009_000078_000000	7.990	The motion was carried without a dissenting voice, and in a few moments they all set out, a very merry party, full of fun and frolic.
4680_16026_000062_000001	5.230	That frightful tongue had become impossible to her since she had known Marius.	4680_16026_000062_000001	5.230	That frightful tongue had become impossible to her since she had known Marius.
5104_33406_000092_000000	6.420	So they did and lived there that summer and pastured their cattle and cut hay for the winter and fished and hunted.	5104_33406_000092_000000	6.420	So they did and lived there that summer and pastured their cattle and cut hay for the winter and fished and hunted.
7278_246956_000007_000004	5.220	Would even her father require more of her than she had already done and endured?	7278_246956_000007_000004	5.220	Would even her father require more of her than she had already done and endured?
4362_15663_000008_000005	8.310	But the bracing air and the sublime beauty of the snowy expanse thrilled every nerve and made absolute exhaustion impossible.	4362_15663_000008_000005	8.310	But the bracing air and the sublime beauty of the snowy expanse thrilled every nerve and made absolute exhaustion impossible.
5808_54425_000062_000002	3.690	Still his hands twitched and his eye held her.	5808_54425_000062_000002	3.690	Still his hands twitched and his eye held her.
4267_287369_000007_000001	3.720	"I fancy they wanted it as conspicuous as possible."	4267_287369_000007_000001	3.720	"I fancy they wanted it as conspicuous as possible."
3983_5331_000025_000000	3.760	Barbara sat down again, but her manner was hurried and nervous.	3983_5331_000025_000000	3.760	Barbara sat down again, but her manner was hurried and nervous.
460_172359_000041_000002	3.540	This morning they've got her down to sixteen, but I don't mean to let go.	460_172359_000041_000002	3.540	This morning they've got her down to sixteen, but I don't mean to let go.
5393_19219_000047_000063	3.920	For sixty centuries men and women have got out of their scrape by loving.	5393_19219_000047_000063	3.920	For sixty centuries men and women have got out of their scrape by loving.
1743_142913_000006_000007	4.640	He was a little bigger than his cousin, Chebec, but looked very much like him.	1743_142913_000006_000007	4.640	He was a little bigger than his cousin, Chebec, but looked very much like him.
412_126975_000067_000000	3.830	Both the others shifted sharply and the priest went on:	412_126975_000067_000000	3.830	Both the others shifted sharply and the priest went on:
1743_142914_000006_000002	2.640	Do you think he was really very much scared?"	1743_142914_000006_000002	2.640	Do you think he was really very much scared?"
2182_181173_000034_000000	3.230	Little Lord Fauntleroy leaned forward and waved the red handkerchief.	2182_181173_000034_000000	3.230	Little Lord Fauntleroy leaned forward and waved the red handkerchief.
2196_170151_000012_000001	8.860	If that trial or deprivation has left me better, truer, nobler, then,--poverty has been riches, failure has been a success.	2196_170151_000012_000001	8.860	If that trial or deprivation has left me better, truer, nobler, then,--poverty has been riches, failure has been a success.
254_27760_000018_000003	6.100	The frost crackled, his grandfather crackled, and as they both did, Vanka did the same.	254_27760_000018_000003	6.100	The frost crackled, his grandfather crackled, and as they both did, Vanka did the same.
196_122159_000017_000001	5.070	Would have ended nothing," he muttered over me obstinately, after a little while.	196_122159_000017_000001	5.070	Would have ended nothing," he muttered over me obstinately, after a little while.
5393_19219_000043_000006	6.460	And then, an idea occurred to m Gillenormand.--"Pardieu, this armchair is empty. Come hither, Marius.	5393_19219_000043_000006	6.460	And then, an idea occurred to m Gillenormand.--"Pardieu, this armchair is empty. Come hither, Marius.
6836_61804_000048_000000	8.090	During the course of the meal-but much more over the wine-you will hear talk of "Zeb Stump the hunter."	6836_61804_000048_000000	8.090	During the course of the meal-but much more over the wine-you will hear talk of "Zeb Stump the hunter."
2514_149482_000016_000001	2.680	"She was off with you to these parts before I knew it.	2514_149482_000016_000001	2.680	"She was off with you to these parts before I knew it.
3857_182317_000004_000007	7.870	Loving us, they let us stop their developing in tune with their natures; and they've patiently tried ever since to adopt ways of ours.	3857_182317_000004_000007	7.870	Loving us, they let us stop their developing in tune with their natures; and they've patiently tried ever since to adopt ways of ours.
7264_92310_000001_000000	8.560	Let us halt at this phase in the development of the thing to consider certain other changes which were on the point of appearance, and why they were on the point of appearance.	7264_92310_000001_000000	8.560	Let us halt at this phase in the development of the thing to consider certain other changes which were on the point of appearance, and why they were on the point of appearance.
2836_5355_000046_000002	7.490	There's some disreputable secret attaching to the Hare family, and Carlyle was acting in it, under the rose, for mrs Hare.	2836_5355_000046_000002	7.490	There's some disreputable secret attaching to the Hare family, and Carlyle was acting in it, under the rose, for mrs Hare.
8324_286681_000010_000000	7.350	While their mother was so weak, the Wise Old Crayfish amused the children, and taught them things which all Crayfishes should know.	8324_286681_000010_000000	7.350	While their mother was so weak, the Wise Old Crayfish amused the children, and taught them things which all Crayfishes should know.
2416_152137_000029_000001	7.840	And then gradually impulse gave way to calmer reason, and he slowed his pace to a quick, less noticeable walk.	2416_152137_000029_000001	7.840	And then gradually impulse gave way to calmer reason, and he slowed his pace to a quick, less noticeable walk.
4214_7146_000031_000000	4.200	"Oh, you mustn't dream of going home without your tea," cried Anne in distress.	4214_7146_000031_000000	4.200	"Oh, you mustn't dream of going home without your tea," cried Anne in distress.
7178_34644_000084_000002	4.120	They did not close again; the glassy eyeballs remained fixed.	7178_34644_000084_000002	4.120	They did not close again; the glassy eyeballs remained fixed.
5778_12761_000001_000000	3.510	Continuation of Fremont's Account of the Passage Through the Mountains.	5778_12761_000001_000000	3.510	Continuation of Fremont's Account of the Passage Through the Mountains.
2817_142380_000012_000000	5.720	As mr Irwine paused, Adam looked at him with eager, questioning eyes.	2817_142380_000012_000000	5.720	As mr Irwine paused, Adam looked at him with eager, questioning eyes.
7780_274562_000007_000000	8.170	mr Ellison became neither musician nor poet; although no man lived more profoundly enamored both of Music and the Muse.	7780_274562_000007_000000	8.170	mr Ellison became neither musician nor poet; although no man lived more profoundly enamored both of Music and the Muse.
5022_29411_000019_000006	3.380	She says so herself-and she never told a lie yet."	5022_29411_000019_000006	3.380	She says so herself-and she never told a lie yet."
1069_133699_000053_000000	5.130	"Yes; but they shouldn't interfere with the old ones when the old ones have been the right ones."	1069_133699_000053_000000	5.130	"Yes; but they shouldn't interfere with the old ones when the old ones have been the right ones."
302_123523_000006_000002	4.110	These two stopped at the foot of the throne, facing Than Kosis.	302_123523_000006_000002	4.110	These two stopped at the foot of the throne, facing Than Kosis.
4297_13006_000061_000000	5.230	"I think you should inquire, papa, and be quite certain before you pronounce such a sentence against me.	4297_13006_000061_000000	5.230	"I think you should inquire, papa, and be quite certain before you pronounce such a sentence against me.
5339_14134_000035_000000	5.910	He took his cap and was gone, not heeding Alice's shrill inquiry as to his clothes and his ruffled shirt.	5339_14134_000035_000000	5.910	He took his cap and was gone, not heeding Alice's shrill inquiry as to his clothes and his ruffled shirt.
2836_5355_000054_000001	5.190	Sir Francis broke it, pointing with his left thumb over his shoulder in the direction of the cradle.	2836_5355_000054_000001	5.190	Sir Francis broke it, pointing with his left thumb over his shoulder in the direction of the cradle.
8580_287364_000070_000000	2.850	"Then you'll have to take what comes!"	8580_287364_000070_000000	2.850	"Then you'll have to take what comes!"
8580_287364_000017_000000	4.270	"We shall have to proceed cautiously then," spoke mr Jenks.	8580_287364_000017_000000	4.270	"We shall have to proceed cautiously then," spoke mr Jenks.
587_54108_000048_000000	4.870	"Others are enjoying themselves also," he remarked as their feet touched the pebbly beach.	587_54108_000048_000000	4.870	"Others are enjoying themselves also," he remarked as their feet touched the pebbly beach.
1116_132847_000026_000002	3.120	At the sight of her Houarn stopped, dazzled by her beauty.	1116_132847_000026_000002	3.120	At the sight of her Houarn stopped, dazzled by her beauty.
426_122821_000031_000003	2.690	May God watch over you and protect you from all harm.	426_122821_000031_000003	2.690	May God watch over you and protect you from all harm.
2182_181173_000010_000003	5.580	And if you write to me, here's where you must send your letter." And he gave him a slip of paper.	2182_181173_000010_000003	5.580	And if you write to me, here's where you must send your letter." And he gave him a slip of paper.
3486_166424_000037_000000	3.010	We turned off the ruined way; raced over the sward.	3486_166424_000037_000000	3.010	We turned off the ruined way; raced over the sward.
5163_18515_000024_000000	8.330	"She won't understand any better than the boys," said old mr King. "You forget, children, that these youngsters don't know our language."	5163_18515_000024_000000	8.330	"She won't understand any better than the boys," said old mr King. "You forget, children, that these youngsters don't know our language."
5561_39621_000004_000000	7.350	The stranger did not pay them the least attention; but Cropole approaching him respectfully, whispered, "Monsieur, the diamond has been valued."	5561_39621_000004_000000	7.350	The stranger did not pay them the least attention; but Cropole approaching him respectfully, whispered, "Monsieur, the diamond has been valued."
4640_19188_000052_000000	5.790	At that moment, a fifth uniform fell, as if from heaven, upon the other four.	4640_19188_000052_000000	5.790	At that moment, a fifth uniform fell, as if from heaven, upon the other four.
8465_246947_000006_000000	5.090	She led the way down the stair, and walked with him through the garden. Wingfold did not speak.	8465_246947_000006_000000	5.090	She led the way down the stair, and walked with him through the garden. Wingfold did not speak.
6272_70171_000020_000004	4.320	I drew from her conversation the opinion that she had a tendency to the rearing of children.	6272_70171_000020_000004	4.320	I drew from her conversation the opinion that she had a tendency to the rearing of children.
8123_275209_000006_000002	7.960	Much they'll mind me, truly, when they feel the gay wings on their backs, and can fly away out of my sight whenever they choose!"	8123_275209_000006_000002	7.960	Much they'll mind me, truly, when they feel the gay wings on their backs, and can fly away out of my sight whenever they choose!"
1355_39947_000007_000002	6.330	To hypnotize or to perform any persistent psychotherapeutic treatment may thus be dangerous, if it is done by the unfit.	1355_39947_000007_000002	6.330	To hypnotize or to perform any persistent psychotherapeutic treatment may thus be dangerous, if it is done by the unfit.
1246_135815_000008_000002	3.170	He has a Squirrel face when you come to look at him closely.	1246_135815_000008_000002	3.170	He has a Squirrel face when you come to look at him closely.
8629_261139_000040_000000	5.930	"This, as God lives, is the truth concerning the wound found in the breast of this never to be forgotten woman."	8629_261139_000040_000000	5.930	"This, as God lives, is the truth concerning the wound found in the breast of this never to be forgotten woman."
4813_248638_000008_000004	5.330	Although its Indian name has been taken from this lovely range, the loveliness remains.	4813_248638_000008_000004	5.330	Although its Indian name has been taken from this lovely range, the loveliness remains.
8629_261140_000006_000000	3.640	Frederick's voice broke as he proceeded in his self imposed task.	8629_261140_000006_000000	3.640	Frederick's voice broke as he proceeded in his self imposed task.
3830_12529_000047_000000	7.350	We had made the Indians a present first, it is true; but we did not expect any return, except perhaps goodwill.	3830_12529_000047_000000	7.350	We had made the Indians a present first, it is true; but we did not expect any return, except perhaps goodwill.
6081_41997_000039_000000	5.540	In a moment the worthy dame imagined that this polite young man was making fun of her.	6081_41997_000039_000000	5.540	In a moment the worthy dame imagined that this polite young man was making fun of her.
8098_278252_000036_000005	3.510	If not, don't let your curiosity get the better of you.	8098_278252_000036_000005	3.510	If not, don't let your curiosity get the better of you.
1502_122619_000044_000002	2.860	But they love and venerate the great white chief."	1502_122619_000044_000002	2.860	But they love and venerate the great white chief."
201_122255_000025_000001	6.880	"Big words ne'er killed so much as a mouse. Who art thou that talkest so freely of cracking the head of Arthur a Bland?	201_122255_000025_000001	6.880	"Big words ne'er killed so much as a mouse. Who art thou that talkest so freely of cracking the head of Arthur a Bland?
8419_293469_000008_000004	5.760	Some of the other Frogs started with me, but they stopped along the way, and at last I was alone.	8419_293469_000008_000004	5.760	Some of the other Frogs started with me, but they stopped along the way, and at last I was alone.
831_130746_000050_000000	3.530	He was taken with a sudden shame of his homely patronymic.	831_130746_000050_000000	3.530	He was taken with a sudden shame of his homely patronymic.
8088_284756_000068_000003	4.430	And in that white bathing suit-yes, I believe she's taken a fancy to you!"	8088_284756_000068_000003	4.430	And in that white bathing suit-yes, I believe she's taken a fancy to you!"
2002_139469_000019_000009	8.130	On the contrary, the disease gained virulence, while starvation did its accustomed work.	2002_139469_000019_000009	8.130	On the contrary, the disease gained virulence, while starvation did its accustomed work.
6415_100596_000069_000000	7.710	When Patty came in she found Priscilla silently and grimly scratching a hole into the roll book where Kate Ferris's name had been.	6415_100596_000069_000000	7.710	When Patty came in she found Priscilla silently and grimly scratching a hole into the roll book where Kate Ferris's name had been.
6209_34600_000028_000005	4.920	He perceived the sea to the right, and scarcely anything more of the town to his left.	6209_34600_000028_000005	4.920	He perceived the sea to the right, and scarcely anything more of the town to his left.
2843_152918_000000_000008	6.760	The north-east wind whistled and howled, the air was thick with driving snow, and Wisting was not to be envied.	2843_152918_000000_000008	6.760	The north-east wind whistled and howled, the air was thick with driving snow, and Wisting was not to be envied.
7067_76048_000051_000000	5.740	"I suppose it has," she said, meditatively, as though she had been thinking over some such question before.	7067_76048_000051_000000	5.740	"I suppose it has," she said, meditatively, as though she had been thinking over some such question before.
8098_278278_000004_000000	7.220	A little green eyed Irish girl, five days old, was named Pythagorina Podina Mulgarry.	8098_278278_000004_000000	7.220	A little green eyed Irish girl, five days old, was named Pythagorina Podina Mulgarry.
5789_57158_000050_000001	5.020	But as you were too grand for our friend of course you were too grand for us."	5789_57158_000050_000001	5.020	But as you were too grand for our friend of course you were too grand for us."
8095_274345_000037_000000	3.530	To these reasons the commons remained inexorable.	8095_274345_000037_000000	3.530	To these reasons the commons remained inexorable.
302_123523_000027_000000	2.790	"Was there ever such a man!" she exclaimed.	302_123523_000027_000000	2.790	"Was there ever such a man!" she exclaimed.
8838_298546_000018_000001	5.480	The whole history of the Croxley Master was given in full, his many victories, his few defeats.	8838_298546_000018_000001	5.480	The whole history of the Croxley Master was given in full, his many victories, his few defeats.
118_47824_000083_000009	5.780	For once he was grateful to the forest because it had forbidden him to glance perpetually back at that dismal and pensive picture.	118_47824_000083_000009	5.780	For once he was grateful to the forest because it had forbidden him to glance perpetually back at that dismal and pensive picture.
8123_275216_000013_000002	4.820	I have been for a little tour abroad, I may tell you, and am just a little bit spoilt.	8123_275216_000013_000002	4.820	I have been for a little tour abroad, I may tell you, and am just a little bit spoilt.
1116_132847_000047_000000	2.830	'Is it possible I can have forgotten her so soon?	1116_132847_000047_000000	2.830	'Is it possible I can have forgotten her so soon?
4160_11549_000038_000000	9.100	"Thank you," he replied, courteously, and then, after a short hesitation, began again, in the tone he used so often-the tone that might be jest or earnest.	4160_11549_000038_000000	9.100	"Thank you," he replied, courteously, and then, after a short hesitation, began again, in the tone he used so often-the tone that might be jest or earnest.
4680_16042_000016_000006	8.620	And then, it was clear that she no longer loved him, since she had departed thus without warning, without a word, without a letter, although she knew his address!	4680_16042_000016_000006	8.620	And then, it was clear that she no longer loved him, since she had departed thus without warning, without a word, without a letter, although she knew his address!
2989_138035_000021_000002	9.060	The cuts, thrusts, down strokes, back strokes and doubles, that Corchuelo delivered were past counting, and came thicker than hops or hail.	2989_138035_000021_000002	9.060	The cuts, thrusts, down strokes, back strokes and doubles, that Corchuelo delivered were past counting, and came thicker than hops or hail.
5104_33406_000072_000000	4.710	"Perhaps this river will carry us to a whirlpool and suck us under," the men said.	5104_33406_000072_000000	4.710	"Perhaps this river will carry us to a whirlpool and suck us under," the men said.
7178_34645_000043_000001	5.000	The secret had not oozed out, silence being an element of law.	7178_34645_000043_000001	5.000	The secret had not oozed out, silence being an element of law.
6367_65536_000041_000004	6.260	If my love means so much to you it is yours, Cuthbert-it always has been yours."	6367_65536_000041_000004	6.260	If my love means so much to you it is yours, Cuthbert-it always has been yours."
4160_11550_000011_000000	2.690	The household seemed rather quiet after the change.	4160_11550_000011_000000	2.690	The household seemed rather quiet after the change.
4214_7146_000006_000000	2.700	"Mind you don't drop leaves all over the stairs then.	4214_7146_000006_000000	2.700	"Mind you don't drop leaves all over the stairs then.
3830_12530_000011_000001	8.760	A far larger trade centered here than at any other point on Puget Sound, and we decided on a halt to make ourselves acquainted with the surroundings.	3830_12530_000011_000001	8.760	A far larger trade centered here than at any other point on Puget Sound, and we decided on a halt to make ourselves acquainted with the surroundings.
118_47824_000007_000002	3.700	Dull clouds obscured the sun and furnished an illusion of crowding earthward.	118_47824_000007_000002	3.700	Dull clouds obscured the sun and furnished an illusion of crowding earthward.
2893_139322_000014_000001	6.760	Looking over the parapet, Graham saw that beneath was a wharf under yet more tremendous archings than any he had seen.	2893_139322_000014_000001	6.760	Looking over the parapet, Graham saw that beneath was a wharf under yet more tremendous archings than any he had seen.
1970_10594_000003_000003	4.200	I quarreled with the circumstances but felt forced to submit.	1970_10594_000003_000003	4.200	I quarreled with the circumstances but felt forced to submit.
6064_56165_000009_000000	4.520	"Well, you'd better talk, Brenda Barlow," broke in Nora again.	6064_56165_000009_000000	4.520	"Well, you'd better talk, Brenda Barlow," broke in Nora again.
5104_33407_000057_000000	2.640	So they did, and after a week sailed off.	5104_33407_000057_000000	2.640	So they did, and after a week sailed off.
6836_61804_000038_000000	7.580	For all this, there are those who could conduct you to an ancient hacienda-still known as Casa del Corvo.	6836_61804_000038_000000	7.580	For all this, there are those who could conduct you to an ancient hacienda-still known as Casa del Corvo.
6476_57446_000033_000000	6.250	"Oh, say not so: misfortunes are the punishment due for our misdeeds in a former state of existence.	6476_57446_000033_000000	6.250	"Oh, say not so: misfortunes are the punishment due for our misdeeds in a former state of existence.
1743_142912_000025_000002	7.780	Jenny Wren!" No one answered him. He could hear mr Wren singing in another tree, but he couldn't see him. "Jenny!	1743_142912_000025_000002	7.780	Jenny Wren!" No one answered him. He could hear mr Wren singing in another tree, but he couldn't see him. "Jenny!
909_131041_000016_000004	4.040	Though we cannot acquiesce in the political heresy of the poet who says:	909_131041_000016_000004	4.040	Though we cannot acquiesce in the political heresy of the poet who says:
6272_70171_000031_000002	3.610	He encouraged mother not to be afraid, looking keenly at me.	6272_70171_000031_000002	3.610	He encouraged mother not to be afraid, looking keenly at me.
7780_274562_000005_000007	3.830	Thus the usual track of supposition was thoroughly broken up.	7780_274562_000005_000007	3.830	Thus the usual track of supposition was thoroughly broken up.
3607_29116_000012_000003	4.150	He wants reasons, good ones. Didn't you show him he was in error about the bill?"	3607_29116_000012_000003	4.150	He wants reasons, good ones. Didn't you show him he was in error about the bill?"
8465_246940_000016_000000	3.720	"Then give me some food-some hope, I mean, and try me again.	8465_246940_000016_000000	3.720	"Then give me some food-some hope, I mean, and try me again.
8838_298545_000038_000003	3.190	He stood up and turned slowly round, as if in front of his tailor.	8838_298545_000038_000003	3.190	He stood up and turned slowly round, as if in front of his tailor.
2843_152918_000025_000005	6.710	The two small black figures in the distance, on the right, are Hassel and I, who are reconnoitring ahead.	2843_152918_000025_000005	6.710	The two small black figures in the distance, on the right, are Hassel and I, who are reconnoitring ahead.
405_130894_000035_000004	4.710	But we faced it head on, each one of us determined to do his duty to the end.	405_130894_000035_000004	4.710	But we faced it head on, each one of us determined to do his duty to the end.
6385_34655_000015_000000	2.710	He explored every passage that he came to.	6385_34655_000015_000000	2.710	He explored every passage that he came to.
7078_271888_000027_000000	2.700	"And you avenge yourself by reviling all of us.	7078_271888_000027_000000	2.700	"And you avenge yourself by reviling all of us.
374_180298_000052_000000	3.500	The house was empty, and to let for two thousand francs.	374_180298_000052_000000	3.500	The house was empty, and to let for two thousand francs.
4859_26870_000001_000000	8.370	One matter connected with his management sometimes worried Nicholas, and that was his quick temper together with his old hussar habit of making free use of his fists.	4859_26870_000001_000000	8.370	One matter connected with his management sometimes worried Nicholas, and that was his quick temper together with his old hussar habit of making free use of his fists.
1355_39947_000000_000004	3.060	Often this is coupled with telepathic fancies.	1355_39947_000000_000004	3.060	Often this is coupled with telepathic fancies.
8770_295465_000020_000001	3.010	LINCOLN'S LAST SPEECH AND HOW TAD HELPED	8770_295465_000020_000001	3.010	LINCOLN'S LAST SPEECH AND HOW TAD HELPED
6000_55211_000050_000001	8.170	She was conscious of a feeling which she could not name: Billy was not used to being called "these people" in precisely that tone of voice.	6000_55211_000050_000001	8.170	She was conscious of a feeling which she could not name: Billy was not used to being called "these people" in precisely that tone of voice.
78_369_000063_000009	4.020	The monster continued to utter wild and incoherent self reproaches.	78_369_000063_000009	4.020	The monster continued to utter wild and incoherent self reproaches.
78_369_000023_000003	8.770	And do I dare to ask of you to undertake my pilgrimage, to endure the hardships that I have undergone? No; I am not so selfish.	78_369_000023_000003	8.770	And do I dare to ask of you to undertake my pilgrimage, to endure the hardships that I have undergone? No; I am not so selfish.
831_130746_000072_000000	7.760	He opened his mouth and shut it again, and, with a sudden wincing of his features, abruptly turned and bent down to open the lantern in front of her machine.	831_130746_000072_000000	7.760	He opened his mouth and shut it again, and, with a sudden wincing of his features, abruptly turned and bent down to open the lantern in front of her machine.
8747_293952_000138_000002	2.800	Go to the kitchen and tell the servants to give you something to eat."	8747_293952_000138_000002	2.800	Go to the kitchen and tell the servants to give you something to eat."
7078_271888_000063_000001	7.070	Please don't alter it," urged the artist; who, advancing to his easel again, continued the free, rapid outline.	7078_271888_000063_000001	7.070	Please don't alter it," urged the artist; who, advancing to his easel again, continued the free, rapid outline.
6437_66173_000016_000000	2.750	"Then the thing must go on," said Adams, with dignity.	6437_66173_000016_000000	2.750	"Then the thing must go on," said Adams, with dignity.
4195_186238_000031_000000	2.510	But Uncle john waived it aside disdainfully.	4195_186238_000031_000000	2.510	But Uncle john waived it aside disdainfully.
6147_34607_000003_000011	3.720	Her skin was white and fine; she displayed a great deal of it.	6147_34607_000003_000011	3.720	Her skin was white and fine; she displayed a great deal of it.
226_122538_000006_000003	7.990	Her mind leaped to enjoyment, then fell back stunned by the blow of quick remembrance, and Jane shut her eyes.	226_122538_000006_000003	7.990	Her mind leaped to enjoyment, then fell back stunned by the blow of quick remembrance, and Jane shut her eyes.
4813_248641_000009_000007	8.140	The small boys are separated from their families and kept in order by tithing men who allow no wandering eyes or whispered words.	4813_248641_000009_000007	8.140	The small boys are separated from their families and kept in order by tithing men who allow no wandering eyes or whispered words.
4362_15663_000031_000002	6.160	Life is then seen to be a fire, that now smoulders, now brightens, and may be easily quenched.	4362_15663_000031_000002	6.160	Life is then seen to be a fire, that now smoulders, now brightens, and may be easily quenched.
32_4137_000024_000001	8.350	At the starting of the boat cold water was forced into the boilers by the machinery, and, as might have been expected, one of the boilers immediately exploded.	32_4137_000024_000001	8.350	At the starting of the boat cold water was forced into the boilers by the machinery, and, as might have been expected, one of the boilers immediately exploded.
2196_170379_000007_000001	6.500	Not just any words, but words which "ring a bell" or tap the experiential background of the subject.	2196_170379_000007_000001	6.500	Not just any words, but words which "ring a bell" or tap the experiential background of the subject.
233_155990_000008_000001	4.370	Many of them are, in the ordinary relations of life, good citizens.	233_155990_000008_000001	4.370	Many of them are, in the ordinary relations of life, good citizens.
1970_26100_000033_000003	6.150	He could have come down within fifty feet of the ground and followed that car, pumping bullets into it all the way.	1970_26100_000033_000003	6.150	He could have come down within fifty feet of the ground and followed that car, pumping bullets into it all the way.
3830_12531_000012_000003	5.930	She never finished milking that cow, nor did she ever milk any cow when her husband was at home.	3830_12531_000012_000003	5.930	She never finished milking that cow, nor did she ever milk any cow when her husband was at home.
8838_298545_000014_000002	7.700	A young man stood at the entrance- a stocky, bull necked young miner, in tweed Sunday clothes and an aggressive neck tie.	8838_298545_000014_000002	7.700	A young man stood at the entrance- a stocky, bull necked young miner, in tweed Sunday clothes and an aggressive neck tie.
2092_145706_000048_000000	7.480	Ferko wandered out into the fields again, and sat down on the stump of a tree wondering what he should do next.	2092_145706_000048_000000	7.480	Ferko wandered out into the fields again, and sat down on the stump of a tree wondering what he should do next.
2092_145706_000051_000001	4.150	He lay down once more on the grass and soon fell fast asleep.	2092_145706_000051_000001	4.150	He lay down once more on the grass and soon fell fast asleep.
4137_11702_000064_000000	8.450	"He's-he's-well, he's---- Here he is, Father." She ran up to him impulsively as he came in at the door.	4137_11702_000064_000000	8.450	"He's-he's-well, he's---- Here he is, Father." She ran up to him impulsively as he came in at the door.
6181_216552_000036_000005	9.010	But, nevertheless, the principle remained the same: equality had sanctioned possession; equality sanctioned property.	6181_216552_000036_000005	9.010	But, nevertheless, the principle remained the same: equality had sanctioned possession; equality sanctioned property.
374_180298_000055_000000	3.700	"And for whom else should I bury myself here, if not for you?"	374_180298_000055_000000	3.700	"And for whom else should I bury myself here, if not for you?"
8468_295198_000014_000000	4.680	"O mrs Magpie, pray don't speak to my husband; he will think I've been complaining."	8468_295198_000014_000000	4.680	"O mrs Magpie, pray don't speak to my husband; he will think I've been complaining."
4859_26870_000023_000003	3.480	Like a cat, she had attached herself not to the people but to the home.	4859_26870_000023_000003	3.480	Like a cat, she had attached herself not to the people but to the home.
1183_133255_000026_000001	5.130	It FEEDS the tissue, REFINES the texture, INSTANTLY beautifies, and PERMANENTLY benefits.	1183_133255_000026_000001	5.130	It FEEDS the tissue, REFINES the texture, INSTANTLY beautifies, and PERMANENTLY benefits.
3983_5331_000079_000000	5.870	mr Carlyle knew her and her resolute expression well, and he took his course, to tell her the truth.	3983_5331_000079_000000	5.870	mr Carlyle knew her and her resolute expression well, and he took his course, to tell her the truth.
3664_11714_000040_000000	3.640	The monk, without replying a single word, made a step to withdraw.	3664_11714_000040_000000	3.640	The monk, without replying a single word, made a step to withdraw.
8797_294123_000034_000000	6.090	The religion of Japan is practically a worship of the State itself. Patriotism is the expression of this worship.	8797_294123_000034_000000	6.090	The religion of Japan is practically a worship of the State itself. Patriotism is the expression of this worship.
460_172357_000012_000003	7.160	But I have known them in such a variety of forms, with such alternations of tall and short, dark and fair, that, individually, I should have much ado to know them.	460_172357_000012_000003	7.160	But I have known them in such a variety of forms, with such alternations of tall and short, dark and fair, that, individually, I should have much ado to know them.
7800_283478_000027_000002	4.370	So I reckon we'll have to put our hands in our pockets and pay your bill, mr Benchley."	7800_283478_000027_000002	4.370	So I reckon we'll have to put our hands in our pockets and pay your bill, mr Benchley."
8088_284756_000191_000001	4.450	Then he lifted his dark eyes to mine, and smiled, rather wearily.	8088_284756_000191_000001	4.450	Then he lifted his dark eyes to mine, and smiled, rather wearily.
2843_152918_000010_000009	4.830	The air ahead of us was as black as pitch, as though it concealed something.	2843_152918_000010_000009	4.830	The air ahead of us was as black as pitch, as though it concealed something.
1578_140045_000052_000000	4.760	"I know you do, Mirandy; but that don't MAKE you so," returned Jane with a smile.	1578_140045_000052_000000	4.760	"I know you do, Mirandy; but that don't MAKE you so," returned Jane with a smile.
1040_133433_000096_000000	4.260	"You have missed a bit," interrupts Jane, who now knows the story better than her mother.	1040_133433_000096_000000	4.260	"You have missed a bit," interrupts Jane, who now knows the story better than her mother.
1363_139304_000019_000001	4.710	Beyond and remote were vast and vague architectural forms.	1363_139304_000019_000001	4.710	Beyond and remote were vast and vague architectural forms.
5561_39621_000048_000001	3.700	I do not despair, Parry; have you faith in my resignation?"	5561_39621_000048_000001	3.700	I do not despair, Parry; have you faith in my resignation?"
6147_34605_000029_000006	5.210	Degradation of rank, an aristocratic prelude, began what the revolution was to complete.	6147_34605_000029_000006	5.210	Degradation of rank, an aristocratic prelude, began what the revolution was to complete.
446_123501_000024_000000	5.940	They were conversing together in low tones, and gesticulating and pointing toward me.	446_123501_000024_000000	5.940	They were conversing together in low tones, and gesticulating and pointing toward me.
6272_70171_000002_000001	7.290	From its open sides I looked out on a tranquil, agreeable landscape; there was nothing saline in the atmosphere.	6272_70171_000002_000001	7.290	From its open sides I looked out on a tranquil, agreeable landscape; there was nothing saline in the atmosphere.
2002_139469_000016_000005	4.580	As yet western Europe was uninfected; would it always be so?	2002_139469_000016_000005	4.580	As yet western Europe was uninfected; would it always be so?
8630_305212_000015_000000	3.810	The ceremony over, he turned to his wife and smiled.	8630_305212_000015_000000	3.810	The ceremony over, he turned to his wife and smiled.
8747_293952_000101_000000	2.850	Jerry tossed his fair curls and looked roguish.	8747_293952_000101_000000	2.850	Jerry tossed his fair curls and looked roguish.
2836_5355_000068_000000	2.720	"I received these from you a month ago," she said.	2836_5355_000068_000000	2.720	"I received these from you a month ago," she said.
8609_262281_000046_000003	2.860	We do not breakfast until nine, on account of Tom and Charley.	8609_262281_000046_000003	2.860	We do not breakfast until nine, on account of Tom and Charley.
1898_145724_000021_000000	7.970	The Prince answered at once, 'I have heard so much of your beauty and kindness, that I would very much like to enter your service.'	1898_145724_000021_000000	7.970	The Prince answered at once, 'I have heard so much of your beauty and kindness, that I would very much like to enter your service.'
7067_76048_000026_000001	8.900	It was not so much that she felt they had to be left together that made her do this as her own consciousness of being possessed by a devil who interrupted conversations.	7067_76048_000026_000001	8.900	It was not so much that she felt they had to be left together that made her do this as her own consciousness of being possessed by a devil who interrupted conversations.
7190_90543_000014_000000	3.320	"What is the opinion you have formed about it, Wigan?" he said.	7190_90543_000014_000000	3.320	"What is the opinion you have formed about it, Wigan?" he said.
8747_293952_000088_000002	7.570	But the fact of Conniston leaving the army and from Durham's attitude I shrewdly suspect he is, and in hiding.	8747_293952_000088_000002	7.570	But the fact of Conniston leaving the army and from Durham's attitude I shrewdly suspect he is, and in hiding.
2910_131096_000016_000003	7.330	On the contrary he charged her to make no attempt to see him, for it was his pleasure, for the best of reasons, to keep concealed.	2910_131096_000016_000003	7.330	On the contrary he charged her to make no attempt to see him, for it was his pleasure, for the best of reasons, to keep concealed.
6078_54013_000020_000000	5.910	Well, he played and played until, by and by, the door opened, and out came a serving man.	6078_54013_000020_000000	5.910	Well, he played and played until, by and by, the door opened, and out came a serving man.
1841_150351_000003_000000	8.920	The Indians upon the Pacific slope were generally found to be inferior in most respects to those living in the central and eastern portions of the continent.	1841_150351_000003_000000	8.920	The Indians upon the Pacific slope were generally found to be inferior in most respects to those living in the central and eastern portions of the continent.
1970_28415_000068_000003	2.640	The man I kiss will be the one you want."	1970_28415_000068_000003	2.640	The man I kiss will be the one you want."
6209_34601_000089_000000	2.920	"Will you be kind enough to eat it all up, you cub?	6209_34601_000089_000000	2.920	"Will you be kind enough to eat it all up, you cub?
7635_105409_000015_000001	7.620	The men had sprung to their feet, there was no need for further silence on their part; the very cliffs echoed the poor, heart broken woman's screams.	7635_105409_000015_000001	7.620	The men had sprung to their feet, there was no need for further silence on their part; the very cliffs echoed the poor, heart broken woman's screams.
1116_137572_000021_000004	5.980	Knowing themselves accepted, they lounge-mentally, mannerly, and physically-when at home or elsewhere alone together.	1116_137572_000021_000004	5.980	Knowing themselves accepted, they lounge-mentally, mannerly, and physically-when at home or elsewhere alone together.
5561_41616_000012_000000	3.800	"What a delicate way of reminding me that I once was a freshman!" she exclaimed.	5561_41616_000012_000000	3.800	"What a delicate way of reminding me that I once was a freshman!" she exclaimed.
5514_19193_000062_000003	2.540	It was the sparrow pecking at the sportsmen.	5514_19193_000062_000003	2.540	It was the sparrow pecking at the sportsmen.
229_130880_000039_000000	2.880	"Oh!" I said "You know about-"	229_130880_000039_000000	2.880	"Oh!" I said "You know about-"
198_209_000004_000009	7.830	At the bottom of the street, however, she looked back again, and then, not at a window, but issuing from the door, she saw Miss Tilney herself.	198_209_000004_000009	7.830	At the bottom of the street, however, she looked back again, and then, not at a window, but issuing from the door, she saw Miss Tilney herself.
1841_159771_000023_000001	3.950	And he dived out of the old oak straight at Master Meadow Mouse.	1841_159771_000023_000001	3.950	And he dived out of the old oak straight at Master Meadow Mouse.
8838_298546_000004_000000	2.500	"No, sir; I have had some business to detain me."	8838_298546_000004_000000	2.500	"No, sir; I have had some business to detain me."
405_130895_000035_000001	3.560	This forecast fair weather. And so it proved.	405_130895_000035_000001	3.560	This forecast fair weather. And so it proved.
5463_39173_000043_000001	4.700	It is parish business about which I am going, so it need not irk his conscience to stay in for me."	5463_39173_000043_000001	4.700	It is parish business about which I am going, so it need not irk his conscience to stay in for me."
1088_134315_000097_000000	8.900	It was not the first visit she had made to the big underground room with its vaulted roof and its great ranges-which were seldom used nowadays, for Kara gave no dinners.	1088_134315_000097_000000	8.900	It was not the first visit she had made to the big underground room with its vaulted roof and its great ranges-which were seldom used nowadays, for Kara gave no dinners.
4680_16026_000026_000000	4.400	"The railing is old," interpolated a fifth, who had the voice of a ventriloquist.	4680_16026_000026_000000	4.400	"The railing is old," interpolated a fifth, who had the voice of a ventriloquist.
8419_286676_000004_000003	5.720	The Minnows said they could not bear the looks of the Adders-they had such ugly mouths and such quick motions.	8419_286676_000004_000003	5.720	The Minnows said they could not bear the looks of the Adders-they had such ugly mouths and such quick motions.
5561_41616_000054_000007	2.580	They tossed their heads, but they didn't hiss any more."	5561_41616_000054_000007	2.580	They tossed their heads, but they didn't hiss any more."
1334_135589_000007_000000	7.730	"I know but of two that I can recommend from personal knowledge; but these two officers I can venture to pledge myself for."	1334_135589_000007_000000	7.730	"I know but of two that I can recommend from personal knowledge; but these two officers I can venture to pledge myself for."
5163_18515_000051_000000	7.630	"That's capital," said Jasper, in huge satisfaction, pouring the coins into the mother's lap, where they rolled underneath the fat baby.	5163_18515_000051_000000	7.630	"That's capital," said Jasper, in huge satisfaction, pouring the coins into the mother's lap, where they rolled underneath the fat baby.
226_122538_000007_000000	7.990	All beautiful sights brought this pang to her heart since the reading of that paragraph on the piazza of the Mena House Hotel.	226_122538_000007_000000	7.990	All beautiful sights brought this pang to her heart since the reading of that paragraph on the piazza of the Mena House Hotel.
1867_154071_000013_000000	6.250	She closed the door behind her and, walking to the top of the steps, paused there and looked up and down the street.	1867_154071_000013_000000	6.250	She closed the door behind her and, walking to the top of the steps, paused there and looked up and down the street.
6019_3185_000033_000010	2.750	Nobody remembered to have seen them abroad for years.	6019_3185_000033_000010	2.750	Nobody remembered to have seen them abroad for years.
1088_134315_000081_000000	3.760	"mr Kara will be very cross, but I don't see how you can help it.	1088_134315_000081_000000	3.760	"mr Kara will be very cross, but I don't see how you can help it.
7800_283493_000030_000001	3.290	Bluff even got down on hands and knees in order to see better.	7800_283493_000030_000001	3.290	Bluff even got down on hands and knees in order to see better.
909_131041_000016_000002	8.860	It will not be too strong to say, that there will be a constant probability of seeing the station filled by characters pre-eminent for ability and virtue.	909_131041_000016_000002	8.860	It will not be too strong to say, that there will be a constant probability of seeing the station filled by characters pre-eminent for ability and virtue.
1355_39947_000000_000008	9.270	We know that hypnotism is not based on any special power of the hypnotizer; there is no magnetic fluid in the sense of the old mesmerism.	1355_39947_000000_000008	9.270	We know that hypnotism is not based on any special power of the hypnotizer; there is no magnetic fluid in the sense of the old mesmerism.
6272_70168_000020_000000	4.750	"Are you unhappy because you love him so well, mother, and feel that you must make expiation?"	6272_70168_000020_000000	4.750	"Are you unhappy because you love him so well, mother, and feel that you must make expiation?"
27_123349_000015_000011	3.210	It was hinted that the late King had died by poison.	27_123349_000015_000011	3.210	It was hinted that the late King had died by poison.
405_130894_000031_000001	5.250	My movements were quite free, although they were executed under a pressure of thirty atmospheres.	405_130894_000031_000001	5.250	My movements were quite free, although they were executed under a pressure of thirty atmospheres.
4018_107338_000017_000001	8.710	When we discovered him yesterday your father and myself agreed that we should not mention to you the-the mystification of which we had been dupes."	4018_107338_000017_000001	8.710	When we discovered him yesterday your father and myself agreed that we should not mention to you the-the mystification of which we had been dupes."
7635_105409_000017_000000	3.290	"Into it, my men, and let no one escape from that hut alive!"	7635_105409_000017_000000	3.290	"Into it, my men, and let no one escape from that hut alive!"
200_124139_000008_000002	3.060	Her dirty petticoat quite escaped my notice."	200_124139_000008_000002	3.060	Her dirty petticoat quite escaped my notice."
8324_286683_000014_000000	7.720	They pushed and scrambled some more, and one of the youngest children said to one of the oldest, "Well, I don't care.	8324_286683_000014_000000	7.720	They pushed and scrambled some more, and one of the youngest children said to one of the oldest, "Well, I don't care.
7447_91186_000003_000006	4.640	Not until the eighteenth century was each key provided with a separate string.	7447_91186_000003_000006	4.640	Not until the eighteenth century was each key provided with a separate string.
5339_14133_000006_000005	8.230	The shops in the town were equally busy; stores had to be purchased by the whaling masters, warm clothing of all sorts to be provided.	5339_14133_000006_000005	8.230	The shops in the town were equally busy; stores had to be purchased by the whaling masters, warm clothing of all sorts to be provided.
8468_286673_000012_000003	6.870	He could do this very easily, because his eyes were not on the front of his head like those of some people, but one on each side.	8468_286673_000012_000003	6.870	He could do this very easily, because his eyes were not on the front of his head like those of some people, but one on each side.
1088_129236_000026_000009	7.880	From exchanging glances, they advance to acts of courtesy, of gallantry, then to fiery passion, to plighting troth and marriage.	1088_129236_000026_000009	7.880	From exchanging glances, they advance to acts of courtesy, of gallantry, then to fiery passion, to plighting troth and marriage.
6454_120342_000036_000003	3.560	Everywhere they wished us a merry Christmas, and we them.	6454_120342_000036_000003	3.560	Everywhere they wished us a merry Christmas, and we them.
32_21634_000011_000001	2.990	"You're not going to cut down the whole forest, I hope."	32_21634_000011_000001	2.990	"You're not going to cut down the whole forest, I hope."
8797_294123_000014_000000	4.530	Nor is the Chinese the type of permanence which he has been so often designated.	8797_294123_000014_000000	4.530	Nor is the Chinese the type of permanence which he has been so often designated.
405_130895_000010_000000	4.260	"All right, all right!" the Canadian repeated in embarrassment.	405_130895_000010_000000	4.260	"All right, all right!" the Canadian repeated in embarrassment.
1624_142933_000004_000001	5.650	"The way you are staring, peter Rabbit, one would think that you had really heard something new and worth while."	1624_142933_000004_000001	5.650	"The way you are staring, peter Rabbit, one would think that you had really heard something new and worth while."
103_1241_000004_000002	5.500	In fact, he had looked at twenty very much as he looked at sixty, lacking a little of the grayness.	103_1241_000004_000002	5.500	In fact, he had looked at twenty very much as he looked at sixty, lacking a little of the grayness.
2843_152918_000017_000000	3.790	As soon as this was done Hanssen and I set out to explore.	2843_152918_000017_000000	3.790	As soon as this was done Hanssen and I set out to explore.
298_126791_000050_000000	2.540	"On the march, Isabella?" eagerly inquired her brother.	298_126791_000050_000000	2.540	"On the march, Isabella?" eagerly inquired her brother.
6880_216547_000012_000000	3.620	"I now propose, gentlemen, to discharge this duty.	6880_216547_000012_000000	3.620	"I now propose, gentlemen, to discharge this duty.
2416_152137_000020_000000	6.380	A block down, he turned from Broadway out of the theatre crowds that streamed in both directions past him.	2416_152137_000020_000000	6.380	A block down, he turned from Broadway out of the theatre crowds that streamed in both directions past him.
6209_34601_000008_000006	8.500	Behind, projecting hinges indicated a door, and in the centre of this door a square opening showed a light inside the caravan.	6209_34601_000008_000006	8.500	Behind, projecting hinges indicated a door, and in the centre of this door a square opening showed a light inside the caravan.
8580_287364_000035_000000	3.340	They went softly to the storeroom, and listened at the door.	8580_287364_000035_000000	3.340	They went softly to the storeroom, and listened at the door.
7078_271888_000018_000000	9.240	"You shall see her before long." His gaze grew bright, soft, and vague, as one who catches glimpses of the floating garments of supernatural mysteries.	7078_271888_000018_000000	9.240	"You shall see her before long." His gaze grew bright, soft, and vague, as one who catches glimpses of the floating garments of supernatural mysteries.
1263_141777_000029_000000	4.310	Thankfully Rynch found his own lurking place from which he could keep the other in sight.	1263_141777_000029_000000	4.310	Thankfully Rynch found his own lurking place from which he could keep the other in sight.
6415_100596_000029_000001	5.060	Am sorry to have missed so many meetings, but have not been able to attend classes lately.	6415_100596_000029_000001	5.060	Am sorry to have missed so many meetings, but have not been able to attend classes lately.
5104_33407_000028_000000	2.660	"Surely luck has brought us also to a new country.	5104_33407_000028_000000	2.660	"Surely luck has brought us also to a new country.
1263_139804_000005_000005	6.100	On this world, of Brief all vegetables mature in periods so short that one marvels when he hears it.	1263_139804_000005_000005	6.100	On this world, of Brief all vegetables mature in periods so short that one marvels when he hears it.
8630_305212_000014_000002	6.990	With the simplicity and trustfulness of a child, he looked to her for guidance, and did all that she desired.	8630_305212_000014_000002	6.990	With the simplicity and trustfulness of a child, he looked to her for guidance, and did all that she desired.
6476_57446_000017_000002	3.020	I really must beg your lordship to take it back again."	6476_57446_000017_000002	3.020	I really must beg your lordship to take it back again."
8108_280354_000010_000001	9.250	But she must follow you at a distance, nor must you once turn round to look upon her till you have passed beyond these realms.	8108_280354_000010_000001	9.250	But she must follow you at a distance, nor must you once turn round to look upon her till you have passed beyond these realms.
5022_29411_000029_000001	7.910	"I've got burdens on my mind," he explained, "or I should have thought of it too." Having done justice to his own abilities, he bustled out.	5022_29411_000029_000001	7.910	"I've got burdens on my mind," he explained, "or I should have thought of it too." Having done justice to his own abilities, he bustled out.
6415_116629_000019_000000	4.090	Judith lifted her water jug and was turning away, but Blasi detained her.	6415_116629_000019_000000	4.090	Judith lifted her water jug and was turning away, but Blasi detained her.
405_130894_000055_000000	4.150	"After tomorrow," he said, "the air tanks will be empty!"	405_130894_000055_000000	4.150	"After tomorrow," he said, "the air tanks will be empty!"
8975_270782_000019_000004	6.290	None of these limitations exist in the beginning, but are gradually built up in the course of development and education.	8975_270782_000019_000004	6.290	None of these limitations exist in the beginning, but are gradually built up in the course of development and education.
1246_124550_000018_000002	6.310	Kennicott and Main Street had drained her self reliance; the presence of Hugh made her feel temporary.	1246_124550_000018_000002	6.310	Kennicott and Main Street had drained her self reliance; the presence of Hugh made her feel temporary.
5561_41615_000027_000000	3.960	There was a moment of suspense, then Eleanor Savell proudly rose from her seat.	5561_41615_000027_000000	3.960	There was a moment of suspense, then Eleanor Savell proudly rose from her seat.
7859_102519_000003_000000	5.280	Ere he had reached his twenty first year Justinian had plunged into war with the Bulgarians.	7859_102519_000003_000000	5.280	Ere he had reached his twenty first year Justinian had plunged into war with the Bulgarians.
1183_128659_000025_000001	6.530	If two persons, while walking, divide so as to pass an obstruction one on one side and one on the other, they will quarrel.	1183_128659_000025_000001	6.530	If two persons, while walking, divide so as to pass an obstruction one on one side and one on the other, they will quarrel.
7078_271888_000011_000002	3.030	A scene occurred between us-and we parted.	7078_271888_000011_000002	3.030	A scene occurred between us-and we parted.
40_121026_000197_000000	5.960	"And you have discovered a means of regaining our freedom, have you not?" asked Dantes eagerly.	40_121026_000197_000000	5.960	"And you have discovered a means of regaining our freedom, have you not?" asked Dantes eagerly.
696_93314_000023_000000	8.400	The Onlooker had never done anything wronger than you have done, my good reader, and he never expected to meet a giant temptation, any more than you do.	696_93314_000023_000000	8.400	The Onlooker had never done anything wronger than you have done, my good reader, and he never expected to meet a giant temptation, any more than you do.
6147_34605_000021_000002	3.330	Lady Jane Grey had carried fashion to the point of knowing Hebrew.	6147_34605_000021_000002	3.330	Lady Jane Grey had carried fashion to the point of knowing Hebrew.
1841_159771_000070_000002	9.110	I'll step right out of my tunnel and have my swim without taking a look see first." But Master Meadow Mouse was never so lazy as that.	1841_159771_000070_000002	9.110	I'll step right out of my tunnel and have my swim without taking a look see first." But Master Meadow Mouse was never so lazy as that.
6147_34606_000007_000008	2.720	All, moreover, had their coats turned the wrong way, for luck.	6147_34606_000007_000008	2.720	All, moreover, had their coats turned the wrong way, for luck.
4195_186236_000038_000003	2.990	Why, we'll be as snug and contented as pigs in clover.	4195_186236_000038_000003	2.990	Why, we'll be as snug and contented as pigs in clover.
7264_92316_000040_000001	3.900	Only a small number of people were acquainted with such particular truths.	7264_92316_000040_000001	3.900	Only a small number of people were acquainted with such particular truths.
405_130894_000033_000000	3.230	"Five nights and four days!" I told my companions.	405_130894_000033_000000	3.230	"Five nights and four days!" I told my companions.
5808_54425_000025_000000	5.550	Some one was playing rag time on the piano, and the dancers were wheeling in time to the music.	5808_54425_000025_000000	5.550	Some one was playing rag time on the piano, and the dancers were wheeling in time to the music.
5322_7679_000018_000005	3.620	That look expressed not hatred but cold contempt.	5322_7679_000018_000005	3.620	That look expressed not hatred but cold contempt.
6531_61334_000041_000005	3.620	After a reign of two years Ahaziah was succeeded by Joram.	6531_61334_000041_000005	3.620	After a reign of two years Ahaziah was succeeded by Joram.
250_142276_000005_000000	6.780	She was ready with a bright smile, in which there was not a trace of fatigue, to greet her father when he awakened.	250_142276_000005_000000	6.780	She was ready with a bright smile, in which there was not a trace of fatigue, to greet her father when he awakened.
2518_154825_000016_000001	8.220	And then the path grew steeper and steeper, and Elzevir went slower and slower, till at last he spoke:	2518_154825_000016_000001	8.220	And then the path grew steeper and steeper, and Elzevir went slower and slower, till at last he spoke:
7800_283493_000052_000001	3.660	"Give me five minutes more to get this film in fresh water and then I'll come."	7800_283493_000052_000001	3.660	"Give me five minutes more to get this film in fresh water and then I'll come."
8465_246942_000004_000000	7.250	Helen's only knowledge of guilt came from the pale image of it lifted above her horizon by the refraction of her sympathy.	8465_246942_000004_000000	7.250	Helen's only knowledge of guilt came from the pale image of it lifted above her horizon by the refraction of her sympathy.
6272_70171_000020_000006	2.830	"Send off the babies, Alice, and ring the bell for breakfast."	6272_70171_000020_000006	2.830	"Send off the babies, Alice, and ring the bell for breakfast."
40_222_000009_000005	4.340	I am undeceived in time! But it is a heavy blow!	40_222_000009_000005	4.340	I am undeceived in time! But it is a heavy blow!
4680_16042_000016_000010	5.520	slip away, all in a tremble, saying: "After all, I have had enough of it as it is.	4680_16042_000016_000010	5.520	slip away, all in a tremble, saying: "After all, I have had enough of it as it is.
6415_100596_000023_000001	4.320	"I don't believe we'd better put her in the roll book till we find out who she is."	6415_100596_000023_000001	4.320	"I don't believe we'd better put her in the roll book till we find out who she is."
6272_70191_000008_000001	4.710	In the passage I heard a knocking from Veronica's room, and crossed to learn what she wanted.	6272_70191_000008_000001	4.710	In the passage I heard a knocking from Veronica's room, and crossed to learn what she wanted.
5808_54425_000010_000010	3.850	After some demur she received him upon his former footing.	5808_54425_000010_000010	3.850	After some demur she received him upon his former footing.
302_123516_000029_000003	4.060	Without a sound he slipped to the floor, stone dead.	302_123516_000029_000003	4.060	Without a sound he slipped to the floor, stone dead.
7178_34645_000042_000002	7.310	The work on which he was engaged could only be expressed in these strange words-the construction of a thunderbolt.	7178_34645_000042_000002	7.310	The work on which he was engaged could only be expressed in these strange words-the construction of a thunderbolt.
298_126791_000012_000001	2.780	"The tongue is well, and the pulse begins to lower again.	298_126791_000012_000001	2.780	"The tongue is well, and the pulse begins to lower again.
40_222_000033_000003	7.640	"But," said Eleanor, after a short pause, "would it be to promote his happiness, to enable him to marry such a girl?	40_222_000033_000003	7.640	"But," said Eleanor, after a short pause, "would it be to promote his happiness, to enable him to marry such a girl?
250_142286_000003_000002	9.480	Her son had given her a carriage; but she refused to let him keep horses for it; they were hired for the solemn occasions, when she paid morning or evening visits.	250_142286_000003_000002	9.480	Her son had given her a carriage; but she refused to let him keep horses for it; they were hired for the solemn occasions, when she paid morning or evening visits.
1970_10594_000038_000003	2.950	But this has been in my pocket for six years.	1970_10594_000038_000003	2.950	But this has been in my pocket for six years.
7059_88364_000012_000007	7.290	The California photo playwright can base his Crowd Picture upon the city worshipping mobs of San Francisco.	7059_88364_000012_000007	7.290	The California photo playwright can base his Crowd Picture upon the city worshipping mobs of San Francisco.
4088_158077_000103_000003	5.710	They were promptly arrested for "obstructing the traffic." They, too, were dismissed and their cases never tried.	4088_158077_000103_000003	5.710	They were promptly arrested for "obstructing the traffic." They, too, were dismissed and their cases never tried.
8312_279790_000002_000007	4.990	Then, lifting up her veil, she showed lovely blue eyes and dark eyelashes.	8312_279790_000002_000007	4.990	Then, lifting up her veil, she showed lovely blue eyes and dark eyelashes.
1263_138246_000017_000000	7.080	"Well, twenty four, if you like, my noble captain," said Ardan; "twenty four minutes in which to investigate----"	1263_138246_000017_000000	7.080	"Well, twenty four, if you like, my noble captain," said Ardan; "twenty four minutes in which to investigate----"
7059_88364_000008_000007	6.540	It is thrillingly possible for the state and the art to acquire spiritual tradition and depth together.	7059_88364_000008_000007	6.540	It is thrillingly possible for the state and the art to acquire spiritual tradition and depth together.
3526_176653_000035_000000	4.010	"Have you got a father?" Like a flash, her whole face changed.	3526_176653_000035_000000	4.010	"Have you got a father?" Like a flash, her whole face changed.
3526_176653_000089_000001	8.180	The little fellow wheeled suddenly, and his feet spurned the sand around the bushes for home-the astonished frog dragged bumping after him.	3526_176653_000089_000001	8.180	The little fellow wheeled suddenly, and his feet spurned the sand around the bushes for home-the astonished frog dragged bumping after him.
2196_170151_000002_000001	6.010	But what, to our eyes, may seem hopeless failure is often but the dawning of a greater success.	2196_170151_000002_000001	6.010	But what, to our eyes, may seem hopeless failure is often but the dawning of a greater success.
8108_280354_000011_000001	9.140	In silence Orpheus led on, till the goal was close at hand and the welcoming light of the upper air began to penetrate the darkness.	8108_280354_000011_000001	9.140	In silence Orpheus led on, till the goal was close at hand and the welcoming light of the upper air began to penetrate the darkness.
8098_278252_000030_000003	2.760	At dusk I had covered only three miles.	8098_278252_000030_000003	2.760	At dusk I had covered only three miles.
1447_17506_000045_000000	3.140	"You've been deceived in your Italian friend, Louise.	1447_17506_000045_000000	3.140	"You've been deceived in your Italian friend, Louise.
6147_34606_000016_000003	3.220	Lord David, therefore, made his cock as bald as possible.	6147_34606_000016_000003	3.220	Lord David, therefore, made his cock as bald as possible.
1737_146161_000000_000001	5.030	This may either be done in Shetland or German wool, and is very pretty in black Shetland wool.	1737_146161_000000_000001	5.030	This may either be done in Shetland or German wool, and is very pretty in black Shetland wool.
4297_13006_000027_000001	2.610	And why should not a foreigner be as good as an Englishman?	4297_13006_000027_000001	2.610	And why should not a foreigner be as good as an Englishman?
3664_11714_000020_000003	6.900	Yet, although hitherto he had bowed his head before the authority of the Church, he had already raised it against the temporal power.	3664_11714_000020_000003	6.900	Yet, although hitherto he had bowed his head before the authority of the Church, he had already raised it against the temporal power.
3982_178459_000054_000000	2.710	"Were desperately poor," she said.	3982_178459_000054_000000	2.710	"Were desperately poor," she said.
5322_7679_000032_000000	5.620	'What are you glad about?' asked Olenin. 'Supposing your brother had been killed; would you be glad?'	5322_7679_000032_000000	5.620	'What are you glad about?' asked Olenin. 'Supposing your brother had been killed; would you be glad?'
7511_102419_000029_000003	9.330	I heard one of them say he would be glad when some one killed a bear, as he had heard they were fine eating, having strata of fat alternating with strata of lean.	7511_102419_000029_000003	9.330	I heard one of them say he would be glad when some one killed a bear, as he had heard they were fine eating, having strata of fat alternating with strata of lean.
8468_294887_000023_000006	8.330	"Why," said he, "I must have one of them in my school." He took me to a class where I found one of the young men, to whom I gave the needful information.	8468_294887_000023_000006	8.330	"Why," said he, "I must have one of them in my school." He took me to a class where I found one of the young men, to whom I gave the needful information.
2136_5147_000006_000000	3.030	'I-I really don't know; I rather think not.	2136_5147_000006_000000	3.030	'I-I really don't know; I rather think not.
3240_131231_000089_000004	5.620	Or Science and its continuity with Presbyterianism-data like this are damned at birth.	3240_131231_000089_000004	5.620	Or Science and its continuity with Presbyterianism-data like this are damned at birth.
8108_274318_000017_000000	5.090	And, after himself, the first to recognise it was the old dog lying in his corner.	8108_274318_000017_000000	5.090	And, after himself, the first to recognise it was the old dog lying in his corner.
5163_39921_000015_000000	8.720	"You haven't any proof that it is really them, Mary," objected her husband, "and you shouldn't make reckless accusations before folks."	5163_39921_000015_000000	8.720	"You haven't any proof that it is really them, Mary," objected her husband, "and you shouldn't make reckless accusations before folks."
2989_138035_000030_000000	8.030	"Have done, thou glutton," said Don Quixote; "come, let us go and witness this bridal, and see what the rejected Basilio does."	2989_138035_000030_000000	8.030	"Have done, thou glutton," said Don Quixote; "come, let us go and witness this bridal, and see what the rejected Basilio does."
8580_287364_000063_000000	4.310	"How you got aboard, and what your object was in coming."	8580_287364_000063_000000	4.310	"How you got aboard, and what your object was in coming."
374_180299_000018_000000	5.590	A week later Marguerite was settled in her country house, and I was installed at Point du Jour.	374_180299_000018_000000	5.590	A week later Marguerite was settled in her country house, and I was installed at Point du Jour.
8468_286673_000009_000001	7.420	"Why are you not up here with your brothers and sisters?" she asked suddenly of the Slow Little Turtle, who was trying to make a place for himself on the log.	8468_286673_000009_000001	7.420	"Why are you not up here with your brothers and sisters?" she asked suddenly of the Slow Little Turtle, who was trying to make a place for himself on the log.
7402_90848_000027_000001	7.780	"No, I have n't seen your half hour; I would n't tell you if I had; what's more, I don't want to see it.	7402_90848_000027_000001	7.780	"No, I have n't seen your half hour; I would n't tell you if I had; what's more, I don't want to see it.
7226_86964_000020_000002	5.490	There's a good many what kin learn the playin' part of it without no teacher; but there has to be lessons to learn the bellers.	7226_86964_000020_000002	5.490	There's a good many what kin learn the playin' part of it without no teacher; but there has to be lessons to learn the bellers.
6272_70191_000025_000001	7.220	But I was imprisoned in the cage of Life-the Keeper would not let me go; her he had let loose.	6272_70191_000025_000001	7.220	But I was imprisoned in the cage of Life-the Keeper would not let me go; her he had let loose.
8108_280354_000011_000000	6.890	A steep path led upward from the realm of darkness, and the way was hard to find through the gloom.	8108_280354_000011_000000	6.890	A steep path led upward from the realm of darkness, and the way was hard to find through the gloom.
5652_19215_000008_000000	7.080	Jean Valjean did everything, smoothed away every difficulty, arranged everything, made everything easy.	5652_19215_000008_000000	7.080	Jean Valjean did everything, smoothed away every difficulty, arranged everything, made everything easy.
1040_133433_000071_000006	3.700	In the end she grew up of her own free will a day quicker than other girls.	1040_133433_000071_000006	3.700	In the end she grew up of her own free will a day quicker than other girls.
2416_152139_000061_000002	6.380	A year ago you saw this night coming-when you must have money, or face ruin and exposure.	2416_152139_000061_000002	6.380	A year ago you saw this night coming-when you must have money, or face ruin and exposure.
8226_274371_000024_000002	4.850	The counties obeyed the one or the other, according as they stood affected.	8226_274371_000024_000002	4.850	The counties obeyed the one or the other, according as they stood affected.
8312_279791_000028_000004	7.200	Then the populace stormed the tower, rescued the sick and almost dying princess, and crowned her as their queen.	8312_279791_000028_000004	7.200	Then the populace stormed the tower, rescued the sick and almost dying princess, and crowned her as their queen.
1183_133255_000063_000000	3.460	Ask your Druggist for MIXER'S CANCER and SCROFULA SYRUP.	1183_133255_000063_000000	3.460	Ask your Druggist for MIXER'S CANCER and SCROFULA SYRUP.
6209_34601_000085_000000	9.140	He drew away the sponge which she was sucking, allowed the cough to subside, and then replaced the phial to her lips, saying, "Suck, you little wretch!"	6209_34601_000085_000000	9.140	He drew away the sponge which she was sucking, allowed the cough to subside, and then replaced the phial to her lips, saying, "Suck, you little wretch!"
7505_83618_000003_000001	4.230	Yet I do not imagine that the one was copied or borrowed from the other.	7505_83618_000003_000001	4.230	Yet I do not imagine that the one was copied or borrowed from the other.
196_122159_000008_000000	6.820	'"How much more did you want?" I asked; but I think I spoke so low that he did not catch what I said.	196_122159_000008_000000	6.820	'"How much more did you want?" I asked; but I think I spoke so low that he did not catch what I said.
412_126975_000048_000001	5.360	"I think, my dear," he said, "you must get someone else for pantaloon."	412_126975_000048_000001	5.360	"I think, my dear," he said, "you must get someone else for pantaloon."
1263_138246_000003_000001	4.930	There, an opening made for the purpose gave them access to the aluminum car.	1263_138246_000003_000001	4.930	There, an opening made for the purpose gave them access to the aluminum car.
1841_150351_000023_000000	4.860	The villages are located in some protected spot where the canoes can lie in safety.	1841_150351_000023_000000	4.860	The villages are located in some protected spot where the canoes can lie in safety.
250_142286_000021_000000	3.530	'Well! here is Fanny then, who is seldom without an ailment.	250_142286_000021_000000	3.530	'Well! here is Fanny then, who is seldom without an ailment.
8419_286667_000010_000001	3.300	"I did not want to frighten you." And he looked at her admiringly.	8419_286667_000010_000001	3.300	"I did not want to frighten you." And he looked at her admiringly.
6272_70171_000025_000000	3.430	"Mother," I said afterward, "I am afraid I am an animal.	6272_70171_000025_000000	3.430	"Mother," I said afterward, "I am afraid I am an animal.
6081_41998_000006_000004	3.930	"You will, at least, take my name and address?" continued the driver.	6081_41998_000006_000004	3.930	"You will, at least, take my name and address?" continued the driver.
4830_25898_000021_000003	6.780	Sam never saw her, but shut down the cover of the bin as he passed, and left poor Peep to die.	4830_25898_000021_000003	6.780	Sam never saw her, but shut down the cover of the bin as he passed, and left poor Peep to die.
250_142286_000035_000002	7.720	But she must know of those days.' Margaret's manner had an extra tinge of coldness in it when she next spoke.	250_142286_000035_000002	7.720	But she must know of those days.' Margaret's manner had an extra tinge of coldness in it when she next spoke.
4297_13006_000065_000003	8.180	But a feeling began to grow upon him already that his daughter had a mode of pleading with him which he would not ultimately be able to resist.	4297_13006_000065_000003	8.180	But a feeling began to grow upon him already that his daughter had a mode of pleading with him which he would not ultimately be able to resist.
4859_26870_000022_000000	5.480	"'To him that hath shall be given, and from him that hath not shall be taken away.' You remember?	4859_26870_000022_000000	5.480	"'To him that hath shall be given, and from him that hath not shall be taken away.' You remember?
5514_19192_000011_000001	9.420	A platoon of the National Guard would constitute itself on its own authority a private council of war, and judge and execute a captured insurgent in five minutes.	5514_19192_000011_000001	9.420	A platoon of the National Guard would constitute itself on its own authority a private council of war, and judge and execute a captured insurgent in five minutes.
669_129061_000023_000006	4.060	Nor did Sir Pitt vouchsafe her any explanation.	669_129061_000023_000006	4.060	Nor did Sir Pitt vouchsafe her any explanation.
1553_140048_000004_000001	7.520	There was a porch there, and seated in a rocking chair, husking corn, was a good looking young man, or was he middle aged?	1553_140048_000004_000001	7.520	There was a porch there, and seated in a rocking chair, husking corn, was a good looking young man, or was he middle aged?
4160_11550_000049_000000	5.550	"He might have waited," Theo said to herself, with an unexpected, inconsistent feeling of wretchedness.	4160_11550_000049_000000	5.550	"He might have waited," Theo said to herself, with an unexpected, inconsistent feeling of wretchedness.
1624_142933_000018_000001	3.210	There was no beautiful rose color about mrs Grosbeak.	1624_142933_000018_000001	3.210	There was no beautiful rose color about mrs Grosbeak.
8095_274348_000003_000000	5.490	But his great success at Paris proved as fatal as his former failure at Madrid.	8095_274348_000003_000000	5.490	But his great success at Paris proved as fatal as his former failure at Madrid.
1867_148436_000077_000001	2.560	D'you mind if I turn in on that bunk over there?"	1867_148436_000077_000001	2.560	D'you mind if I turn in on that bunk over there?"
7517_100437_000010_000004	2.890	You may be worthy; I do not know.	7517_100437_000010_000004	2.890	You may be worthy; I do not know.
5390_24512_000043_000000	6.200	'The law of Moses is like salt, but the Talmud is balmy spice,' they would say.	5390_24512_000043_000000	6.200	'The law of Moses is like salt, but the Talmud is balmy spice,' they would say.
6081_41997_000007_000000	3.640	"I had already passed them, when they began to call after me.	6081_41997_000007_000000	3.640	"I had already passed them, when they began to call after me.
1088_129236_000008_000005	3.460	Perhaps we never saw them before, and never shall meet them again.	1088_129236_000008_000005	3.460	Perhaps we never saw them before, and never shall meet them again.
3830_12535_000025_000000	3.840	"I want to; but what about my wife and the two babies, at the island?"	3830_12535_000025_000000	3.840	"I want to; but what about my wife and the two babies, at the island?"
4859_26870_000006_000001	7.540	She never cried from pain or vexation, but always from sorrow or pity, and when she wept her radiant eyes acquired an irresistible charm.	4859_26870_000006_000001	7.540	She never cried from pain or vexation, but always from sorrow or pity, and when she wept her radiant eyes acquired an irresistible charm.
7794_295955_000002_000023	6.660	The dragon began to give an account in detail: "My strength is a long way off, and you cannot go thither.	7794_295955_000002_000023	6.660	The dragon began to give an account in detail: "My strength is a long way off, and you cannot go thither.
5561_41616_000035_000002	3.150	The seniors did not intend to allow them to score again in a hurry.	5561_41616_000035_000002	3.150	The seniors did not intend to allow them to score again in a hurry.
32_21634_000023_000001	5.720	And the whole village seemed greatly disappointed, until Grandaddy Beaver made a short speech.	32_21634_000023_000001	5.720	And the whole village seemed greatly disappointed, until Grandaddy Beaver made a short speech.
4397_15678_000003_000003	6.200	Hungry at times and weary, he has corresponding enjoyment in eating and resting, and all the wilderness is home.	4397_15678_000003_000003	6.200	Hungry at times and weary, he has corresponding enjoyment in eating and resting, and all the wilderness is home.
1334_135589_000093_000000	8.180	This is all that we have been able to collect relative to the several parties; and so now we must say farewell.	1334_135589_000093_000000	8.180	This is all that we have been able to collect relative to the several parties; and so now we must say farewell.
6454_93938_000032_000002	8.700	I faltered, balancing the outwitting of Camp against State's prison, the doing my best for Madge against the wrong of it.	6454_93938_000032_000002	8.700	I faltered, balancing the outwitting of Camp against State's prison, the doing my best for Madge against the wrong of it.
196_122159_000005_000000	2.830	'"One couldn't be sure," he muttered.	196_122159_000005_000000	2.830	'"One couldn't be sure," he muttered.
5163_39921_000044_000005	5.870	I have been thinking it over, and I admit I was somewhat unreasonable.	5163_39921_000044_000005	5.870	I have been thinking it over, and I admit I was somewhat unreasonable.
7067_76047_000035_000003	5.630	I don't think there has been any stepmother, either friendly or hostile? There hasn't been.	7067_76047_000035_000003	5.630	I don't think there has been any stepmother, either friendly or hostile? There hasn't been.
2289_152258_000024_000000	3.470	After a time the number of his followers began to increase.	2289_152258_000024_000000	3.470	After a time the number of his followers began to increase.
6000_55211_000024_000002	7.370	Relief in the end conquered, though even yet there was a second hurriedly apprehensive glance toward the door before she spoke.	6000_55211_000024_000002	7.370	Relief in the end conquered, though even yet there was a second hurriedly apprehensive glance toward the door before she spoke.
2289_152253_000018_000001	8.080	Here the people bravely resisted the invaders. They shut their gates and defended themselves in every way they could.	2289_152253_000018_000001	8.080	Here the people bravely resisted the invaders. They shut their gates and defended themselves in every way they could.
5778_54535_000019_000002	7.300	Two portraits by this American artist hang in the Boston Museum of Fine Arts, but most of them are owned in England.	5778_54535_000019_000002	7.300	Two portraits by this American artist hang in the Boston Museum of Fine Arts, but most of them are owned in England.
7264_92314_000008_000001	7.040	The current simulacrum of criticism apparently attacking some portion of the regime, never deals with matters vital to its prestige.	7264_92314_000008_000001	7.040	The current simulacrum of criticism apparently attacking some portion of the regime, never deals with matters vital to its prestige.
3240_131231_000018_000001	3.370	I omit many notes that I have upon indistinguishables.	3240_131231_000018_000001	3.370	I omit many notes that I have upon indistinguishables.
1743_142912_000025_000006	4.270	"Didn't I tell you the other day, peter Rabbit, that I'm not to be disturbed?	1743_142912_000025_000006	4.270	"Didn't I tell you the other day, peter Rabbit, that I'm not to be disturbed?
5022_29405_000045_000005	2.940	Write it for me, dear, and make me happy for the day."	5022_29405_000045_000005	2.940	Write it for me, dear, and make me happy for the day."
1088_129236_000019_000000	5.960	And here let us examine a little nearer the nature of that influence which is thus potent over the human youth.	1088_129236_000019_000000	5.960	And here let us examine a little nearer the nature of that influence which is thus potent over the human youth.
3879_173592_000011_000003	6.980	A deep dejection fell upon them,--a dejection that would have sunk to despair could their eyes have pierced the future.	3879_173592_000011_000003	6.980	A deep dejection fell upon them,--a dejection that would have sunk to despair could their eyes have pierced the future.
6209_34600_000009_000000	5.310	Weymouth, a hamlet, was then the suburb of Melcombe Regis, a city and port.	6209_34600_000009_000000	5.310	Weymouth, a hamlet, was then the suburb of Melcombe Regis, a city and port.
4297_13006_000009_000003	3.570	Of course you'll have money, but then I suppose he makes a large income himself.	4297_13006_000009_000003	3.570	Of course you'll have money, but then I suppose he makes a large income himself.
5750_100289_000016_000002	7.700	A large portrait of him adorns the parlor of the club, showing him as the naked Indian captive of about four years old.	5750_100289_000016_000002	7.700	A large portrait of him adorns the parlor of the club, showing him as the naked Indian captive of about four years old.
3440_171009_000033_000000	4.500	Elsie ran out of the room and was back again almost in a moment, with the doll in her arms.	3440_171009_000033_000000	4.500	Elsie ran out of the room and was back again almost in a moment, with the doll in her arms.
4362_15663_000008_000003	4.650	When tired with walking I still wallowed slowly upward on all fours.	4362_15663_000008_000003	4.650	When tired with walking I still wallowed slowly upward on all fours.
2836_5354_000015_000002	5.700	Compliments the very opposite to honey and sweetness have generally supervened long before.	2836_5354_000015_000002	5.700	Compliments the very opposite to honey and sweetness have generally supervened long before.
8419_293469_000005_000002	6.340	I was hatched in the pond beyond the farm house, and ate my way from the egg to the water outside like any other Frog.	8419_293469_000005_000002	6.340	I was hatched in the pond beyond the farm house, and ate my way from the egg to the water outside like any other Frog.
412_126975_000075_000000	5.420	"Chloroform," he said as he rose; "I only guessed it just now."	412_126975_000075_000000	5.420	"Chloroform," he said as he rose; "I only guessed it just now."
2196_174172_000004_000012	6.620	I will increase it unto the Perfect Day." Grow in each day, and make each day grow.	2196_174172_000004_000012	6.620	I will increase it unto the Perfect Day." Grow in each day, and make each day grow.
460_172359_000006_000000	6.920	Everybody knew Jeff and liked him, but the odd thing was that till he made money nobody took any stock in his ideas at all.	460_172359_000006_000000	6.920	Everybody knew Jeff and liked him, but the odd thing was that till he made money nobody took any stock in his ideas at all.
6272_70171_000015_000000	3.700	"Yes," I said huskily, for the dry biscuit choked me.	6272_70171_000015_000000	3.700	"Yes," I said huskily, for the dry biscuit choked me.
78_369_000063_000008	3.930	I attempted to speak, but the words died away on my lips.	78_369_000063_000008	3.930	I attempted to speak, but the words died away on my lips.
8123_275193_000008_000004	8.970	His legs and body grew longer; and, with this lengthening of parts, there came a development of intellectual acuteness that was particularly surprising.	8123_275193_000008_000004	8.970	His legs and body grew longer; and, with this lengthening of parts, there came a development of intellectual acuteness that was particularly surprising.
7505_258958_000029_000003	4.650	The vineyard has no value to Tantalus, unable to reach its fruit.	7505_258958_000029_000003	4.650	The vineyard has no value to Tantalus, unable to reach its fruit.
6531_61334_000022_000000	6.370	After Solomon died, the kingdom of his son Rehoboam was restricted to Judah, Benjamin, Moab, and Edom.	6531_61334_000022_000000	6.370	After Solomon died, the kingdom of his son Rehoboam was restricted to Judah, Benjamin, Moab, and Edom.
3486_166446_000019_000000	5.030	And at last it was twin sister of Norhala who looked upon her from the face of ruth!	3486_166446_000019_000000	5.030	And at last it was twin sister of Norhala who looked upon her from the face of ruth!
32_21634_000004_000000	8.660	So they stopped working, for once, and began to plan the celebration. They thought that there ought to be swimming races and tree felling contests.	32_21634_000004_000000	8.660	So they stopped working, for once, and began to plan the celebration. They thought that there ought to be swimming races and tree felling contests.
302_123516_000027_000001	8.930	Food was brought me at intervals but owing to the utter darkness of the place I do not know whether I lay there days, or weeks, or months.	302_123516_000027_000001	8.930	Food was brought me at intervals but owing to the utter darkness of the place I do not know whether I lay there days, or weeks, or months.
8324_286681_000001_000004	7.210	Still, as the Mother Mud Turtle said, "They had known that they were there, and the mud seemed empty without them."	8324_286681_000001_000004	7.210	Still, as the Mother Mud Turtle said, "They had known that they were there, and the mud seemed empty without them."
2092_145709_000005_000000	8.110	One day when she was pacing to and fro under the lime trees, a black crow hopped out of a rose bush in front of her.	2092_145709_000005_000000	8.110	One day when she was pacing to and fro under the lime trees, a black crow hopped out of a rose bush in front of her.
6019_3185_000014_000005	3.550	He is himself one of the noblest looking of God's creatures.	6019_3185_000014_000005	3.550	He is himself one of the noblest looking of God's creatures.
6181_216552_000077_000000	5.590	Not only does occupation lead to equality, it PREVENTS property.	6181_216552_000077_000000	5.590	Not only does occupation lead to equality, it PREVENTS property.
405_130895_000041_000002	5.830	By then we had fared sixteen thousand leagues since coming on board in the seas of Japan.	405_130895_000041_000002	5.830	By then we had fared sixteen thousand leagues since coming on board in the seas of Japan.
1898_145702_000025_000001	7.480	If you can tell me what you will get for your roast meat, you shall be free, and shall also keep the whip.'	1898_145702_000025_000001	7.480	If you can tell me what you will get for your roast meat, you shall be free, and shall also keep the whip.'
1553_140048_000024_000000	6.390	"Oh!" exclaimed Rebecca sympathetically,--"mine was no shoes and too many babies and not enough books.	1553_140048_000024_000000	6.390	"Oh!" exclaimed Rebecca sympathetically,--"mine was no shoes and too many babies and not enough books.
8747_293952_000086_000001	4.990	I have not much money now, but I will have some-a great deal some day."	8747_293952_000086_000001	4.990	I have not much money now, but I will have some-a great deal some day."
6454_120342_000015_000000	8.820	singing with all that unconscious pathos with which children do sing, and starting the tears in your eyes in the midst of your gladness.	6454_120342_000015_000000	8.820	singing with all that unconscious pathos with which children do sing, and starting the tears in your eyes in the midst of your gladness.
1040_133433_000113_000002	8.850	Wendy was sitting on the floor, very close to the fire, so as to see to darn, for there was no other light in the nursery; and while she sat darning she heard a crow.	1040_133433_000113_000002	8.850	Wendy was sitting on the floor, very close to the fire, so as to see to darn, for there was no other light in the nursery; and while she sat darning she heard a crow.
4406_16883_000002_000004	3.780	I went, and he gave me a pancake, about as big as two fingers.	4406_16883_000002_000004	3.780	I went, and he gave me a pancake, about as big as two fingers.
6529_62554_000055_000001	3.840	All the pirates in the Pacific have only to present themselves before Granite House!	6529_62554_000055_000001	3.840	All the pirates in the Pacific have only to present themselves before Granite House!
887_123289_000017_000000	3.760	"Well, now," he repeated, "won't you tell me how you have slept?"	887_123289_000017_000000	3.760	"Well, now," he repeated, "won't you tell me how you have slept?"
2952_410_000017_000006	6.620	Now I often pray that I may be able to make some atonement for the evil which I did, and to reestablish the ancestral home.	2952_410_000017_000006	6.620	Now I often pray that I may be able to make some atonement for the evil which I did, and to reestablish the ancestral home.
7067_76048_000025_000002	4.450	Its delight was particularly manifest in the cream and salad it produced for lunch.	7067_76048_000025_000002	4.450	Its delight was particularly manifest in the cream and salad it produced for lunch.
831_130746_000002_000000	5.110	The ostler (being a fool) rushed violently down the road vociferating after them.	831_130746_000002_000000	5.110	The ostler (being a fool) rushed violently down the road vociferating after them.
7505_83618_000000_000000	5.710	Our authorities on Iroquois traditions, though numerous enough, are not so satisfactory.	7505_83618_000000_000000	5.710	Our authorities on Iroquois traditions, though numerous enough, are not so satisfactory.
2182_181183_000016_000000	5.740	"Here's a paper for you, Dick," he said; "you can look it over when you drop in at Delmonico's for your breakfast.	2182_181183_000016_000000	5.740	"Here's a paper for you, Dick," he said; "you can look it over when you drop in at Delmonico's for your breakfast.
8747_293952_000035_000001	3.570	But he is dead, so you need not cast stones at his memory."	8747_293952_000035_000001	3.570	But he is dead, so you need not cast stones at his memory."
7511_102420_000006_000006	3.140	So I will spend this snowy day in writing to you.	7511_102420_000006_000006	3.140	So I will spend this snowy day in writing to you.
3235_28452_000006_000002	7.510	They came from the east, west, north and south, all sorry to know of her illness, and bringing presents with them.	3235_28452_000006_000002	7.510	They came from the east, west, north and south, all sorry to know of her illness, and bringing presents with them.
6563_285357_000014_000001	3.500	Certainly it has placed many notable flights to its credit.	6563_285357_000014_000001	3.500	Certainly it has placed many notable flights to its credit.
3982_182255_000025_000000	6.250	So when mr Newberry said "It's worse than Russia!" he meant it, every word.	3982_182255_000025_000000	6.250	So when mr Newberry said "It's worse than Russia!" he meant it, every word.
8468_294887_000005_000000	7.610	The "Vigilance Committee," for aiding and befriending fugitives, of which I was treasurer for many years, had no better or warmer friend than he.	8468_294887_000005_000000	7.610	The "Vigilance Committee," for aiding and befriending fugitives, of which I was treasurer for many years, had no better or warmer friend than he.
5514_19193_000050_000000	5.030	By dint of advancing, he reached a point where the fog of the fusillade became transparent.	5514_19193_000050_000000	5.030	By dint of advancing, he reached a point where the fog of the fusillade became transparent.
3982_178459_000010_000000	4.150	He followed her into the room where they always sat, and sank into a chair.	3982_178459_000010_000000	4.150	He followed her into the room where they always sat, and sank into a chair.
8088_284756_000058_000003	3.090	I turned, but not quickly enough to entirely escape.	8088_284756_000058_000003	3.090	I turned, but not quickly enough to entirely escape.
6272_70171_000020_000005	3.070	I was glad when Cousin Charles came in, looking at his watch.	6272_70171_000020_000005	3.070	I was glad when Cousin Charles came in, looking at his watch.
4018_103416_000005_000002	6.320	The great six months battle of the Somme, with its million casualties, was resulting favorably.	4018_103416_000005_000002	6.320	The great six months battle of the Somme, with its million casualties, was resulting favorably.
8975_270782_000014_000008	7.410	Impatient waiting for the death of the father grows to heights approximating tragedy in the case of a successor to the throne.	8975_270782_000014_000008	7.410	Impatient waiting for the death of the father grows to heights approximating tragedy in the case of a successor to the throne.
2007_132570_000038_000001	4.760	'What had I but trouble to expect, when I condescended to reason with a baby!	2007_132570_000038_000001	4.760	'What had I but trouble to expect, when I condescended to reason with a baby!
5514_19193_000062_000013	8.710	He played a fearful game of hide and seek with death; every time that the flat nosed face of the spectre approached, the urchin administered to it a fillip.	5514_19193_000062_000013	8.710	He played a fearful game of hide and seek with death; every time that the flat nosed face of the spectre approached, the urchin administered to it a fillip.
4267_287369_000028_000001	2.800	It will be here in less than half an hour."	4267_287369_000028_000001	2.800	It will be here in less than half an hour."
1116_132847_000084_000002	6.370	Bellah only drew it the tighter, and, flinging the sorceress into a pit, she rolled a great stone across the mouth, and left her.	1116_132847_000084_000002	6.370	Bellah only drew it the tighter, and, flinging the sorceress into a pit, she rolled a great stone across the mouth, and left her.
7794_295947_000021_000003	6.020	If that were not forthcoming, the most expensive medicine in the world would not restore the boy to health.	7794_295947_000021_000003	6.020	If that were not forthcoming, the most expensive medicine in the world would not restore the boy to health.
1334_135589_000050_000000	4.130	"Yes, I did; but let us not talk about it any more, my dear Edith.	1334_135589_000050_000000	4.130	"Yes, I did; but let us not talk about it any more, my dear Edith.
3486_166446_000071_000000	5.680	"But Martin," I stammered, fighting against choking, intolerable terror, "there was something else.	3486_166446_000071_000000	5.680	"But Martin," I stammered, fighting against choking, intolerable terror, "there was something else.
7067_76047_000050_000000	4.640	"The intelligence of all intelligent women is better than their characters.	7067_76047_000050_000000	4.640	"The intelligence of all intelligent women is better than their characters.
3440_171006_000033_000001	3.720	And with a graceful good night to the company, the little girl left the room.	3440_171006_000033_000001	3.720	And with a graceful good night to the company, the little girl left the room.
1263_138246_000023_000001	7.540	"He hopes!--He is not sure!-- and he waits for the moment when we are encased to make this deplorable admission!	1263_138246_000023_000001	7.540	"He hopes!--He is not sure!-- and he waits for the moment when we are encased to make this deplorable admission!
7505_83618_000009_000006	4.860	Four personages, companions or sons, were closely connected with him.	7505_83618_000009_000006	4.860	Four personages, companions or sons, were closely connected with him.
3486_166424_000112_000001	3.450	It swept through them like a scythe through ripe grain.	3486_166424_000112_000001	3.450	It swept through them like a scythe through ripe grain.
196_122152_000009_000002	9.330	He met the eyes of the white man. The glance directed at him was not the fascinated stare of the others. It was an act of intelligent volition.	196_122152_000009_000002	9.330	He met the eyes of the white man. The glance directed at him was not the fascinated stare of the others. It was an act of intelligent volition.
3168_173565_000027_000006	6.220	He realized that it was the real living Natasha, and he was not surprised but quietly happy.	3168_173565_000027_000006	6.220	He realized that it was the real living Natasha, and he was not surprised but quietly happy.
5750_100289_000037_000002	9.420	f a McKenzie of the university arranged the course, and soon afterward he wrote me that he believed the time was now ripe to organize our society.	5750_100289_000037_000002	9.420	f a McKenzie of the university arranged the course, and soon afterward he wrote me that he believed the time was now ripe to organize our society.
3879_173592_000031_000000	3.740	Laudonniere hesitated, and hereupon arose a great clamor.	3879_173592_000031_000000	3.740	Laudonniere hesitated, and hereupon arose a great clamor.
1334_135589_000052_000000	6.820	"Well," replied Edward, "since it is to be so, let us sit down and talk over the matter.	1334_135589_000052_000000	6.820	"Well," replied Edward, "since it is to be so, let us sit down and talk over the matter.
8797_294123_000009_000006	2.780	Everywhere a toiling population was in evidence.	8797_294123_000009_000006	2.780	Everywhere a toiling population was in evidence.
4362_15663_000016_000000	6.780	But the next spring, on the other side of this eventful winter, I saw and felt still more of the Shasta snow.	4362_15663_000016_000000	6.780	But the next spring, on the other side of this eventful winter, I saw and felt still more of the Shasta snow.
3857_180923_000020_000000	7.330	Sergeant Romulus c Loveridge, who had been entered in the class of eighteen sixty five at Yale, received a commission in a colored regiment.	3857_180923_000020_000000	7.330	Sergeant Romulus c Loveridge, who had been entered in the class of eighteen sixty five at Yale, received a commission in a colored regiment.
2182_181183_000017_000000	8.850	The pictures he spoke of were on the front page, and Dick was staring at one of them with his eyes and mouth open, and his sharp face almost pale with excitement.	2182_181183_000017_000000	8.850	The pictures he spoke of were on the front page, and Dick was staring at one of them with his eyes and mouth open, and his sharp face almost pale with excitement.
1183_133256_000042_000000	5.370	We remove desire of patients we accept for treatment, if directions are followed, and do it without pain or suffering.	1183_133256_000042_000000	5.370	We remove desire of patients we accept for treatment, if directions are followed, and do it without pain or suffering.
696_93314_000008_000001	5.320	It's all right-I was a fool. Pull yourself together-there's someone coming."	696_93314_000008_000001	5.320	It's all right-I was a fool. Pull yourself together-there's someone coming."
6367_65536_000014_000003	4.180	He wanted to go beyond the hills and seek what he knew must be there.	6367_65536_000014_000003	4.180	He wanted to go beyond the hills and seek what he knew must be there.
8108_280354_000007_000012	5.680	But if the Fates refuse a husband's prayers, I am resolved never to return hence.	8108_280354_000007_000012	5.680	But if the Fates refuse a husband's prayers, I am resolved never to return hence.
4297_13009_000025_000000	7.680	"Silverbridge is older now than I was then, and I think that makes it a very long time ago." Lord Silverbridge was the Duke's eldest son.	4297_13009_000025_000000	7.680	"Silverbridge is older now than I was then, and I think that makes it a very long time ago." Lord Silverbridge was the Duke's eldest son.
3879_173592_000006_000006	7.350	But, as his sway verged towards despotism, his subjects took offence, and split his head with a hatchet.	3879_173592_000006_000006	7.350	But, as his sway verged towards despotism, his subjects took offence, and split his head with a hatchet.
3664_178355_000012_000000	3.710	Again the excursion party approached, and once more the champagne was tapped.	3664_178355_000012_000000	3.710	Again the excursion party approached, and once more the champagne was tapped.
6529_62554_000025_000000	5.020	"I am of Neb's opinion," said Gideon Spilett, "but that is no reason for not attempting the adventure.	6529_62554_000025_000000	5.020	"I am of Neb's opinion," said Gideon Spilett, "but that is no reason for not attempting the adventure.
200_124140_000035_000003	7.940	She performed her part indeed without much graciousness, but mrs Bennet was satisfied, and soon afterwards ordered her carriage.	200_124140_000035_000003	7.940	She performed her part indeed without much graciousness, but mrs Bennet was satisfied, and soon afterwards ordered her carriage.
6563_285357_000010_000000	8.670	Although the Zeppelin was accepted as a perfect machine it has never been possible to disperse the atmosphere of disaster with which it has been enveloped from the first.	6563_285357_000010_000000	8.670	Although the Zeppelin was accepted as a perfect machine it has never been possible to disperse the atmosphere of disaster with which it has been enveloped from the first.
4195_186238_000023_000000	6.500	This last was directed at the head of the amazed porter, who, as the door slammed in his face, nodded solemnly and remarked:	4195_186238_000023_000000	6.500	This last was directed at the head of the amazed porter, who, as the door slammed in his face, nodded solemnly and remarked:
2989_138035_000031_000000	5.880	"Let him do what he likes," returned Sancho; "be he not poor, he would marry Quiteria.	2989_138035_000031_000000	5.880	"Let him do what he likes," returned Sancho; "be he not poor, he would marry Quiteria.
6064_56165_000013_000001	4.580	"We don't knock each other down and run the risk of breaking one another's noses."	6064_56165_000013_000001	4.580	"We don't knock each other down and run the risk of breaking one another's noses."
6209_34601_000007_000001	4.810	There was there a being alive and awake, though it might be a wild beast.	6209_34601_000007_000001	4.810	There was there a being alive and awake, though it might be a wild beast.
6064_300880_000051_000006	4.580	Don't know what it is or who she is, but she's up against it for a month's rest.	6064_300880_000051_000006	4.580	Don't know what it is or who she is, but she's up against it for a month's rest.
1502_122615_000040_000001	5.600	It was only as the figure of Uncas stood in the opening of the door that his firm step hesitated.	1502_122615_000040_000001	5.600	It was only as the figure of Uncas stood in the opening of the door that his firm step hesitated.
8088_284756_000134_000001	7.310	Suddenly a dim shadow swept across the sand at her feet, and she arrowed from the spot like a white, slim meteor.	8088_284756_000134_000001	7.310	Suddenly a dim shadow swept across the sand at her feet, and she arrowed from the spot like a white, slim meteor.
887_123291_000026_000000	3.000	I was good enough not to contradict this startling assertion.	887_123291_000026_000000	3.000	I was good enough not to contradict this startling assertion.
40_121026_000059_000001	9.260	I was generally liked on board, and had the sailors possessed the right of selecting a captain themselves, I feel convinced their choice would have fallen on me.	40_121026_000059_000001	9.260	I was generally liked on board, and had the sailors possessed the right of selecting a captain themselves, I feel convinced their choice would have fallen on me.
8324_286681_000002_000000	8.970	The larger people had been sorry to have them go, and some of them felt that without the Eels awake and stirring, the pond was hardly a safe place at night.	8324_286681_000002_000000	8.970	The larger people had been sorry to have them go, and some of them felt that without the Eels awake and stirring, the pond was hardly a safe place at night.
5022_29411_000058_000010	4.050	Did I feel the child's breath, in my day dream, still fluttering on my cheek?	5022_29411_000058_000010	4.050	Did I feel the child's breath, in my day dream, still fluttering on my cheek?
2136_5143_000041_000001	4.970	I treated her as if she had human sympathies, in the hope that they might be generated somehow.	2136_5143_000041_000001	4.970	I treated her as if she had human sympathies, in the hope that they might be generated somehow.
8419_286667_000005_000003	2.820	The flying Cranes trumpeted back, "We will!	8419_286667_000005_000003	2.820	The flying Cranes trumpeted back, "We will!
6272_70168_000050_000010	2.850	I took one of the brass lamps, proposing to go to bed.	6272_70168_000050_000010	2.850	I took one of the brass lamps, proposing to go to bed.
200_126784_000022_000001	9.450	It was too late to retreat to the woods in the rear of the cottage, for he would unavoidably be seen, and, followed by a troop of horse, as inevitably taken.	200_126784_000022_000001	9.450	It was too late to retreat to the woods in the rear of the cottage, for he would unavoidably be seen, and, followed by a troop of horse, as inevitably taken.
78_369_000054_000000	4.600	His sentence was pronounced, and I could only grieve and be patient.	78_369_000054_000000	4.600	His sentence was pronounced, and I could only grieve and be patient.
8063_274115_000003_000001	6.500	But the grocer had a heart of gold, ever mindful of the good old times-a trait that carries youth into old age.	8063_274115_000003_000001	6.500	But the grocer had a heart of gold, ever mindful of the good old times-a trait that carries youth into old age.
7078_271888_000104_000001	7.810	The limit for sending in to the Academy was approaching; but Dick did not write, and I could only wonder vaguely where he was wandering.	7078_271888_000104_000001	7.810	The limit for sending in to the Academy was approaching; but Dick did not write, and I could only wonder vaguely where he was wandering.
2416_152137_000010_000004	3.810	What if-Jimmie Dale smiled whimsically.	2416_152137_000010_000004	3.810	What if-Jimmie Dale smiled whimsically.
1624_142933_000038_000000	6.410	Somehow at that gentle touch Redcoat lost much of his fear, and a little hope sprang in his heart.	1624_142933_000038_000000	6.410	Somehow at that gentle touch Redcoat lost much of his fear, and a little hope sprang in his heart.
6848_76049_000003_000010	3.280	In itself that wasn't a thing to break her father's heart.	6848_76049_000003_000010	3.280	In itself that wasn't a thing to break her father's heart.
8465_246940_000023_000004	5.560	Possibly there is something you ought to do and are not doing, and that is why you cannot rest.	8465_246940_000023_000004	5.560	Possibly there is something you ought to do and are not doing, and that is why you cannot rest.
4137_11702_000067_000001	3.130	He wondered for a moment whether to order his daughter out of the room.	4137_11702_000067_000001	3.130	He wondered for a moment whether to order his daughter out of the room.
7067_76048_000050_000009	3.680	There is a consciousness of new powers and new responsibilities.	7067_76048_000050_000009	3.680	There is a consciousness of new powers and new responsibilities.
1502_122615_000038_000003	7.860	Marble could not be colder, calmer, or steadier than the countenance he put upon this sudden and vindictive attack.	1502_122615_000038_000003	7.860	Marble could not be colder, calmer, or steadier than the countenance he put upon this sudden and vindictive attack.
6272_70171_000017_000002	6.510	"And the glass is pinned up with nice yellow paper; and here is a damask napkin fastened to the wall behind the washstand.	6272_70171_000017_000002	6.510	"And the glass is pinned up with nice yellow paper; and here is a damask napkin fastened to the wall behind the washstand.
1992_141719_000013_000001	6.070	Some conquer'd two of their Antagonists, and others were so far successful as to get the better of three.	1992_141719_000013_000001	6.070	Some conquer'd two of their Antagonists, and others were so far successful as to get the better of three.
7078_271888_000058_000000	3.270	Spring came and went, but I saw very little of Dick.	7078_271888_000058_000000	3.270	Spring came and went, but I saw very little of Dick.
8609_262281_000006_000001	4.050	It was empty, though the children ought to have been there, preparing their lessons.	8609_262281_000006_000001	4.050	It was empty, though the children ought to have been there, preparing their lessons.
2989_138035_000020_000000	7.710	"We shall soon see," replied Corchuelo, and getting off his ass briskly, he drew out furiously one of the swords the licentiate carried on his beast.	2989_138035_000020_000000	7.710	"We shall soon see," replied Corchuelo, and getting off his ass briskly, he drew out furiously one of the swords the licentiate carried on his beast.
4018_107312_000035_000001	5.240	"And where have you been this long time, my child; and who's your friend?" she added in a lower tone.	4018_107312_000035_000001	5.240	"And where have you been this long time, my child; and who's your friend?" she added in a lower tone.
298_126791_000077_000000	8.930	"Very true," replied the captain, kicking a slipper towards the bed. "Had we succeeded in getting a few good fires upon them in flank, we should have sent these brave Virginians to the right about."	298_126791_000077_000000	8.930	"Very true," replied the captain, kicking a slipper towards the bed. "Had we succeeded in getting a few good fires upon them in flank, we should have sent these brave Virginians to the right about."
3436_172162_000016_000002	9.470	At length his progress was checked by a wide and rapid torrent, which could only be passed on a narrow bridge, on which a false step would prove his destruction.	3436_172162_000016_000002	9.470	At length his progress was checked by a wide and rapid torrent, which could only be passed on a narrow bridge, on which a false step would prove his destruction.
5561_41616_000026_000001	3.040	"She can go to that, even though she is on bad terms with the school."	5561_41616_000026_000001	3.040	"She can go to that, even though she is on bad terms with the school."
3982_182255_000056_000000	8.960	"We did," said mr Furlong, "at a more or less nominal sum-four hundred thousand or whatever it might be.	3982_182255_000056_000000	8.960	"We did," said mr Furlong, "at a more or less nominal sum-four hundred thousand or whatever it might be.
5514_19192_000011_000003	9.450	Fierce Lynch law, with which no one party had any right to reproach the rest, for it has been applied by the Republic in America, as well as by the monarchy in Europe.	5514_19192_000011_000003	9.450	Fierce Lynch law, with which no one party had any right to reproach the rest, for it has been applied by the Republic in America, as well as by the monarchy in Europe.
1088_129236_000030_000001	6.000	The angels that inhabit this temple of the body appear at the windows, and the gnomes and vices also.	1088_129236_000030_000001	6.000	The angels that inhabit this temple of the body appear at the windows, and the gnomes and vices also.
6476_57446_000032_000001	5.910	And when I think that it was I who first introduced her to my lord, I am ashamed to look you in the face."	6476_57446_000032_000001	5.910	And when I think that it was I who first introduced her to my lord, I am ashamed to look you in the face."
6078_54007_000058_000000	5.540	So the princes were sent packing, and the Fiddler was married to the queen, and reigned in that country.	6078_54007_000058_000000	5.540	So the princes were sent packing, and the Fiddler was married to the queen, and reigned in that country.
8088_284756_000078_000004	4.380	A heavy, snaky cable led from this panel to the maze of apparatus further on.	8088_284756_000078_000004	4.380	A heavy, snaky cable led from this panel to the maze of apparatus further on.
3168_173564_000003_000001	3.370	"I believe the whole of Moscow will burn, there's an awful glow!	3168_173564_000003_000001	3.370	"I believe the whole of Moscow will burn, there's an awful glow!
6437_66172_000022_000000	4.280	Late one dark Saturday night in September we carried our plan into effect.	6437_66172_000022_000000	4.280	Late one dark Saturday night in September we carried our plan into effect.
6147_34607_000009_000008	4.170	Her father, james the second., was candid and cruel; she was brutal.	6147_34607_000009_000008	4.170	Her father, james the second., was candid and cruel; she was brutal.
8051_119902_000027_000003	5.920	A wheat ration which would be fair for the North might actually increase the consumption in the South.	8051_119902_000027_000003	5.920	A wheat ration which would be fair for the North might actually increase the consumption in the South.
831_130746_000038_000001	6.020	At the turnings of the road he made his decisions with an air of profound promptitude (and quite haphazard).	831_130746_000038_000001	6.020	At the turnings of the road he made his decisions with an air of profound promptitude (and quite haphazard).
1088_134318_000036_000000	3.350	He came down the corridor talking to himself, and greeted Fisher.	1088_134318_000036_000000	3.350	He came down the corridor talking to himself, and greeted Fisher.
2911_7601_000019_000005	7.920	I arose and argued about trifles, in a high key and with violent gesticulations; but the noise steadily increased.	2911_7601_000019_000005	7.920	I arose and argued about trifles, in a high key and with violent gesticulations; but the noise steadily increased.
6209_34601_000068_000018	2.650	It is not appetite, it is ferocity.	6209_34601_000068_000018	2.650	It is not appetite, it is ferocity.
1553_140047_000014_000000	4.340	"No," grumbled Emma Jane; "infant is worse even than babe.	1553_140047_000014_000000	4.340	"No," grumbled Emma Jane; "infant is worse even than babe.
229_130880_000094_000000	6.610	"Yes," I said, "two million francs, and no doubt all it cost our captain was the effort to pick it up."	229_130880_000094_000000	6.610	"Yes," I said, "two million francs, and no doubt all it cost our captain was the effort to pick it up."
2436_2476_000004_000006	6.730	I told him what Snap and I had learned: the rays from the Moon, proving that Grantline had concentrated a considerable ore body.	2436_2476_000004_000006	6.730	I told him what Snap and I had learned: the rays from the Moon, proving that Grantline had concentrated a considerable ore body.
2843_152918_000010_000008	7.050	We continued our course in the constant expectation of finding some surprise or other in our line of route.	2843_152918_000010_000008	7.050	We continued our course in the constant expectation of finding some surprise or other in our line of route.
4137_11702_000039_000000	3.450	Merriwig looked round him to see that there were no eavesdroppers.	4137_11702_000039_000000	3.450	Merriwig looked round him to see that there were no eavesdroppers.
6064_56168_000020_000002	6.660	If you hadn't, I was going to tell Belle that it seems to me that Edith has a right to ask any one she wishes.	6064_56168_000020_000002	6.660	If you hadn't, I was going to tell Belle that it seems to me that Edith has a right to ask any one she wishes.
4137_11701_000066_000000	2.840	"Once more, I am not going to marry her."	4137_11701_000066_000000	2.840	"Once more, I am not going to marry her."
3830_12530_000015_000001	9.140	After a sober second thought, we realized that we had nothing to trade but labor; and we had not come as far as this to be laborers for hire.	3830_12530_000015_000001	9.140	After a sober second thought, we realized that we had nothing to trade but labor; and we had not come as far as this to be laborers for hire.
250_142286_000012_000000	5.560	'Fanny dear I shall have horses to the carriage to day, to go and call on these Hales.	250_142286_000012_000000	5.560	'Fanny dear I shall have horses to the carriage to day, to go and call on these Hales.
5514_19193_000030_000000	2.830	CHAPTER fifteen-GAVROCHE OUTSIDE	5514_19193_000030_000000	2.830	CHAPTER fifteen-GAVROCHE OUTSIDE
5022_29405_000103_000000	7.780	Having traversed the short distance between the cottage and the wood, I remembered that I had left my walking stick behind me, and returned to get it.	5022_29405_000103_000000	7.780	Having traversed the short distance between the cottage and the wood, I remembered that I had left my walking stick behind me, and returned to get it.
3607_29116_000053_000000	4.830	"john Jay and Benjamin Franklin were well enough in their day, but the nation has made progress since then.	3607_29116_000053_000000	4.830	"john Jay and Benjamin Franklin were well enough in their day, but the nation has made progress since then.
1263_139804_000011_000008	4.750	The government verifies, as much as possible, all reports before they are transmitted.	1263_139804_000011_000008	4.750	The government verifies, as much as possible, all reports before they are transmitted.
6385_34669_000026_000004	8.690	As for the crew, they were probably having their supper in the men's cabin, whilst awaiting the hour fixed for sailing, which was now rapidly approaching.	6385_34669_000026_000004	8.690	As for the crew, they were probably having their supper in the men's cabin, whilst awaiting the hour fixed for sailing, which was now rapidly approaching.
1970_26100_000042_000000	2.940	"When was the first time you did see him, Jackson?"	1970_26100_000042_000000	2.940	"When was the first time you did see him, Jackson?"
6367_65536_000024_000000	6.820	He and Stephen talked late that night, and in the morning he yielded to their entreaties to stay another day with them.	6367_65536_000024_000000	6.820	He and Stephen talked late that night, and in the morning he yielded to their entreaties to stay another day with them.
4406_16882_000025_000003	9.120	I told them it was the Sabbath day, and desired them to let me rest, and told them I would do as much more tomorrow; to which they answered me they would break my face.	4406_16882_000025_000003	9.120	I told them it was the Sabbath day, and desired them to let me rest, and told them I would do as much more tomorrow; to which they answered me they would break my face.
5022_29405_000026_000008	4.000	We are falling to pieces, as it were, on this old side of the house.	5022_29405_000026_000008	4.000	We are falling to pieces, as it were, on this old side of the house.
3857_180923_000017_000000	7.140	Sergeant Theodore c Glazier was a graduate of Trinity in the class of eighteen sixty, and was a tutor there when he enlisted.	3857_180923_000017_000000	7.140	Sergeant Theodore c Glazier was a graduate of Trinity in the class of eighteen sixty, and was a tutor there when he enlisted.
7780_274562_000004_000003	3.240	His family was one of the most illustrious of the empire.	7780_274562_000004_000003	3.240	His family was one of the most illustrious of the empire.
5393_19218_000037_000003	4.680	They cling to the seats, to the rumble, on the cheeks of the hood, on the shafts.	5393_19218_000037_000003	4.680	They cling to the seats, to the rumble, on the cheeks of the hood, on the shafts.
831_130739_000037_000001	8.740	Hoopdriver rode off into Dreamland on his machine, and was scarcely there before he was pitched back into the world of sense again.--Something-what was it?	831_130739_000037_000001	8.740	Hoopdriver rode off into Dreamland on his machine, and was scarcely there before he was pitched back into the world of sense again.--Something-what was it?
7178_34645_000003_000000	5.640	All this had occurred owing to the circumstance of a soldier having found a bottle on the beach.	7178_34645_000003_000000	5.640	All this had occurred owing to the circumstance of a soldier having found a bottle on the beach.
2893_139310_000033_000003	2.520	The whole mass of people was chanting together.	2893_139310_000033_000003	2.520	The whole mass of people was chanting together.
3242_67153_000026_000003	9.390	There's nothing criminal about either, but I don't hire sporty clerks at all, and the only part of the premises on which cigarette smoking is allowed is the fertilizer factory.	3242_67153_000026_000003	9.390	There's nothing criminal about either, but I don't hire sporty clerks at all, and the only part of the premises on which cigarette smoking is allowed is the fertilizer factory.
5867_48852_000038_000001	6.560	Did she know of that encounter between him and Crosbie? and if she did know of it, in what light did she regard it?	5867_48852_000038_000001	6.560	Did she know of that encounter between him and Crosbie? and if she did know of it, in what light did she regard it?
696_93314_000046_000001	8.800	He caught at it as a drowning man catches at a white gleam in the black of the surging sea about him-it may be a painted spar, it may be empty foam.	696_93314_000046_000001	8.800	He caught at it as a drowning man catches at a white gleam in the black of the surging sea about him-it may be a painted spar, it may be empty foam.
8108_280354_000004_000000	6.600	Orpheus wedded the fair nymph Eurydice, whom he loved dearly, and who returned his love.	8108_280354_000004_000000	6.600	Orpheus wedded the fair nymph Eurydice, whom he loved dearly, and who returned his love.
6848_76049_000017_000007	2.760	Protect, guard, cherish...."	6848_76049_000017_000007	2.760	Protect, guard, cherish...."
5393_19219_000014_000000	6.600	And Cosette, nestling close to Marius, caressed his ear with an angelic whisper: "So it is true.	5393_19219_000014_000000	6.600	And Cosette, nestling close to Marius, caressed his ear with an angelic whisper: "So it is true.
8838_298545_000022_000002	6.260	That single whizzing uppercut, and the way in which it was delivered, warned him that he had a formidable man to deal with.	8838_298545_000022_000002	6.260	That single whizzing uppercut, and the way in which it was delivered, warned him that he had a formidable man to deal with.
887_123290_000023_000000	6.710	We had traversed the shores of the Liedenbrock sea for a mile when we observed a sudden change in the appearance of the soil.	887_123290_000023_000000	6.710	We had traversed the shores of the Liedenbrock sea for a mile when we observed a sudden change in the appearance of the soil.
32_21631_000007_000002	5.610	Whenever he saw a bird soaring above the tree tops he couldn't help hoping it was mr Crow.	32_21631_000007_000002	5.610	Whenever he saw a bird soaring above the tree tops he couldn't help hoping it was mr Crow.
40_121026_000009_000001	6.460	A double movement of the globe he inhabited, and of which he could feel nothing, appeared to him perfectly impossible.	40_121026_000009_000001	6.460	A double movement of the globe he inhabited, and of which he could feel nothing, appeared to him perfectly impossible.
6415_100596_000050_000000	2.650	"That's so!" Patty exclaimed.	6415_100596_000050_000000	2.650	"That's so!" Patty exclaimed.
2416_152139_000025_000000	2.530	"Please don't do that," said Jimmie Dale softly.	2416_152139_000025_000000	2.530	"Please don't do that," said Jimmie Dale softly.
1867_154075_000080_000000	4.600	"Well," said Ronicky, "we've shaken hands, and now you can do what you please!	1867_154075_000080_000000	4.600	"Well," said Ronicky, "we've shaken hands, and now you can do what you please!
2836_5355_000083_000004	4.540	What do you take me for?" she repeated, rising in her bitter mortification.	2836_5355_000083_000004	4.540	What do you take me for?" she repeated, rising in her bitter mortification.
1963_142393_000005_000011	4.680	He must ask Dinah not to leave him in painful doubt longer than was needful.	1963_142393_000005_000011	4.680	He must ask Dinah not to leave him in painful doubt longer than was needful.
7178_34644_000030_000000	8.980	"We, the undersigned, brought up and kept, for eight years, for professional purposes, the little lord bought by us of the king.	7178_34644_000030_000000	8.980	"We, the undersigned, brought up and kept, for eight years, for professional purposes, the little lord bought by us of the king.
229_130880_000004_000000	3.430	Just then Captain Nemo and his chief officer appeared.	229_130880_000004_000000	3.430	Just then Captain Nemo and his chief officer appeared.
8324_286682_000021_000000	4.140	"Now try it," said he, after he had gnawed for quite a while.	8324_286682_000021_000000	4.140	"Now try it," said he, after he had gnawed for quite a while.
1502_122619_000042_000003	7.450	Then they fled to the Delawares-for, say they, the Delawares are our friends; their minds are turned from their Canada father!"	1502_122619_000042_000003	7.450	Then they fled to the Delawares-for, say they, the Delawares are our friends; their minds are turned from their Canada father!"
4680_16041_000010_000003	6.700	No one could be seen to speak in this throng, and yet there arose from it a dull, deep murmur.	4680_16041_000010_000003	6.700	No one could be seen to speak in this throng, and yet there arose from it a dull, deep murmur.
6476_57446_000021_000003	4.170	But when I tell her what you have just said, how glad and happy she will be!	6476_57446_000021_000003	4.170	But when I tell her what you have just said, how glad and happy she will be!
6078_54007_000044_000000	5.260	"Pooh!" said the Fiddler, "There's nothing there, after all," and he opened the door wide.	6078_54007_000044_000000	5.260	"Pooh!" said the Fiddler, "There's nothing there, after all," and he opened the door wide.
87_121553_000073_000000	7.710	Because that living Light, which from its fount Effulgent flows, so that it disunites not From Him nor from the Love in them intrined,	87_121553_000073_000000	7.710	Because that living Light, which from its fount Effulgent flows, so that it disunites not From Him nor from the Love in them intrined,
8098_275181_000030_000002	9.200	A sound of scuffling and tumbling on the ground at some distance assisted my wandering wits, and I rushed out of the barn and ran toward the field.	8098_275181_000030_000002	9.200	A sound of scuffling and tumbling on the ground at some distance assisted my wandering wits, and I rushed out of the barn and ran toward the field.
8063_274117_000048_000001	7.480	The two bearers of the corpse had unfastened the straps by which they carried the litter, and were letting their burden glide gently into the open grave.	8063_274117_000048_000001	7.480	The two bearers of the corpse had unfastened the straps by which they carried the litter, and were letting their burden glide gently into the open grave.
4406_16882_000017_000001	5.930	One of the Indians got up upon a horse, and they set me up behind him, with my poor sick babe in my lap.	4406_16882_000017_000001	5.930	One of the Indians got up upon a horse, and they set me up behind him, with my poor sick babe in my lap.
4195_186237_000043_000000	8.740	"It's cozy enough, my child; and I thank you for my welcome," said he. "But may I enquire where on earth you expect to stow me in this rather limited establishment?"	4195_186237_000043_000000	8.740	"It's cozy enough, my child; and I thank you for my welcome," said he. "But may I enquire where on earth you expect to stow me in this rather limited establishment?"
669_129074_000023_000002	3.490	He had left her, and she was wretched.	669_129074_000023_000002	3.490	He had left her, and she was wretched.
5789_70653_000017_000000	3.370	"Yes," replied the lady, "he did explain why.	5789_70653_000017_000000	3.370	"Yes," replied the lady, "he did explain why.
4088_158077_000075_000000	2.760	with the visit of the Russian diplomats to the President.	4088_158077_000075_000000	2.760	with the visit of the Russian diplomats to the President.
3486_166446_000011_000000	2.720	My gaze fell again upon the red brand.	3486_166446_000011_000000	2.720	My gaze fell again upon the red brand.
7302_86814_000010_000000	7.020	"I am no comrade of these people," said the young man, proudly, "you have no right to insult me thus."	7302_86814_000010_000000	7.020	"I am no comrade of these people," said the young man, proudly, "you have no right to insult me thus."
2182_181173_000008_000004	7.970	He's very kind, if he IS an earl; and he sent me a lot of money by mr Havisham, and I've brought some to you to buy Jake out."	2182_181173_000008_000004	7.970	He's very kind, if he IS an earl; and he sent me a lot of money by mr Havisham, and I've brought some to you to buy Jake out."
8838_298545_000059_000000	3.010	The publican and horse breaker felt it with an air of reverence.	8838_298545_000059_000000	3.010	The publican and horse breaker felt it with an air of reverence.
83_9960_000033_000011	6.880	I spoke to both the porter and the portress, a fine, stout woman, and they know nothing about him!"	83_9960_000033_000011	6.880	I spoke to both the porter and the portress, a fine, stout woman, and they know nothing about him!"
2416_152137_000034_000005	2.740	As for himself-that was different.	2416_152137_000034_000005	2.740	As for himself-that was different.
196_122159_000011_000015	2.630	I wasn't going to be frightened at what I had done.	196_122159_000011_000015	2.630	I wasn't going to be frightened at what I had done.
7067_76047_000051_000012	2.940	You carry marriage and entanglements lightly.	7067_76047_000051_000012	2.940	You carry marriage and entanglements lightly.
7447_91187_000009_000002	5.210	Neither of these men attempted to hamper his free growth by rigid technical restraints.	7447_91187_000009_000002	5.210	Neither of these men attempted to hamper his free growth by rigid technical restraints.
6064_56165_000068_000000	3.520	"Do you suppose he sits up too late?" asked Brenda.	6064_56165_000068_000000	3.520	"Do you suppose he sits up too late?" asked Brenda.
7402_90848_000059_000002	6.920	In spite of his mad dash, Bobo, who had spurred on ahead, arrived exactly half an hour late.	7402_90848_000059_000002	6.920	In spite of his mad dash, Bobo, who had spurred on ahead, arrived exactly half an hour late.
4195_186237_000026_000002	2.600	Our house is yours, and there's plenty and to spare."	4195_186237_000026_000002	2.600	Our house is yours, and there's plenty and to spare."
8419_286667_000013_000003	5.290	I am almost starved." After she had gone, he wondered why she had said that.	8419_286667_000013_000003	5.290	I am almost starved." After she had gone, he wondered why she had said that.
4214_7146_000000_000001	3.150	Diana Is Invited to Tea with Tragic Results	4214_7146_000000_000001	3.150	Diana Is Invited to Tea with Tragic Results
8468_286673_000024_000003	7.500	This did not really give him pain, yet, as he said afterward, "It hurts almost as much to think you are going to be hurt, as it does to be hurt."	8468_286673_000024_000003	7.500	This did not really give him pain, yet, as he said afterward, "It hurts almost as much to think you are going to be hurt, as it does to be hurt."
3259_158083_000119_000000	5.980	It was evident that the Administration was cognizant of every move in this procedure before it was executed.	3259_158083_000119_000000	5.980	It was evident that the Administration was cognizant of every move in this procedure before it was executed.
6385_34655_000009_000016	5.070	Passages, niches, alcoves, and secret recesses.	6385_34655_000009_000016	5.070	Passages, niches, alcoves, and secret recesses.
8838_298546_000022_000008	5.140	He must prepare himself carefully, throw away no chance, and do the very best that he could.	8838_298546_000022_000008	5.140	He must prepare himself carefully, throw away no chance, and do the very best that he could.
83_11691_000076_000004	7.230	Coronel had thought him-funny; but women had not much sense of humour as a rule.	83_11691_000076_000004	7.230	Coronel had thought him-funny; but women had not much sense of humour as a rule.
2836_5355_000085_000001	3.040	Have I not said so?" she sharply interrupted.	2836_5355_000085_000001	3.040	Have I not said so?" she sharply interrupted.
200_124140_000001_000002	4.810	The note was immediately dispatched, and its contents as quickly complied with.	200_124140_000001_000002	4.810	The note was immediately dispatched, and its contents as quickly complied with.
2436_2481_000024_000000	5.590	I stammered, "If ... if she dies ... will you flash us word?"	2436_2481_000024_000000	5.590	I stammered, "If ... if she dies ... will you flash us word?"
1116_132847_000025_000000	6.600	Now, unless you have been under the sea and beheld all the wonders that lie there, you can never have an idea what the Groac'h's palace was like.	1116_132847_000025_000000	6.600	Now, unless you have been under the sea and beheld all the wonders that lie there, you can never have an idea what the Groac'h's palace was like.
6209_34601_000094_000000	7.920	"She is drunk," said Ursus; and he continued, "After this, preach sermons on temperance!"	6209_34601_000094_000000	7.920	"She is drunk," said Ursus; and he continued, "After this, preach sermons on temperance!"
8419_286676_000022_000001	3.100	I even think that some of the Turtles are a little queer, don't you?"	8419_286676_000022_000001	3.100	I even think that some of the Turtles are a little queer, don't you?"
8123_275216_000057_000000	2.720	"Oak timber is better than Beech timber," they said.	8123_275216_000057_000000	2.720	"Oak timber is better than Beech timber," they said.
8838_298545_000050_000001	3.280	Work the grease out of him and I lay there's no great difference between them.	8838_298545_000050_000001	3.280	Work the grease out of him and I lay there's no great difference between them.
4340_15220_000070_000000	9.030	"I heard 'em roar just now;" and Billy stood up to gaze with big eyes at the flapping canvas which hid the king of beasts from his longing sight.	4340_15220_000070_000000	9.030	"I heard 'em roar just now;" and Billy stood up to gaze with big eyes at the flapping canvas which hid the king of beasts from his longing sight.
3830_12530_000056_000000	8.740	This camp did not prove so dreary as the last one, although it was more exposed to the swell of the big waters and the sweep of the wind.	3830_12530_000056_000000	8.740	This camp did not prove so dreary as the last one, although it was more exposed to the swell of the big waters and the sweep of the wind.
3374_298026_000004_000007	8.750	You accompany me through all the stages of manhood, from the utmost wantonness to the most refined spirituality.	3374_298026_000004_000007	8.750	You accompany me through all the stages of manhood, from the utmost wantonness to the most refined spirituality.
150_126112_000002_000006	4.760	They bore her across to the stone where they had already placed a little boat for her.	150_126112_000002_000006	4.760	They bore her across to the stone where they had already placed a little boat for her.
6367_74004_000031_000000	4.000	"Sylvia," said the Old Fellow, "I've loved you for years.	6367_74004_000031_000000	4.000	"Sylvia," said the Old Fellow, "I've loved you for years.
412_126975_000085_000004	5.390	You already had the clever notion of hiding the jewels in a blaze of false stage jewellery.	412_126975_000085_000004	5.390	You already had the clever notion of hiding the jewels in a blaze of false stage jewellery.
8098_275181_000010_000000	9.200	It would take far too much space to relate in detail the plans we laid and put in execution to catch that fox during the next two weeks.	8098_275181_000010_000000	9.200	It would take far too much space to relate in detail the plans we laid and put in execution to catch that fox during the next two weeks.
887_123290_000012_000006	4.490	I could get nothing out of a servant so feudalised, as it were, to his master.	887_123290_000012_000006	4.490	I could get nothing out of a servant so feudalised, as it were, to his master.
7078_271888_000093_000000	3.700	Taking it up, I eagerly read the following lines it contained:--	7078_271888_000093_000000	3.700	Taking it up, I eagerly read the following lines it contained:--
201_127786_000023_000002	5.930	But proceed; by and by I may tell you something that will astonish you as much as it will excite your compassion."	201_127786_000023_000002	5.930	But proceed; by and by I may tell you something that will astonish you as much as it will excite your compassion."
6019_3185_000025_000000	2.530	Then came-But enough!	6019_3185_000025_000000	2.530	Then came-But enough!
6209_34599_000018_000004	2.650	He felt the ineffable encouragement of hope.	6209_34599_000018_000004	2.650	He felt the ineffable encouragement of hope.
4830_25898_000034_000001	5.470	Come at once, for night is coming on, and the snow will soon be too deep for us,' said Blot.	4830_25898_000034_000001	5.470	Come at once, for night is coming on, and the snow will soon be too deep for us,' said Blot.
1355_39947_000020_000007	5.660	The child needs sleep and fresh air and healthful food more than anything else, if his mind is active.	1355_39947_000020_000007	5.660	The child needs sleep and fresh air and healthful food more than anything else, if his mind is active.
8098_275181_000009_000000	8.270	Rightly or wrongly, we attributed the mischief to a certain "silver gray" that had several times been seen in the neighborhood that autumn.	8098_275181_000009_000000	8.270	Rightly or wrongly, we attributed the mischief to a certain "silver gray" that had several times been seen in the neighborhood that autumn.
87_121553_000247_000000	7.110	Already were Gualterotti and Importuni; And still more quiet would the Borgo be If with new neighbours it remained unfed.	87_121553_000247_000000	7.110	Already were Gualterotti and Importuni; And still more quiet would the Borgo be If with new neighbours it remained unfed.
4195_186236_000026_000001	2.980	You can stay here," said the boy, suddenly arousing from his apathy.	4195_186236_000026_000001	2.980	You can stay here," said the boy, suddenly arousing from his apathy.
6563_285357_000007_000005	6.350	But as it approached the ground, Nature, as if infuriated at the conquest, rose up in rebellion.	6563_285357_000007_000005	6.350	But as it approached the ground, Nature, as if infuriated at the conquest, rose up in rebellion.
5390_24512_000015_000002	5.730	The Roman soldiers hesitated, but the Jews promised most faithfully to keep their word.	5390_24512_000015_000002	5.730	The Roman soldiers hesitated, but the Jews promised most faithfully to keep their word.
5163_39921_000025_000003	9.100	The other pupils thought themselves at liberty to follow this example, and in a month's time poor esther had completely lost control of her little kingdom.	5163_39921_000025_000003	9.100	The other pupils thought themselves at liberty to follow this example, and in a month's time poor esther had completely lost control of her little kingdom.
6147_34605_000018_000002	8.360	Biblical precedent goes so far as to speak of a child who was called Ebnehaquem or Melilechet-that is to say, the Wise Man's son.	6147_34605_000018_000002	8.360	Biblical precedent goes so far as to speak of a child who was called Ebnehaquem or Melilechet-that is to say, the Wise Man's son.
6563_285357_000001_000001	4.630	It stimulated financial support, and the second airship was taken in hand.	6563_285357_000001_000001	4.630	It stimulated financial support, and the second airship was taken in hand.
5561_41615_000045_000000	4.130	The girls silently donned their wraps and fled from the building like fugitives from justice.	5561_41615_000045_000000	4.130	The girls silently donned their wraps and fled from the building like fugitives from justice.
587_54108_000081_000000	5.780	"Wait for us, ruth," called mrs Levice, and the slight white figure stood still till they came up.	587_54108_000081_000000	5.780	"Wait for us, ruth," called mrs Levice, and the slight white figure stood still till they came up.
3830_12530_000031_000001	5.760	We hardly knew whether to camp in our boat or to start out on unknown waters in the dark.	3830_12530_000031_000001	5.760	We hardly knew whether to camp in our boat or to start out on unknown waters in the dark.
6818_76332_000028_000000	6.640	"I do not remember any one named Calthorpe, and I scarcely feel that I can see a stranger now.	6818_76332_000028_000000	6.640	"I do not remember any one named Calthorpe, and I scarcely feel that I can see a stranger now.
8797_294123_000003_000000	8.040	War is to day the final arbiter in the affairs of men, and it is as yet the final test of the worth whileness of peoples.	8797_294123_000003_000000	8.040	War is to day the final arbiter in the affairs of men, and it is as yet the final test of the worth whileness of peoples.
8324_286682_000027_000000	6.080	"You said you would give me your luck," answered Big Brother, "and everybody knows that your luck is in your tail."	8324_286682_000027_000000	6.080	"You said you would give me your luck," answered Big Brother, "and everybody knows that your luck is in your tail."
8014_280382_000007_000009	3.190	Nor did such valor fail to receive due honor from the city.	8014_280382_000007_000009	3.190	Nor did such valor fail to receive due honor from the city.
1183_133256_000011_000000	5.690	We will deliver anywhere in the city ten thousand sheets and a handsome nickel plated holder for the sum of one dollar	1183_133256_000011_000000	5.690	We will deliver anywhere in the city ten thousand sheets and a handsome nickel plated holder for the sum of one dollar
302_123504_000002_000000	2.600	A FIGHT THAT WON FRIENDS	302_123504_000002_000000	2.600	A FIGHT THAT WON FRIENDS
4160_14187_000046_000000	6.710	"Not at all," rejoined Thorndyke; "the finger print is a most valuable clue as long as its evidential value is not exaggerated.	4160_14187_000046_000000	6.710	"Not at all," rejoined Thorndyke; "the finger print is a most valuable clue as long as its evidential value is not exaggerated.
6147_34605_000004_000001	2.780	They did not love, they pleased, each other.	6147_34605_000004_000001	2.780	They did not love, they pleased, each other.
4898_20016_000006_000001	5.030	He turned his eyes upon it, and was greatly surprised by its appearance.	4898_20016_000006_000001	5.030	He turned his eyes upon it, and was greatly surprised by its appearance.
3259_158083_000081_000004	2.570	Finally the tube was withdrawn.	3259_158083_000081_000004	2.570	Finally the tube was withdrawn.
254_12312_000004_000010	3.110	The globe terrestrial is the tennis ball.	254_12312_000004_000010	3.110	The globe terrestrial is the tennis ball.
1867_154075_000056_000000	3.130	"I ask your pardon, my dear," said john Mark to ruth.	1867_154075_000056_000000	3.130	"I ask your pardon, my dear," said john Mark to ruth.
4160_11549_000006_000000	3.450	A polite fiction by the way, as my lady was looking her best.	4160_11549_000006_000000	3.450	A polite fiction by the way, as my lady was looking her best.
8312_279791_000051_000000	3.720	"Does he so?" said the queen, now comprehending all.	8312_279791_000051_000000	3.720	"Does he so?" said the queen, now comprehending all.
4340_15220_000105_000001	2.740	I picked some of that, it was so green and pretty.	4340_15220_000105_000001	2.740	I picked some of that, it was so green and pretty.
8838_298545_000088_000004	4.640	Barton bears you no grudge. He's a good hearted fellow, though cross grained with strangers.	8838_298545_000088_000004	4.640	Barton bears you no grudge. He's a good hearted fellow, though cross grained with strangers.
6848_252322_000044_000000	4.060	"What could I do, sir?" was the answer; "it was this fellow or nothing."	6848_252322_000044_000000	4.060	"What could I do, sir?" was the answer; "it was this fellow or nothing."
8468_295198_000042_000000	7.030	What a fright for a poor, quiet, old Bullfrog, as little wiry, wicked Wasp came at him, barking and yelping.	8468_295198_000042_000000	7.030	What a fright for a poor, quiet, old Bullfrog, as little wiry, wicked Wasp came at him, barking and yelping.
587_54108_000052_000000	6.440	"I was waiting for you to move from my place," she said in defiant mischief, standing motionless beside the boat.	587_54108_000052_000000	6.440	"I was waiting for you to move from my place," she said in defiant mischief, standing motionless beside the boat.
8098_278252_000029_000000	8.660	I returned to Massillon, and at four p m, set out for Dalton over the muddiest, stickiest red clay roads I ever encountered.	8098_278252_000029_000000	8.660	I returned to Massillon, and at four p m, set out for Dalton over the muddiest, stickiest red clay roads I ever encountered.
4813_248641_000015_000003	8.460	These two small galleries, between the roof and the choir loft, held for thirty years, in diminishing numbers, negroes and Indians.	4813_248641_000015_000003	8.460	These two small galleries, between the roof and the choir loft, held for thirty years, in diminishing numbers, negroes and Indians.
39_121914_000025_000005	2.930	He will be able to tell her how we all are."	39_121914_000025_000005	2.930	He will be able to tell her how we all are."
6367_65536_000007_000006	7.870	It had been a foolish whim to come at all-foolish, because the object of his quest was not to be found there or elsewhere.	6367_65536_000007_000006	7.870	It had been a foolish whim to come at all-foolish, because the object of his quest was not to be found there or elsewhere.
6209_34601_000027_000001	2.900	He had taken a few steps, and was hurrying away.	6209_34601_000027_000001	2.900	He had taken a few steps, and was hurrying away.
4051_11217_000029_000001	4.250	It will be excellent sport, I assure you, when they catch a glimpse of your figure.	4051_11217_000029_000001	4.250	It will be excellent sport, I assure you, when they catch a glimpse of your figure.
4088_158079_000157_000002	2.510	But the Administration's policy must go on.	4088_158079_000157_000002	2.510	But the Administration's policy must go on.
1183_128659_000012_000001	7.910	In making a false statement, it was proper to say "over the left." This was often uttered in such manner that the person addressed should not perceive the qualification.	1183_128659_000012_000001	7.910	In making a false statement, it was proper to say "over the left." This was often uttered in such manner that the person addressed should not perceive the qualification.
374_180298_000009_000003	6.570	Never believe, however disinterested the love of a kept woman may be, that it will cost one nothing.	374_180298_000009_000003	6.570	Never believe, however disinterested the love of a kept woman may be, that it will cost one nothing.
6848_252323_000027_000002	4.950	By Jove! how they did sing-all together, like the swell of a church organ."	6848_252323_000027_000002	4.950	By Jove! how they did sing-all together, like the swell of a church organ."
3486_166446_000031_000000	5.620	We were lifted; between us and the woman and girl a cleft appeared; it widened into a rift.	3486_166446_000031_000000	5.620	We were lifted; between us and the woman and girl a cleft appeared; it widened into a rift.
669_129061_000043_000001	5.130	And he was anxious, on the Colonel's behalf, to give up the note to its owner.	669_129061_000043_000001	5.130	And he was anxious, on the Colonel's behalf, to give up the note to its owner.
6437_66173_000033_000004	2.960	My left cheek, also, was puffed out like a dumpling.	6437_66173_000033_000004	2.960	My left cheek, also, was puffed out like a dumpling.
8630_305212_000013_000004	4.890	There was but one cause for sadness-Patricius's health was failing.	8630_305212_000013_000004	4.890	There was but one cause for sadness-Patricius's health was failing.
8465_246943_000019_000000	8.960	All at once Leopold sat straight up, his eyes fixed and flaming, his face white: he looked like a corpse possessed by a spirit of fear and horror.	8465_246943_000019_000000	8.960	All at once Leopold sat straight up, his eyes fixed and flaming, his face white: he looked like a corpse possessed by a spirit of fear and horror.
7067_76047_000046_000008	2.510	Perhaps she has seen people she knew killed.	7067_76047_000046_000008	2.510	Perhaps she has seen people she knew killed.
4214_7146_000018_000000	4.360	"Oh, ever so many," said Anne forgetting to be dignified and jumping up quickly.	4214_7146_000018_000000	4.360	"Oh, ever so many," said Anne forgetting to be dignified and jumping up quickly.
8770_295465_000042_000000	3.120	"Papa day, where's my Papa day?"	8770_295465_000042_000000	3.120	"Papa day, where's my Papa day?"
4297_13006_000014_000000	7.350	Like other girls she had been taught to presume that it was her destiny to be married, and like other girls she had thought much about her destiny.	4297_13006_000014_000000	7.350	Like other girls she had been taught to presume that it was her destiny to be married, and like other girls she had thought much about her destiny.
7402_90848_000018_000000	5.540	"The Princess has lost a half hour and I am going in search of it," said Bobo, proudly.	7402_90848_000018_000000	5.540	"The Princess has lost a half hour and I am going in search of it," said Bobo, proudly.
6209_34601_000040_000000	3.090	The child with difficulty climbed up the three steps.	6209_34601_000040_000000	3.090	The child with difficulty climbed up the three steps.
40_222_000025_000000	4.220	"Will you take the trouble of reading to us the passages which concern my brother?"	40_222_000025_000000	4.220	"Will you take the trouble of reading to us the passages which concern my brother?"
5561_39621_000061_000000	8.370	"Then the general sent me back the letter by an aide de camp, informing me that if I were found the next day within the circumscription of his command, he would have me arrested."	5561_39621_000061_000000	8.370	"Then the general sent me back the letter by an aide de camp, informing me that if I were found the next day within the circumscription of his command, he would have me arrested."
7226_86964_000008_000000	5.700	Prophetstown, five miles below, is prettily situated in an oak grove on the southern bank.	7226_86964_000008_000000	5.700	Prophetstown, five miles below, is prettily situated in an oak grove on the southern bank.
8629_261140_000008_000006	5.800	I promised, and with perfect peace in her face, she pointed to the dagger in her breast.	8629_261140_000008_000006	5.800	I promised, and with perfect peace in her face, she pointed to the dagger in her breast.
696_93314_000065_000001	4.170	This time he reeled like a man too drunk to care how drunk he looks.	696_93314_000065_000001	4.170	This time he reeled like a man too drunk to care how drunk he looks.
8838_298546_000009_000002	6.150	It seems dreadful and almost incredible-does it not?--to think that such scenes can be enacted within a few miles of our peaceful home.	8838_298546_000009_000002	6.150	It seems dreadful and almost incredible-does it not?--to think that such scenes can be enacted within a few miles of our peaceful home.
89_218_000012_000010	7.820	Alarmed, but not discouraged, she tried it another way; a bolt flew, and she believed herself successful; but how strangely mysterious!	89_218_000012_000010	7.820	Alarmed, but not discouraged, she tried it another way; a bolt flew, and she believed herself successful; but how strangely mysterious!
2182_181173_000014_000002	7.570	When his young friend brought to him in triumph the parting gift of a gold watch and chain, mr Hobbs found it difficult to acknowledge it properly.	2182_181173_000014_000002	7.570	When his young friend brought to him in triumph the parting gift of a gold watch and chain, mr Hobbs found it difficult to acknowledge it properly.
8629_261139_000043_000003	9.380	When I came to myself, and that must have been very soon, I found that the blow of which I had been such a horrified witness had not yet proved fatal.	8629_261139_000043_000003	9.380	When I came to myself, and that must have been very soon, I found that the blow of which I had been such a horrified witness had not yet proved fatal.
5561_41616_000034_000001	8.420	Grace and Julia Crosby faced each other, beamed amiably and shook hands, then stood vigilant, eyes on the ball that the referee balanced in her hands.	5561_41616_000034_000001	8.420	Grace and Julia Crosby faced each other, beamed amiably and shook hands, then stood vigilant, eyes on the ball that the referee balanced in her hands.
8226_274371_000020_000010	6.590	By him, assisted by the king himself, were the memorials of the royal party chiefly composed.	8226_274371_000020_000010	6.590	By him, assisted by the king himself, were the memorials of the royal party chiefly composed.
8609_262281_000015_000000	5.710	"Miss Channing, mamma says she shall take one of us to the missionary meeting, whichever you choose to fix upon.	8609_262281_000015_000000	5.710	"Miss Channing, mamma says she shall take one of us to the missionary meeting, whichever you choose to fix upon.
2416_152139_000033_000000	7.730	Carling's fingers stopped their drumming, slid to the desk edge, tightened there, and a whiteness crept into his face.	2416_152139_000033_000000	7.730	Carling's fingers stopped their drumming, slid to the desk edge, tightened there, and a whiteness crept into his face.
6064_56168_000037_000003	7.630	She naturally was pleased at the prospect of going with the others, for like Julia, she had never seen a great football game.	6064_56168_000037_000003	7.630	She naturally was pleased at the prospect of going with the others, for like Julia, she had never seen a great football game.
40_121026_000087_000000	5.170	"Oh yes, I read it over three times, and the words sank deeply into my memory."	40_121026_000087_000000	5.170	"Oh yes, I read it over three times, and the words sank deeply into my memory."
4297_13009_000020_000001	3.260	Or, if he does lie in doing so, he does not know that he lies.	4297_13009_000020_000001	3.260	Or, if he does lie in doing so, he does not know that he lies.
1246_124550_000028_000005	7.970	She could never again be quite so awed by the power with which she herself had endowed the Vidas and Blaussers and Bogarts.	1246_124550_000028_000005	7.970	She could never again be quite so awed by the power with which she herself had endowed the Vidas and Blaussers and Bogarts.
6000_55211_000036_000002	4.720	My mother and my grandmother owned that teapot, sir." Again her voice broke.	6000_55211_000036_000002	4.720	My mother and my grandmother owned that teapot, sir." Again her voice broke.
7800_283493_000027_000000	4.270	"Yes," said Jerry, "which would make it over there that the thing showed up.	7800_283493_000027_000000	4.270	"Yes," said Jerry, "which would make it over there that the thing showed up.
3436_172171_000006_000003	3.970	When he came again to his mother, the countess had recovered from her swoon.	3436_172171_000006_000003	3.970	When he came again to his mother, the countess had recovered from her swoon.
1069_133699_000059_000000	3.660	"Ah, you do care for him!" her visitor rang out.	1069_133699_000059_000000	3.660	"Ah, you do care for him!" her visitor rang out.
83_9960_000033_000008	2.730	It's nothing but a big carriage gate!	83_9960_000033_000008	2.730	It's nothing but a big carriage gate!
6272_70168_000018_000000	5.640	"Call her when supper is ready," replied mother, who asked me to come into the bedroom where Arthur was sleeping.	6272_70168_000018_000000	5.640	"Call her when supper is ready," replied mother, who asked me to come into the bedroom where Arthur was sleeping.
887_123290_000019_000001	3.540	The space between the water and the foot of the cliffs was considerable.	887_123290_000019_000001	3.540	The space between the water and the foot of the cliffs was considerable.
78_369_000042_000006	2.680	Are you, then, so easily turned from your design?	78_369_000042_000006	2.680	Are you, then, so easily turned from your design?
40_121026_000042_000001	6.410	"Well," said he, "but you had another subject for your thoughts; did you not say so just now?"	40_121026_000042_000001	6.410	"Well," said he, "but you had another subject for your thoughts; did you not say so just now?"
8468_295198_000018_000000	5.960	"I say, my dear, if you will persist in gossiping over our private family matters with that old Mother Magpie-"	8468_295198_000018_000000	5.960	"I say, my dear, if you will persist in gossiping over our private family matters with that old Mother Magpie-"
8098_278278_000004_000001	8.590	The happy father called personally on Pod and asked him to act as godfather at the baptismal service, Sunday afternoon.	8098_278278_000004_000001	8.590	The happy father called personally on Pod and asked him to act as godfather at the baptismal service, Sunday afternoon.
4088_158077_000099_000000	8.740	Miss Burns and Miss Morey upon arriving at the police station, insisted, to the great surprise of all the officials, upon knowing the charge against them.	4088_158077_000099_000000	8.740	Miss Burns and Miss Morey upon arriving at the police station, insisted, to the great surprise of all the officials, upon knowing the charge against them.
7078_271888_000007_000002	8.760	He drivelled over a girl he loved, and was forever suggesting that I might take her as a character and drag her into the novel upon which I was engaged.	7078_271888_000007_000002	8.760	He drivelled over a girl he loved, and was forever suggesting that I might take her as a character and drag her into the novel upon which I was engaged.
8014_112602_000007_000004	4.490	They formed, too, an important item of everyday traffic, and they were also exported.	8014_112602_000007_000004	4.490	They formed, too, an important item of everyday traffic, and they were also exported.
8095_274346_000048_000009	6.860	All encroachments on supreme power could only be resisted successfully on the first attempt.	8095_274346_000048_000009	6.860	All encroachments on supreme power could only be resisted successfully on the first attempt.
6064_56168_000029_000001	4.090	"I should call it very impolite if there were no orange flags shown at the game."	6064_56168_000029_000001	4.090	"I should call it very impolite if there were no orange flags shown at the game."
6209_34600_000012_000002	5.100	Every precaution had been taken to avoid being roused by disagreeable surprises.	6209_34600_000012_000002	5.100	Every precaution had been taken to avoid being roused by disagreeable surprises.
1040_133433_000106_000000	2.850	"What did his crow sound like?" Jane asked one evening.	1040_133433_000106_000000	2.850	"What did his crow sound like?" Jane asked one evening.
7505_83618_000005_000000	4.470	"From night to light, From night to heavenly light;"	7505_83618_000005_000000	4.470	"From night to light, From night to heavenly light;"
1970_28415_000024_000000	5.660	This was too much for the priests of the temple, and all the important men who ruled Jerusalem.	1970_28415_000024_000000	5.660	This was too much for the priests of the temple, and all the important men who ruled Jerusalem.
1624_142933_000009_000005	8.150	"Do you mean Welcome Robin's song?" he asked rather sheepishly, for he had a feeling that he would be the victim of Jenny Wren's sharp tongue.	1624_142933_000009_000005	8.150	"Do you mean Welcome Robin's song?" he asked rather sheepishly, for he had a feeling that he would be the victim of Jenny Wren's sharp tongue.
40_121026_000008_000000	6.580	"Look at this ray of light which enters by my window," said the abbe, "and then observe the lines traced on the wall.	40_121026_000008_000000	6.580	"Look at this ray of light which enters by my window," said the abbe, "and then observe the lines traced on the wall.