1069_133699_000004_000005	6.360	If they were not the best in the world they were the worst, but there was nothing middling about an American hotel.	1069_133699_000063_000002	4.990	You're not the girl you were a few short weeks ago, and mr Goodwood will see it.
2092_145706_000021_000001	8.710	In a moment the mouse was sound and whole, and after thanking the kind physician it scampered away over the ploughed furrows.	2092_145709_000008_000005	5.220	Then of a sudden the cock crew, and all the evil spirits vanished.
4362_15663_000008_000001	9.350	The snow was as dry as meal, and the finer particles drifted freely, rising high in the air, while the larger portions of the crystals rolled like sand.	4362_15663_000011_000001	6.080	Then, awaking suddenly, my eyes opened on one of the most beautiful and sublime scenes I ever enjoyed.
8975_270782_000007_000004	4.820	Beautiful examples of this occur in literature, and I myself can present such an example.	8975_270782_000003_000002	4.360	So we called the mode of expression of the dream work the archaic or regressive.
839_130898_000046_000003	3.090	Was it our proximity to these European shores?	839_130898_000038_000001	5.880	Through the mists on the twenty seventh, it sighted the port of Heart's Content.
5163_39921_000021_000004	5.340	I'd give considerable to see the old sinner fairly caught, but he is too deep."	5163_39921_000011_000001	2.880	Thirteen and fourteen and big for their age.
1263_139804_000011_000003	3.360	But compared to our customs, the news is very scarce.	1263_138246_000013_000000	6.700	"Well!" exclaimed Michel Ardan, in a good humored tone, "much may be done in twenty six minutes.
5393_19218_000037_000003	4.680	They cling to the seats, to the rumble, on the cheeks of the hood, on the shafts.	5393_19219_000010_000000	3.920	Jean Valjean, dressed in black, followed them with a smile.
4640_19187_000022_000006	3.010	Birds flew about in it with cries of joy.	4640_19189_000014_000039	5.450	Equality has an organ: gratuitous and obligatory instruction.
8629_261139_000008_000000	5.140	It was the last day of the inquest, and to many it bade fair to be the least interesting.	8629_261140_000008_000006	5.800	I promised, and with perfect peace in her face, she pointed to the dagger in her breast.
2910_131096_000031_000000	5.270	Psyche obediently went to the riverside, prepared to do her best to execute the command.	2910_131096_000006_000000	2.560	A certain king and queen had three daughters.
8465_246943_000019_000008	4.880	What right had SHE, she thought, to multiply to him his moments of torture?	8465_246947_000031_000003	4.340	I was as if I had crossed the sea of death and found paradise in your bosom!
6848_252322_000046_000000	4.640	"Don't be hasty, your honor," said Billy, submissively, "and don't be unjust.	6848_252323_000029_000000	3.290	"And which is best, Billy?" asked one of the company.
6836_61803_000050_000001	6.180	There is no sign of it, on the faces that surround him-still solemnly austere.	6836_76549_000002_000000	5.500	At ten o'clock in the morning, july seventeenth, I bowl across the boundary line into Ohio.
1235_135884_000011_000000	2.500	I leave you to judge how much I was surprised.	1235_135884_000001_000000	3.090	The Story of the First Old Man and the Hind.
2817_142371_000032_000001	4.100	Now, the plan I'm thinking of is to effect a little exchange.	2817_142380_000016_000000	2.730	"Is he come back?" said Adam at last.
60_121082_000051_000000	6.480	"Yes; but you had better not have anything to say to him, for he is not a very good tempered gentleman."	60_121082_000068_000000	7.350	"Come, come; I always said you were a fine fellow, and it is a blessing when good fortune happens to such as you.
8629_261140_000009_000004	3.520	Then I lifted her and laid her where you found her, on the sofa.	8629_261139_000023_000000	6.250	"Go!" he whispered, but in so thrilling a tone it was heard to the remotest corner of the room.
1970_28415_000016_000001	3.130	This was his Father's house and his house.	1970_28415_000010_000000	3.210	"What is there we can do?" they said to one another.
4859_26870_000017_000008	9.240	In winter, except for business excursions, he spent most of his time at home making himself one with his family and entering into all the details of his children's relations with their mother.	4859_26870_000017_000003	6.660	In autumn he gave himself up to hunting with the same business like seriousness-leaving home for a month, or even two, with his hunt.
1334_135589_000048_000000	3.310	"It belongs to mr Heatherstone, does it not?" replied Edward.	1334_135589_000032_000000	7.980	Alice and Edith rose and waved their handkerchiefs, but they were soon obliged to cease, and put them to their eyes.
2416_152137_000034_000000	3.140	He went on again-his brain incessantly at work.	2416_152139_000029_000000	5.130	For a moment Carling hesitated; then, with a half muttered oath, obeyed.
4018_107312_000028_000000	3.940	"What, not when you cut up the jackass and sold it for veal cutlets, mother."	4018_103416_000033_000002	3.390	Also he promised to be sole heir to a great business.
6531_61334_000034_000001	6.510	He reigned only "seven days in Tirzah". The army was "encamped against Gibbethon, which belonged to the Philistines.	6531_61334_000006_000002	5.450	Like his father, Ashur natsir pal fought against the Muski, whose power was declining.
8312_279790_000019_000004	7.700	Troutina agreed with all her heart, but wished that the ceremony should be performed at her godmother's, the fairy Soussio.	8312_279791_000012_000000	5.890	She dared not open the window, though she heard continually his wings fluttering round it.
200_124140_000031_000000	3.850	"Oh! dear, yes; but you must own she is very plain.	200_126784_000030_000000	5.510	"This gentleman-here-favored us with his company during the rain, and has not yet departed."
2002_139469_000012_000001	8.830	It was called an epidemic. But the grand question was still unsettled of how this epidemic was generated and increased.	2002_139469_000017_000011	7.150	The tent of the Arab is fallen in the sands, and his horse spurns the ground unbridled and unsaddled.
2893_139322_000004_000000	7.170	Presently they left the way and descended by a lift and traversed a passage that sloped downward, and so came to a descending lift again.	2893_139310_000026_000000	2.550	The man who had called himself Lincoln came close to him.
4853_29413_000015_000001	2.870	If I hadn't kept my temper, I might have killed him."	4853_29413_000038_000003	3.400	He turned pale when he felt the floor shaken by your fall.
150_126112_000029_000000	2.950	"Well?" said she, without looking round.	150_126107_000025_000000	6.030	"How am I to put you in?" "That is your business," she answered, quite snappishly.
3982_178459_000056_000008	7.130	I didn't know how to be anything except a well to do old maid or somebody's wife-and I couldn't be a well to do old maid.	3982_178459_000028_000002	5.740	It's something that happened since our walk this morning-yes, since you left me at noon.
298_126791_000047_000000	7.560	"He has duties that require his presence elsewhere; the English are said to be out by the way of the Hudson, and they give us light troops but little rest.	298_126790_000084_000001	3.570	"But happily nothing is broken. It is wonderful how well you escaped!"
8468_295198_000037_000003	3.600	As to your voice, your manner of living has a great deal to do with it.	8468_286673_000020_000001	8.790	She looked often at her children, and thought how handsome their rounded up back shells were in the sunshine with the little red and yellow markings showing on the black.
3982_178459_000045_000001	5.240	"And you thought we were so-so desperate-you believed that I had-"	3982_178459_000054_000000	2.710	"Were desperately poor," she said.
4297_13006_000015_000000	4.230	The man, certainly, was one strangely endowed with the power of creating a belief.	4297_13009_000012_000000	2.950	"But I don't think any man ever ventured to ask mr Mildmay."
6925_80680_000012_000000	3.750	'As you like,' answered the queen, 'there isn't any doubt which it was.'	6925_80680_000081_000000	6.220	'In prison,' replied the farmer; 'if your majesty will clear this court of the jackals I will explain.'
458_126290_000005_000004	6.290	When she went home the mouse inquired: 'And what was the child christened?' 'Half done,' answered the cat.	458_126294_000008_000002	3.520	But when she came in, and went to the beds, both the children were gone.
7059_77897_000002_000000	4.000	"Well, I confess," said Annie, "I don't see how, exactly.	7059_88364_000003_000004	8.400	This is the outgrowth of the fact that every type of the photoplay but the intimate is founded on some phase of the out of doors.
412_126975_000066_000002	8.330	But the first thing I find in that disused pocket is this: that men who mean to steal diamonds don't talk Socialism.	412_126975_000005_000004	4.100	But for the attractive face she might have been a small toddling bear.
374_180298_000016_000001	4.020	Since gambling houses were destroyed gambling goes on everywhere.	374_180298_000009_000000	5.440	From that time, seeing that I could not change my mistress's life, I changed my own.
2952_408_000010_000002	5.920	The priest recited the service, and performed the funeral ceremonies,--after which he entered into meditation.	2952_410_000037_000004	6.900	Moreover, it is well known that such goblins have been dwelling in the mountains of the province of Kai from very ancient time...
5867_48852_000035_000001	7.210	Of this mrs Dale was well aware; and she felt, moreover, that john was entitled to an opportunity of pleading his own cause.	5867_48852_000071_000003	8.420	I have spoken to you more openly about this than I have ever done to anybody, even to mamma, because I have wished to make you understand my feelings.
2289_152254_000022_000002	5.320	One of the daughters was soon afterwards married to Genseric's eldest son, Hunneric.	2289_152258_000004_000001	2.790	He always spoke the truth and never broke a promise.
8629_261140_000019_000006	3.280	To her all self sacrifice was an anomaly.	8629_261139_000043_000003	9.380	When I came to myself, and that must have been very soon, I found that the blow of which I had been such a horrified witness had not yet proved fatal.
7226_86964_000010_000005	4.790	It was a scene of howling desolation, rack and ruin upon every hand.	7226_86965_000018_000000	9.270	At Cleveland, a staid little village on an open plain, which we reached soon after the dinner hour, there is an unused mill dam going to decay.
374_180298_000016_000000	6.320	I began by borrowing five or six thousand francs on my little capital, and with this I took to gambling.	374_180299_000022_000000	2.980	Since that day he had never been heard of.
7059_77897_000020_000004	8.840	Yes, Annie, there was a time after you went away, and after father died, when I actually fell so low as to work for an honest living."	7059_77900_000012_000000	3.360	"Well, I don't know; they're opposites.
3983_5331_000049_000000	5.130	"Why-what on earth!" began she, "have you been with Archibald for?"	3983_5331_000070_000000	2.920	"What's up, Archibald?" interrupted Miss Carlyle.
7148_82991_000036_000000	4.440	Awed by Mark's determined manner, the bystanders kept aloof.	7148_82991_000031_000001	2.830	"Why, Mark, you are clean crazed!"
3440_171009_000078_000001	4.600	They had a very pleasant time, and returned barely in season to be dressed for dinner.	3440_171009_000094_000000	4.890	"Come, girls," she said, "let us run out and see them off; they're bringing up the horses.
446_123502_000019_000002	8.770	But I was to learn that the Martian smile is merely perfunctory, and that the Martian laugh is a thing to cause strong men to blanch in horror.	446_123501_000036_000002	3.380	At the same time he motioned his followers to advance.
8609_262281_000068_000003	3.060	It is the very thing, you see, sir, that has been ordered for you."	8609_283227_000097_000000	8.610	"If people could only meet, and look each other in the face," said Mr Templeton at length, "they might find there was not such a gulf between them as they had fancied."
2182_181183_000016_000002	4.910	Fine young woman, too,--lots of hair,--though she seems to be raising rather a row.	2182_181173_000026_000001	3.840	Some one was hurriedly forcing his way through this group and coming toward him.
211_122442_000101_000000	2.790	"Above all things be always on your guard.	211_122425_000173_000003	3.170	In particular, there is one yonder of a Gascon look.
7511_102419_000029_000006	6.190	He is so reserved that I felt that he was kind of out of place among the rest until I caught his cordial smile.	7511_102420_000004_000000	3.910	CAMP CLOUDCREST, october sixth nineteen fourteen.
4214_7146_000026_000001	4.430	The tumblerfuls were generous ones and the raspberry cordial was certainly very nice.	4214_7146_000033_000001	2.930	"Let me give you a bit of fruit cake and some of the cherry preserves.
7312_92432_000009_000007	6.790	The packet which she placed in my possession, contained, she said, the certificates of her marriage, and of the birth and baptism of her child.	7312_92432_000006_000002	3.810	She received me with much kindness, and thus an acquaintance commenced.
8238_283452_000022_000005	5.370	The majority of the comic apparitions, curiously enough, are masculine.	8238_274553_000012_000004	5.020	This I could discern by the studied hair splitting farrago of his rejoinder.
4898_20016_000006_000001	5.030	He turned his eyes upon it, and was greatly surprised by its appearance.	4898_28461_000017_000011	7.460	I therefore bound it closely to his side, and asked him if in his exhausted and trembling condition he was still able to walk.
6272_70191_000028_000001	2.990	We must leave her to the creatures Veronica had seen.	6272_70171_000019_000001	8.290	It was Byron, and turning over the leaves till I came to Don Juan, I read it through, and began Childe Harold, but the candle expired.
32_21631_000016_000001	4.130	An enjoyable time was had by all-except the pig."	32_21631_000009_000001	6.470	And in a wonderfully short time his head appeared above the water and he soon crawled up beside mr Crow.
2518_154826_000013_000000	2.540	'Scaring rooks for Farmer Topp,' was the answer.	2518_154825_000022_000003	6.250	But as I crept along, I relaxed care for a moment, and my eyes wandered from the cliff side and looked down.
1098_133695_000006_000006	4.040	"I keep a band of music in my ante room," he said once to her.	1098_133695_000013_000007	7.890	"A character like that," he said to himself-"a real little passionate force to see at play is the finest thing in nature.
3664_178366_000010_000001	3.660	He was delighted to see me, and insisted on my becoming his guest.	3664_178355_000018_000001	4.410	At this time there was a general Indian war raging all along the western borders.
7312_92432_000009_000001	5.480	In the afternoon of the thirtieth, I received a brief note from Miss Fuller, requesting me to call at her residence.	7312_92432_000008_000001	7.310	Her heart and soul were in the cause for which those men had fought, and all was done that Woman could do to comfort them in their sufferings.
1963_142393_000016_000004	3.020	He knew quite well what was in her mind.	1963_142393_000017_000001	6.970	What a look of yearning love it was that the mild grey eyes turned on the strong dark eyed man!
5514_19193_000028_000000	5.170	"Another quarter of an hour of this success, and there will not be any cartridges left in the barricade."	5514_19192_000014_000001	3.310	He was killed by the cannon, that is to say, by order.
730_359_000018_000003	8.580	When I returned, as often as it was necessary, I cleared their path from the snow and performed those offices that I had seen done by Felix.	730_358_000003_000002	2.940	[The moon] I gazed with a kind of wonder.
5463_39173_000021_000000	2.540	"The house will not be furnished, will it, Mark?" said his wife.	5463_39174_000016_000001	6.300	But, nevertheless, Grace was a pretty, simple looking girl, and clung to her ally closely, and seemed to like being fondled.
669_129061_000005_000001	6.040	But the print fell blank upon his eyes, and he did not know in the least what he was reading.	669_129061_000010_000010	8.640	There was George Kitely, Lord Ragland's son, went through the Court last week, and was what they call whitewashed, I believe.
332_128985_000012_000001	6.750	Buccaneers were outlawed by the Spanish, and were considered as wild beasts to be killed without mercy wherever caught.	332_128985_000012_000000	6.490	When the pirate captain and his companions were brought before the Governor, he made no pretence of putting them to trial.
412_126975_000058_000001	9.080	With real though rude art, the harlequin danced slowly backwards out of the door into the garden, which was full of moonlight and stillness.	412_126975_000018_000000	3.120	"Oh, that's my godfather, Sir Leopold Fischer.
696_93314_000054_000000	2.970	"Speaking professionally, I think you are wrong.	696_93314_000005_000002	5.700	For she loved him, had loved him these two years, had loved him since the day of their first meeting.
3214_167602_000026_000000	5.710	"We don't riot, we're following the orders," declared Karp, and at that moment several voices began speaking together.	3214_167606_000033_000000	4.230	The clerk glanced round, evidently hoping that his joke would be appreciated.
1867_154071_000012_000002	6.700	When he called out softly, the sound brought Gregg, with one long leap out of the chair where he was sleeping, to the window.	1867_148436_000077_000000	2.740	"Maybe not, but the point is I didn't see it.
831_130739_000010_000009	4.080	He had indeed been bumped and battered at an extraordinary number of points.	831_130746_000035_000002	6.900	They rode, speaking little, just a rare word now and then, at a turning, at a footfall, at a roughness in the road.
8238_283452_000027_000003	5.250	Suppose each one of us were to be haunted by his own inane utterances?	8238_283452_000027_000000	6.460	The modern spook is possessed not only of humor but of a caustic satire as well.
6563_285357_000014_000000	8.010	The Parseval is pronounced by experts to be the finest expression of aeronautical engineering so far as Teuton effort is concerned.	6563_285357_000001_000001	4.630	It stimulated financial support, and the second airship was taken in hand.
4088_158077_000094_000000	3.410	"I warn you, you will be arrested if you attempt to picket again."	4088_158079_000157_000001	6.270	There was hardly any one passing at the time; all traffic had been temporarily suspended, so there was none to obstruct.
5456_62014_000008_000000	3.050	"You chillen is wusser dan night owls," said the old woman.	5456_62014_000010_000002	2.840	Now, den, e f y'all raidy, I gwine begin.
2518_154825_000016_000001	8.220	And then the path grew steeper and steeper, and Elzevir went slower and slower, till at last he spoke:	2518_154825_000022_000000	6.150	At length he said that we were come to the last turn of the path, and he must set me down once more.
3664_178366_000014_000001	7.620	I made a note of the date, and at the appointed time I was promptly at mr Belmont's mansion, where I spent a very enjoyable evening.	3664_11714_000039_000001	4.790	never!" exclaimed Lorenzo, falling back on his bed and shaking his head,--"never!"
229_130880_000003_000000	5.490	I went looking in the library for a book about this island, one of the most fertile in the world.	229_130880_000066_000000	2.740	"Did I say sharks?" I exclaimed hastily.
8975_270782_000023_000001	5.650	First: the regression of dream work is not only formal, it is also of greater import.	8975_270782_000021_000006	4.040	We are not so evil as we might suspect from the interpretation of dreams.
302_123523_000013_000000	5.190	Thrusting Sab Than headlong from the platform, I drew Dejah Thoris to my side.	302_123523_000022_000000	7.020	He was overjoyed at seeing me, and to know the meaning of the fight, faint echoes of which had reached his prison cell.
3526_176653_000068_000000	3.230	"No use gittin' mad, young feller," he said coolly.	3526_176653_000073_000002	6.720	She looked at the fisherman and his tackle with the naive wonder of a child, and then she said in a commanding undertone.
3807_4923_000029_000001	6.710	From the dark hull of the brig broke a flash and a report, and a musket ball cut the water beside them with a chirping noise.	3807_4923_000021_000002	2.640	He began to think that he was the victim of a nightmare.
911_128684_000011_000005	9.110	Thus would these experiences, so far from being an obstacle to the pure experience philosophy, serve as an excellent corroboration of its truth.	911_128684_000007_000003	9.260	It is thus both energetic and inert; and the same is true (if you vary the associates properly) of every other piece of experience.
8324_286683_000005_000003	4.490	The other pond people liked them much better than they did their neighbors, the Minks.	8324_286682_000006_000004	7.180	He could dive more quickly, stay under water longer, and hunt by scent better than any other Mink round there.
1737_142397_000019_000000	2.620	"Why, there aren't any good lions," said Harold, hastily.	1737_146161_000000_000002	4.450	Cast on three stitches; increase at the beginning of each row till you have twelve.
4397_15666_000009_000003	4.990	Other experiences seemed but to have prepared me for this, as souls are prepared for heaven.	4397_15678_000003_000004	3.380	Some of these rare, happy rovers die alone among the leaves.
8629_261139_000023_000000	6.250	"Go!" he whispered, but in so thrilling a tone it was heard to the remotest corner of the room.	8629_261139_000037_000002	5.130	If you want my money, take it; if you want my life, I will give it to you with my own hand.
481_123720_000044_000007	5.300	I stole the brushes to clean them from the passage, being careful he should not detect it, for fear of his contempt.	481_123720_000033_000001	2.550	As he walked he began to stamp with his heels.
7794_295955_000002_000018	5.670	When the dragon came in, the old woman began to question it: "Where in God's name have you been?	7794_295947_000015_000001	4.790	If we had not interfered just now, the fox's cub would have lost its life.
60_121082_000058_000000	4.100	"Come-you understand me; but that with"--	60_121082_000069_000000	2.780	"Why do you wish to know?" asked Cavalcanti.
19_198_000000_000002	5.300	For more information, or to volunteer, please visit librivox dot org.	19_227_000004_000003	5.960	I did not quite like, at breakfast, to hear you talk so much about the French bread at Northanger."
426_122821_000035_000003	6.070	I put "teacher" where he put "lady" and I put in something of my own when I could think of it and I changed some words.	426_122821_000003_000005	3.980	'Well,' he said finally, 'I can't spell it but I know what it means.'
8108_280354_000018_000001	7.350	Thus Orpheus and Eurydice were re united, and won in death the bliss that was denied them in life.	8108_274318_000005_000004	7.870	Other forms moved silently across the field of vision, forms that he recognised from previous experiments, and welcomed not.
7059_77897_000015_000000	3.760	"Why, Annie," she said, "how glad I am to see you!	7059_88364_000008_000003	2.660	He says there is no substitute for time.
8014_112602_000007_000004	4.490	They formed, too, an important item of everyday traffic, and they were also exported.	8014_112586_000019_000000	5.060	The ordinary history of our country has been written by many, and the reader has a wide choice.
1355_39947_000002_000009	6.380	It would be better if there were more suffering in the world than that the existence of the moral will should be undermined.	1355_39947_000005_000003	6.210	In truth it was the result of four months of the most noble and courageous suffering and struggling.
4406_16883_000019_000020	7.850	Then came an Indian to me with a pair of stockings that were too big for him, and he would have me ravel them out, and knit them fit for him.	4406_16882_000019_000004	6.510	They told me they did as they were able, and it was some comfort to me, that the Lord stirred up children to look to Him.
8465_246947_000014_000001	8.010	That man's soul is as grand and beautiful and patient as his body is insignificant and distorted and troubled.	8465_246947_000031_000004	5.490	I am not likely to forget you for mr Wingfold, good and kind and strong as he is!
211_122442_000068_000000	4.090	The young man departed, laughing at the joke, which he thought he alone could comprehend.	211_122425_000012_000001	4.530	Let us see, for you know, my dear Captain, a judge must hear both sides."
3807_4923_000021_000002	2.640	He began to think that he was the victim of a nightmare.	3807_4923_000029_000001	6.710	From the dark hull of the brig broke a flash and a report, and a musket ball cut the water beside them with a chirping noise.
2182_181183_000027_000000	6.050	And in less than five minutes from that time he was tearing through the streets on his way to mr Hobbs and the corner store.	2182_181183_000015_000001	5.310	He had just finished looking it over, and when the last boot was polished, he handed it over to the boy.
7067_76048_000064_000001	4.230	She had had plentiful opportunities for observation in their homes and her own.	7067_76048_000065_000005	3.430	We're spenders and wasters-not always from choice.
696_93314_000075_000000	8.870	"I believe you're right," said the Lover thoughtfully; "I couldn't have believed that a man could be base like that, through and through.	696_93314_000046_000000	4.910	And at last, out of hell, the Onlooker reached out his hands and caught at prayer.
481_123720_000044_000007	5.300	I stole the brushes to clean them from the passage, being careful he should not detect it, for fear of his contempt.	481_123720_000043_000003	5.840	My schoolfellows met me with spiteful and merciless jibes because I was not like any of them.
8468_295198_000022_000000	2.900	"It's enough to make a bird swear," said Tommy Oriole.	8468_295198_000038_000001	5.960	He came up into the garden, and established himself under a burdock, and began to practise Italian scales.
6563_285357_000007_000000	3.870	The crucial test was essayed on august fifth nineteen o eight.	6563_285357_000004_000004	5.760	A strong wind caught her during the night and she was speedily reduced to indistinguishable scrap.
83_11691_000076_000005	5.390	Probably as a child Hyacinth had kept rabbits . . . or lambs.	83_11691_000016_000002	7.130	I'm-I'm-Coronel, here I am," said Udo pathetically and he stepped out.
8312_279791_000038_000002	8.230	Despairing of ever climbing it, she sank down at the foot, prepared to die there, when she bethought herself of the eggs.	8312_279791_000042_000002	7.080	Knitting her brows, Troutina exclaimed, "What creature is that who dares approach so near my golden throne?"
1098_133695_000049_000000	2.650	"You were very right to tell me then," said Isabel.	1098_133695_000049_000001	2.570	"I don't understand it, but I'm very glad to know it.
27_124992_000170_000001	8.720	For which crime they were given up to their enemies, to the sword, and to pillage, and to confusion: but we know no other God but him.	27_124992_000174_000001	8.530	So Isaac, so Jacob, so Moses, and all that have pleased God, passed through many tribulations, remaining faithful.
8063_274115_000073_000000	3.500	"In the first place, they can walk about the king's forest, which is very beautiful."	8063_274115_000068_000000	4.440	"What have you got, then?" inquired Porthos, "and why do you call it a country seat?"
6529_62556_000072_000000	2.940	"Ah, if the telegraph still acted, he might be warned!	6529_62554_000051_000001	6.120	It was Herbert who had pointed this gun and fired it, and very proud he was of his first shot.
2092_145709_000006_000000	7.640	'I am not really a black crow, but an enchanted Prince, who has been doomed to spend his youth in misery.	2092_145709_000015_000001	8.340	But when they reached it, it was difficult to believe that it was the same, for it had all been rebuilt and done up again.
298_126790_000035_000001	6.550	"And care thrown away I may well call it; for Harvey is quite too despisable to be any sort of compensation at present."	298_126791_000077_000000	8.930	"Very true," replied the captain, kicking a slipper towards the bed. "Had we succeeded in getting a few good fires upon them in flank, we should have sent these brave Virginians to the right about."
1455_138263_000029_000000	5.150	"Just so," said Barbicane, "which for us has no meaning."	1455_134435_000020_000007	3.170	"Make a sign to me, God," he cried.
6000_55211_000079_000000	5.580	Once down the long four flights of stairs and out on the sidewalk, William Henshaw drew a long breath.	6000_86686_000040_000000	5.720	"I will," says King O'Toole, "and you're welcome to it," says he, "though it's the last acre I have to give."
2518_154826_000037_000002	3.250	Thus he came safe without stumble to the bottom of the pit.	2518_154825_000029_000001	5.430	And Elzevir, for all he was so strong, could not pull a helpless lump backwards up that path.
4195_17507_000039_000000	5.650	Italy is beautiful; it is charming and delightful; but seldom is this true in winter or early spring.	4195_186238_000005_000002	3.950	Talk about the Major's extravagance: it could not be compared to Uncle John's.
1737_142397_000028_000003	3.190	To day why not I, the trickster, the hypocrite?	1737_146161_000002_000000	4.350	Second row:--Seamed, making a stitch at the beginning.
6454_107462_000012_000000	4.680	"Ah, now, that would be telling!" Deasey would make reply.	6454_93938_000026_000000	6.900	The three conspirators jumped to their feet and bolted for the window; even the sheriff turned to look.
2007_132570_000009_000000	3.690	'Holy Saints!' exclaimed Annette, 'how can I help it!	2007_149877_000001_000000	4.250	A GLITTERING NIGHT FLOWER: THE USE OF A NAME
2843_152918_000011_000006	7.740	But right in our line of route -- straight on to the glacier -- it looked, as far as we could see, as though we could get along.	2843_152918_000008_000008	3.700	Something extraordinary must await us farther on, but, what?
3699_19401_000021_000000	3.410	By falling in love with a popish clergy woman; said Trim.	3699_47246_000006_000001	7.980	So she began to feel that she had miscalculated the advantages of a neighbourhood where people are well acquainted with each other's private affairs.
5393_19219_000019_000004	5.230	The house was no less fragrant than the church; after the incense, roses.	5393_19219_000047_000054	4.360	Wrath, tempest, claps of thunder, foam to the very ceiling.
103_1241_000028_000003	3.700	Women were bad enough in all conscience, but little girls were worse.	103_1241_000054_000007	8.260	Other people may call that place the Avenue, but I shall always call it the White Way of Delight. Have we really only another mile to go before we get home?
2843_152918_000017_000000	3.790	As soon as this was done Hanssen and I set out to explore.	2843_152918_000004_000002	9.280	So far the incline had not been so great as to cause uneasiness, but if it seriously began to go downhill, we should have to stop and camp.
78_369_000072_000003	4.430	Do not think that I shall be slow to perform this sacrifice.	78_369_000060_000002	5.250	It is midnight; the breeze blows fairly, and the watch on deck scarcely stir.
6064_300880_000074_000005	3.510	Perhaps you can tell me what's amiss with this beastly house."	6064_56168_000017_000001	2.740	Nora's temper was not easily ruffled.
332_128985_000012_000000	6.490	When the pirate captain and his companions were brought before the Governor, he made no pretence of putting them to trial.	332_128985_000012_000001	6.750	Buccaneers were outlawed by the Spanish, and were considered as wild beasts to be killed without mercy wherever caught.
211_122442_000068_000000	4.090	The young man departed, laughing at the joke, which he thought he alone could comprehend.	211_122442_000128_000000	6.340	"Ah, that's quite another thing; but promise me, if you should not be killed tonight, that you will go tomorrow."
226_122538_000009_000000	8.380	That she was going to him, Jane knew; but she felt utterly unable to arrange how or in what way her going could be managed.	226_122538_000032_000002	7.590	WE were!' I feel tempted to wish, for one homicidal moment, that the earth would open her mouth and swallow them up.
254_27760_000022_000000	6.590	Vanka folded his sheet of paper in four, and put it into an envelope purchased the night before for a kopek.	254_27760_000020_000001	6.670	The young lady, Olga Ignatyevna, Vanka's great friend, busied herself most about it.
8975_270782_000006_000001	7.200	Our memory deals selectively with its later materials, with impressions which come to us in later life.	8975_270782_000021_000000	5.310	Let us sum up what our plunge into child psychology has given us toward the understanding of the dream.
4018_107312_000053_000000	2.560	"Very true," said Mick; "and now we'll be off.	4018_107312_000052_000005	4.290	I proposed to go with her-but two girls alone,--you understand me.
5463_39173_000067_000002	3.280	And, Fanny, don't tell Mark to put me into a lunatic asylum.	5463_39173_000066_000003	4.760	I do like Lord Lufton very much; and I do dislike Griselda Grantly almost as much.
6385_34669_000023_000011	5.430	The decks, fore and aft, were, as we have already said, without bulwarks.	6385_34655_000018_000007	4.150	All was deserted, silent, splendid, sinister.
6925_80680_000081_000000	6.220	'In prison,' replied the farmer; 'if your majesty will clear this court of the jackals I will explain.'	6925_80680_000012_000000	3.750	'As you like,' answered the queen, 'there isn't any doubt which it was.'
5703_47212_000025_000001	2.670	The landlord was sorry, but the house was full.	5703_47198_000048_000002	6.730	It is much better that they should learn to manage their own affairs; and Juliet is not such a ninny as you seem to think."
1455_134435_000015_000011	6.980	"See, come here and look," cried the old man. "Grandfather Jesse's white mare has torn the black stocking she wears on her foot."	1455_138263_000037_000001	5.130	The actual state of this cracked, twisted, and burst disc abundantly proves this.
7447_91186_000018_000002	5.110	He opened the way for the sonority of tone and imposing diction of the modern style.	7447_91186_000036_000001	9.010	The first was distinguished by his extraordinary sense for style, and was thought to surpass his master in absolute flawlessness of technique.
1926_147979_000019_000001	4.330	Tiny looked alarmed. "mrs Gardener would n't like it," she protested.	1926_147987_000014_000008	4.950	She seemed to understand, though I was too faint and miserable to go into explanations.
8226_274369_000031_000002	4.180	Their trunks, chambers, and studies were sealed and locked.	8226_274371_000036_000004	6.580	The commons sent up an impeachment against nine peers, for deserting their duty in parliament.
229_130880_000087_000001	2.750	"That Essence of Orient must sell for quite a large sum."	229_130880_000012_000000	5.340	"You mean," I said, "that such primitive methods are still all that they use?"
233_155990_000011_000006	7.230	Down at bottom their temper is such that they will not permanently tolerate injustice done to them.	233_155990_000014_000001	3.010	The losses of life and of treasure were frightful.
696_93314_000027_000001	5.600	His days might be long, they might be brief; but be his life long or short, he must live it alone.	696_93314_000025_000000	4.410	Ten minutes later, the stabbed man was reeling from the Onlooker's consulting room.
4088_158077_000096_000000	3.210	News had spread through the city that the pickets were to be arrested.	4088_158077_000065_000002	8.590	It must yield to this pressure from the people or it must suppress the agitation which was causing such interest. It must pass the amendment or remove the troublesome pickets.
405_130894_000044_000000	5.140	Supervising our work, working himself, Captain Nemo passed near me just then.	405_130894_000069_000004	4.950	He held my hand, he kept encouraging me, and I even heard him mutter:
1624_142933_000027_000001	4.670	"What kind of an accident was it, Redcoat, and how did it happen?" he asked.	1624_142933_000035_000002	5.720	peter heard the sound of heavy footsteps, and looking back, saw that Farmer Brown's boy was coming.
1246_124548_000015_000001	2.770	He never came to the house without trying to paw her.	1246_124548_000031_000004	7.660	She could nurse Champ Perry, and warm to the neighborliness of Sam Clark, but she could not sit applauding Honest Jim Blausser.
83_9960_000035_000000	5.230	She, Ursule or the Lark, he no longer knew what to call her, was safe.	83_9960_000103_000000	3.860	"Would you like my hat?" cried a voice on the threshold.
6818_68772_000026_000001	6.620	They read: "Hopkins, the Man of the Times, is the Champion of the Signs of the Times.	6818_76332_000030_000001	6.200	"These candles-everything-everything just the same as though it were yesterday!"
1263_141777_000024_000001	2.930	Not a beast's cry-or was it?	1263_139804_000017_000004	8.950	For instance, a strong fabric of chosen shade is fastened at the neck, hip, knee and ankle, and lies carelessly over the parts between.
78_369_000066_000000	4.350	"After the murder of Clerval I returned to Switzerland, heart broken and overcome.	78_369_000068_000001	5.890	"Yet such must be the impression conveyed to you by what appears to be the purport of my actions.
302_123516_000017_000000	9.260	"I have brought a strange creature wearing the metal of a Thark whom it is my pleasure to have battle with a wild thoat at the great games."	302_123516_000018_000000	9.170	"He will die as Bar Comas, your jeddak, sees fit, if at all," replied the young ruler, with emphasis and dignity.
5463_39174_000010_000000	2.970	"And are you a great scholar?" asked Lucy, drawing the child to her.	5463_39173_000035_000003	4.170	What would the men do? and what-oh! what would become of the women?
4018_107338_000020_000001	7.190	"He chose to wear a disguise, and can hardly quarrel with the frankness with which we spoke of his order or his family.	4018_103416_000031_000003	5.700	They met there, smoked her cigarets, made love in a corner, occasionally became engaged.
5104_33406_000034_000000	5.190	"Hunted like a wolf from corner to corner of the world!" Eric cried angrily.	5104_33406_000039_000000	3.750	"Can no bad fortune spoil your good nature?" laughed Eric.
89_218_000014_000007	8.140	In the pause which succeeded, a sound like receding footsteps and the closing of a distant door struck on her affrighted ear.	89_218_000004_000005	5.460	I will look into it-cost me what it may, I will look into it-and directly too-by daylight.
4898_20016_000012_000002	4.710	He caught the horse by the head, and fastened him to a post before the door.	4898_28461_000020_000000	2.570	"No, no," he said, "I can walk down.
6147_34607_000003_000006	7.640	As a wife she was faithless and faithful, having favourites to whom she gave up her heart, and a husband for whom she kept her bed.	6147_34605_000032_000001	6.760	To surrender on the score of gallantry implies learning, recalls Menalcas and Amaryllis, and is almost a literary act.
4267_287369_000041_000001	5.150	Each lightning flash was followed in a second or two, by a terrific clap.	4267_287369_000046_000001	8.020	Evidently the electrical storm, with lightning bolts discharging so close, was too much for the "ghost."
4813_248638_000021_000002	6.590	And those mills stand upon the site of the first grist mill in New England to be run by water power.	4813_248638_000013_000000	6.760	Not only notable personages, but notable events have been engendered under the shadow of these hills.
8098_278252_000031_000003	4.740	These rural men eyed me with suspicion until I mentioned Mac A'Rony.	8098_275181_000037_000001	8.800	He owned to me that when the fox bit him on the chin, he let go of the brute, and would have given up the fight, but that the fox had then actually attacked him.
2002_139469_000017_000010	7.010	Persia, with its cloth of gold, marble halls, and infinite wealth, is now a tomb.	2002_139469_000002_000000	6.770	SOME disorder had surely crept into the course of the elements, destroying their benignant influence.
6367_65536_000014_000005	2.660	He longed for conflict and accomplishment.	6367_65536_000032_000000	3.150	She coloured slightly and pulled away her hands, laughing.
7302_86815_000016_000008	4.250	"Yes," he murmured,--"yes, be satisfied."	7302_86814_000053_000000	6.990	"Bah," said Andrea, a little overcome, by the solemnity of Bertuccio's manner, "why not?"
7800_283492_000010_000000	9.460	"Oh! now I tumble to what you mean," cried Will, who did not often use any sort of slang, and must therefore have been unusually excited to fall into the habit.	7800_283493_000061_000000	4.380	"I believe myself that I never got such splendid effects!" he exclaimed.
5456_24741_000016_000000	3.320	Note.--We now clearly see what Memory is.	5456_62014_000026_000000	2.700	"But how could they think an owl was a man?" asked Janey.
8747_293952_000109_000000	3.350	"I'm fly," said Master Moon, and began whistling.	8747_293952_000111_000001	6.630	She raised her head when she saw her visitors, and a look of annoyance crossed her face when she saw mr Beryl.
2518_154825_000010_000003	4.450	And yet, if thou fear'st not, I will still try it.	2518_154825_000015_000003	4.830	But if we fall, why, we shall fall together, and outwit their cunning.
201_122255_000044_000000	7.110	"And so thought I, also," cried Robin Hood, bursting out of the thicket and shouting with laughter till the tears ran down his cheeks.	201_122255_000019_000000	5.470	So for a long time they both of them went hunting about, Little john after the Tanner, and the Tanner after the deer.
302_123516_000009_000002	6.970	Strapped on either breast were human skulls and depending from these a number of dried human hands.	302_123516_000019_000000	3.300	"If at all?" roared Dak Kova.
3486_166446_000089_000000	3.820	The sapphire marble became a sapphire ball, a great globe.	3486_166446_000042_000001	6.610	"We can do nothing, Goodwin-nothing. Whatever is to be steps forth now from the womb of Destiny."
1898_145702_000013_000000	5.500	The two melancholy ones thought, 'That won't save us!' and they remained where they were.	1898_145702_000005_000000	3.520	They said at last, 'What use was it our deserting?
2136_5147_000049_000000	9.300	So my father, with a kind look at her, and a very tender one on me, went silently to the library, as he often did about that hour.	2136_5147_000045_000002	3.990	She has not a human relation, and she is in the best set.'
6385_34655_000009_000009	2.570	A confessional was grafted on to an alcove.	6385_34655_000022_000006	6.530	If there was a giant, a hell hound, a minotaur, to keep the gate of this enchanted palace, I would annihilate him.
3214_167602_000016_000000	6.830	"We've been told to keep order, and that no one is to leave their homes or take away a single grain, and that's all about it!" cried another.	3214_167602_000009_000000	2.630	"What decision have you been pleased to come to?" said he.
8095_274346_000048_000009	6.860	All encroachments on supreme power could only be resisted successfully on the first attempt.	8095_274346_000048_000000	3.360	All the other complaints against him were mere pretences.
8468_295198_000038_000001	5.960	He came up into the garden, and established himself under a burdock, and began to practise Italian scales.	8468_295198_000037_000003	3.600	As to your voice, your manner of living has a great deal to do with it.
4441_76250_000027_000000	4.380	Falk pondered; after a while he resumed the conversation.	4441_76262_000008_000002	4.940	Rehnhjelm overwhelmed him with questions, but Falander refused to reply before ten o'clock.
211_122425_000022_000000	4.980	"Why, this is a victory!" cried the king, all radiant, "a complete victory!"	211_122442_000101_000000	2.790	"Above all things be always on your guard.
1246_135815_000005_000005	2.830	Now sit up so that all can get a good look at you."	1246_135815_000017_000002	4.350	The entrance was quite large with a big heap of sand out in front of it.
6367_65536_000007_000009	4.340	He understood that he could not bring back to the old valley what he had taken from it.	6367_65536_000008_000002	3.000	He would be a stranger there, even among his kin.
5867_48852_000005_000002	5.980	Of course she had done so, at that time; but, nevertheless, her manner of telling him had seemed to him to be cruel.	5867_48852_000051_000000	3.310	"Oh, yes; and then I should have to go again with you.
2196_170379_000013_000000	8.230	Milton v Kline, professor of psychology at Long Island University, postulates that hypnosis is primarily retrogressive.	2196_170151_000006_000002	3.340	In discovering America Columbus failed absolutely.
307_127535_000036_000001	4.810	j f, and a score below, with a clove hitch to it; so he done ever."	307_127535_000026_000000	7.320	"Oh," replied George, "you don't be under no kind of apprehension; WE'RE all square, we are.
2952_408_000011_000000	4.670	When the villagers returned next morning, they found the priest awaiting them at the door of the headman's dwelling.	2952_410_000028_000004	4.900	Kwairyo, however, as quickly gripped the head by its topknot, and repeatedly struck it.
3240_131232_000059_000004	3.290	There is no opposition here, if our data of falls are clear.	3240_131231_000070_000000	5.020	A fall of fishes at Futtepoor, India, may sixteenth eighteen thirty three:
4214_7146_000028_000024	7.390	I remembered everything and I just stood up in my place and shrieked out 'Marilla, you mustn't use that pudding sauce. There was a mouse drowned in it.	4214_7146_000028_000030	2.500	It was like heaping coals of fire on my head.
2893_139310_000038_000002	2.870	Most of the faces were flushed, but many were ghastly white.	2893_139310_000032_000002	2.620	What did these people expect from him.
196_122159_000014_000001	6.880	"Jumped-mind!" he repeated, and I wondered at the evident but obscure intention.	196_122150_000006_000005	8.040	The majority were men who, like himself, thrown there by some accident, had remained as officers of country ships.
4406_16883_000002_000009	5.640	Hearing that my son was come to this place, I went to see him, and found him lying flat upon the ground.	4406_16883_000019_000018	3.880	This distressed condition held that day, and half the next.
1040_133433_000102_000000	3.820	"Yes, so do i What was the last thing peter ever said to you?"	1040_133433_000072_000000	5.310	All the boys were grown up and done for by this time; so it is scarcely worth while saying anything more about them.
5652_19215_000026_000021	3.990	Ah! it is true, I regret the grace of the ancient manners.	5652_39938_000003_000002	7.510	And yet no psychical treatment can start successfully so long as the patient is brooding on secret thoughts at the bottom of his mind.
2514_149482_000005_000001	8.000	"What do you offer, what do you offer?"--the place, however muffled in convenience and decorum, constantly hummed for him with that thick irony.	2514_149482_000024_000001	4.590	He had supposed himself civilised; but if this was civilisation-!
5561_41615_000062_000000	3.170	"Do you intend to obey me, Miss Savell?" asked Miss Thompson.	5561_41615_000013_000001	2.550	"It was----" she stopped, then flushed.
6454_120342_000036_000001	3.510	O, we went to twenty places that night, I suppose!	6454_93938_000026_000002	6.760	I made a dash for the door, and as I went through it I grabbed the key and locked them in.
1040_133433_000102_000000	3.820	"Yes, so do i What was the last thing peter ever said to you?"	1040_133433_000150_000000	3.200	peter rose and bowed to her, and she bowed to him from the bed.
5456_62043_000009_000000	4.120	"How does that wood burn?" inquired the Captain of the mate, who was looking on at the game.	5456_24741_000008_000001	3.070	I have amply illustrated this in the Appendix to Part one
3168_173564_000024_000000	7.260	For a long time Natasha listened attentively to the sounds that reached her from inside and outside the room and did not move.	3168_173564_000011_000000	3.510	The count returned and lay down behind the partition.
6848_252322_000036_000000	3.050	"What do you think of him?" asked the Corporal, eagerly.	6848_252323_000011_000000	5.790	"Sorra taste of it," muttered another; "there's a sea runnin' outside now that would swamp a life boat."
8226_274369_000035_000001	7.420	Yesterday I sent a serjeant at arms to demand some who, by my order, were accused of high treason.	8226_274369_000026_000001	9.340	When he considered all these increasing acts of insolence in the commons, he was apt to ascribe them in a great measure to his own indolence and facility.
7517_100442_000006_000000	3.170	The day can never be dull to the bookstall clerk.	7517_100442_000003_000000	8.670	Yes, to be a grocer is to live well; but, after all, it is not to see life.
2911_7601_000019_000001	3.110	Yet the sound increased-and what could I do?	2911_7601_000019_000005	7.920	I arose and argued about trifles, in a high key and with violent gesticulations; but the noise steadily increased.
6367_74004_000006_000005	3.250	As for brains, that is another thing altogether.	6367_65536_000017_000006	4.340	Now, again, he remembered as he looked down on the homeland fields.
1098_133695_000012_000005	4.070	If the manoeuvre should succeed there would be little hope of any great resistance.	1098_133695_000031_000008	2.890	So, without further thought, she replied, very simply-
2092_145706_000013_000000	6.760	'I should just think there was,' replied the other; 'many things that don't exist anywhere else in the world.	2092_145709_000015_000000	4.270	So they went to the castle where they had both endured so much.
2007_149877_000018_000001	6.400	"What are you going to take?" he added, as the barkeeper, in snowy jacket and tie, leaned toward them from behind the bar.	2007_149877_000005_000000	2.610	"You don't say so," would be the reply.
2007_132570_000021_000000	5.180	'Would you, indeed, be glad?' said Emily, in a tone of mournful reproach.	2007_132570_000043_000002	8.630	Neither the estates in Languedoc, or Gascony, shall be yours; you have dared to question my right,--now dare to question my power.
911_128684_000021_000000	6.420	Why then do men leave them as ambiguous as they do, and not class them decisively as purely spiritual?	911_128684_000008_000002	5.630	When active, it would figure in the physical, and when inactive, in the mental group.
7113_86041_000021_000000	8.270	Almost before the gnome had finished, the disappointed princess turned away, and marched off to her own apartments, without deigning to answer him.	7113_86041_000041_000001	8.150	All his gloom and misery vanished in a moment, and he anxiously questioned the welcome messenger as to the fate of the princess.
3526_176653_000083_000004	6.840	The boy was using the switch as a goad and driving the frog as an ox, and he was as earnest as though both were real.	3526_176653_000004_000001	4.020	She merely stared him straight in the eye and he smiled again.
6019_3185_000033_000010	2.750	Nobody remembered to have seen them abroad for years.	6019_3185_000027_000002	7.340	In every point our entertainment was superb; and I remarked that the music was the finest I had heard for years.
3112_9555_000015_000003	5.600	But in those school days he was, of all my foes, the worst.	3112_9555_000017_000009	2.560	Of course I was ill dressed and dirty.
7635_105409_000065_000000	3.080	"There is a creek in a direct line from the 'Chat Gris'?"	7635_105409_000113_000000	3.660	He walked up to where Marguerite lay, and looked down into her face.
229_130880_000010_000001	5.190	I found it by the ninth parallel off the northwestern shores of Ceylon.	229_130880_000049_000001	8.020	For my part, I stared at them with anxious eyes, as if they were already missing a limb or two. Should I alert them?
196_122150_000004_000000	6.780	His lameness, however, persisted, and when the ship arrived at an Eastern port he had to go to the hospital.	196_122152_000009_000004	5.980	This fellow-ran the thought-looks at me as though he could see somebody or something past my shoulder.
8630_305212_000011_000001	3.080	The wealthier students gloried in their bad reputation.	8630_305213_000020_000001	6.340	Augustine, who remained amongst them for nine years, thus describes them when writing to a friend:
5339_14134_000037_000000	7.140	She lifted up those eyes, usually so soft and serene; now they were full of the light of indignation shining through tears.	5339_14133_000037_000001	3.980	And, perhaps, the elder man was not unprepared for the communication that followed.
6078_54007_000034_000002	8.210	You are the first, and so you shall live with me as long as I live, and after I am gone everything that I have shall be yours."	6078_54013_000024_000001	7.430	But before I blow my pipe I and my friend here must have something to eat and drink, for one cannot play well with an empty stomach."
5022_29405_000070_000011	4.200	You can see in his face he finds the tale of them correct. He's coming this way.	5022_29411_000060_000001	2.950	Or was it a mockery of her that had taken her place?
1455_134435_000020_000007	3.170	"Make a sign to me, God," he cried.	1455_138263_000046_000000	2.530	"And why?" asked Nicholl quickly.
7794_295955_000002_000030	6.190	After he announced himself, the emperor admitted him into his presence, and asked him: "Do you wish to keep sheep?"	7794_295947_000021_000003	6.020	If that were not forthcoming, the most expensive medicine in the world would not restore the boy to health.
831_130746_000032_000005	6.690	And his only ray of hope was that it seemed more probable, after all, that the girl had escaped through her stepmother.	831_130739_000010_000011	3.140	Even in literature one must know where to draw the line.
669_129061_000045_000002	2.850	The servants was a drinkin' up in the drawingroom.	669_129074_000053_000000	2.750	The ship came swiftly nearer and nearer.
6367_74004_000034_000000	3.320	"Well, did you ever?" said Ruggles.	6367_65536_000018_000001	7.820	There was the school he had attended, a small, low eaved, white washed building set back from the main road among green spruces.
3664_11714_000043_000000	4.080	"But, my father," cried Lorenzo, "Florence is free, Florence is happy."	3664_178355_000011_000003	3.710	The score now stood fifty six to thirty seven, in my favor.
5778_54535_000013_000000	5.880	james was a tall, handsome young fellow at this time, and liked to go about to dancing parties in the evening.	5778_54535_000020_000003	2.910	He did not get his fame without much hard work.
403_126855_000013_000001	9.000	They used to make their lemonade out of the juice of wild oranges, sweetened with honey which they got from the bees' nests in hollow trees.	403_128339_000010_000008	4.030	Under the President sat Doctor Manette, in his usual quiet dress.
6454_107462_000008_000001	4.140	To ring at the front door of ordinary intercourse was not enough for him.	6454_93938_000031_000005	7.230	Fortunately for me, my pursuers felt so sure of my capture that not one of them drew a bead on me.
481_123720_000044_000007	5.300	I stole the brushes to clean them from the passage, being careful he should not detect it, for fear of his contempt.	481_123719_000002_000012	4.410	And even more contemptible than that is my making this remark now.
5393_19218_000037_000010	4.990	This carriage which has become colossal through its freight, has an air of conquest.	5393_19219_000047_000012	2.880	Have a care, Nemorin, thou art too handsome!
1578_140049_000022_000001	2.710	"Well, there's one crop that never fails in Riverboro!"	1578_140045_000046_000007	8.490	THE RIVER!' just like that-the same as Eliza did in the play; then I leaped from puddle to puddle, and Living and Emma Jane pursued me like the bloodhounds.
19_227_000003_000000	8.120	Catherine took up her work directly, saying, in a dejected voice, that "her head did not run upon Bath-much."	19_198_000000_000002	5.300	For more information, or to volunteer, please visit librivox dot org.
696_93314_000028_000002	3.300	She said it, of course, with her dear arms round his neck.	696_93314_000071_000000	3.860	"My child-Sir Henry-and Sir William and mr--"
8238_274553_000016_000000	4.800	Sir,--My friend, m p-, will hand you this note.	8238_274553_000028_000002	5.440	I did so, but to little purpose, not being able to gather the least particle of meaning.
83_9960_000013_000001	2.670	After a pause, Thenardier continued:--	83_11691_000060_000000	2.760	"And shall I find you here when I come back?"
6147_34605_000007_000001	6.610	Where a woman is vulnerable, on the side of pity, for instance, which so readily turns to love, Josiana was not.	6147_34605_000026_000002	2.680	In default of thunderclaps there is impertinence.
6367_74004_000006_000000	2.710	Sylvia Grant did go down the street, however.	6367_65536_000017_000001	5.590	They had parted without pledge or kiss, yet he knew she loved him and that he loved her.
587_54108_000050_000000	3.360	"In the bow; I dislike to see dangers before we come to them."	587_54108_000077_000000	7.450	"I do not care to be Absalomed; where were your eyes, ruth?" she complained, as Kemp pushed out with a happy, apologetic laugh.
4481_17498_000033_000000	2.570	But he resolved not to submit without a struggle.	4481_17498_000061_000001	6.150	When you crack it there's plenty of milk within-and in your case it's the milk of human kindness.
8770_295465_000016_000000	3.090	"Give the boys a chance," was Abraham Lincoln's motto.	8770_295462_000047_000002	8.770	I have made up my mind that this paper is to issue; that the time is come when it should issue; that the people are ready for it to issue.
3235_28433_000004_000001	4.320	The English people were all workers, and I had known them for ten years or more.	3235_28433_000006_000002	9.090	Not a foot of space above or below decks was left unused, but provision was made for all, and the ship was well manned.
3982_182255_000066_000005	4.410	If we get a new council in they may name their own figure.' 'Good,' I said.	3982_182255_000056_000000	8.960	"We did," said mr Furlong, "at a more or less nominal sum-four hundred thousand or whatever it might be.
8063_274112_000070_000001	4.220	Get angry if you like, or call me names, if you prefer it; but, the deuce is in it.	8063_274112_000135_000000	2.750	"That being understood then, proceed."
7312_92432_000009_000001	5.480	In the afternoon of the thirtieth, I received a brief note from Miss Fuller, requesting me to call at her residence.	7312_92432_000009_000008	4.470	After a few words more, I took my departure, the hour she named having nearly arrived.
1867_154071_000033_000005	2.840	After you've done all that are you going to give up now?	1867_154075_000075_000000	5.320	"And, when you're on the streets with the girl, do you suppose I'll rest idle and let you walk away with her?"
7505_83618_000007_000003	8.660	Cusic, who takes up the story of the Iroquois a thousand years before the Christian era, locates them first in the most eastern region they ever possessed.	7505_83618_000016_000000	8.530	His symbols were the bird, the serpent, the cross, and the flint, representing the clouds, the lightning, the four winds, and the thunderbolt.
4640_19188_000021_000034	8.630	You say: 'I have a gun, I am at the barricade; so much the worse, I shall remain there.' So much the worse is easily said.	4640_19188_000022_000000	3.020	All dropped their heads with a gloomy air.
8629_261139_000010_000000	4.240	Next moment the door opened, and Frederick and his father came in.	8629_261140_000019_000004	4.430	For, however other people might feel, she did not for a moment believe his story.
5104_33406_000055_000001	2.680	"The white mast stands as high as a hill."	5104_33407_000016_000000	5.610	Now the king was going to hold a feast at night, and Leif put on his most beautiful clothes to go to it.
125_121342_000043_000002	5.220	Seat damp... are clothes absorbing wetness from seat, or seat absorbing dryness from clothes?...	125_121342_000013_000000	2.970	Question.--Well-what's the situation?
4853_29413_000046_000001	3.780	"I happened to look at the boat," he said, "and I missed the oars.	4853_29413_000045_000003	2.520	Had we any proof to justify us?
5778_54535_000020_000000	5.280	james Whistler was always kind to young artists and liked to have them sit by him while he worked.	5778_54535_000020_000002	7.480	He loved art so well that he made water colors, pastels, etchings, and lithographs, as well as oil paintings.
6064_56165_000051_000000	9.080	"It's a good thing Edith doesn't wish to go," said Nora; adding mischievously, "but Brenda Barlow's cousin Julia is going."	6064_56168_000030_000000	4.210	"Well, you have the most ridiculous ideas, hasn't she, Brenda?"
8465_246947_000017_000004	3.030	She stepped quickly in, and round the screen to the side of the bed.	8465_246947_000006_000000	5.090	She led the way down the stair, and walked with him through the garden. Wingfold did not speak.
1594_135914_000024_000005	3.830	Ganem," added she, "it is not you that I address!	1594_135914_000026_000002	4.370	Fetnah then said, "Let us bless Heaven for having brought us all together.
2989_138035_000017_000000	8.680	"Look here, bachelor Corchuelo," returned the licentiate, "you have the most mistaken idea in the world about skill with the sword, if you think it useless."	2989_138035_000040_000000	5.110	"Well then," said the cook, "take spoon and all; for Camacho's wealth and happiness furnish everything."
696_93314_000065_000001	4.170	This time he reeled like a man too drunk to care how drunk he looks.	696_92939_000025_000000	4.630	When her death became known, the entire civilized world was shocked and horrified.
4859_26870_000023_000002	3.860	She seemed to be fond not so much of individuals as of the family as a whole.	4859_26870_000010_000001	4.060	Never," he repeated in a trembling voice like a boy asking for forgiveness.
6064_56168_000012_000000	4.010	"Oh," cried Belle, and "Ah," echoed Brenda.	6064_300880_000069_000001	9.440	From its door emerged mr Thomas Harmon, who rolled upon the pavement apparently strangling. mr Murphy rushed to his aid.
250_142286_000032_000000	3.910	'I suppose you are not musical,' said Fanny, 'as I see no piano.'	250_142286_000003_000002	9.480	Her son had given her a carriage; but she refused to let him keep horses for it; they were hired for the solemn occasions, when she paid morning or evening visits.
4640_19187_000013_000000	7.570	In the tap room there remained only Mabeuf under his black cloth and Javert bound to his post.	4640_19188_000048_000002	4.480	He would have turned pale, had it been possible for him to become any paler.
4853_29413_000013_000000	3.140	"Then sit down, Gloody, and make a clean breast of it."	4853_29413_000046_000001	3.780	"I happened to look at the boat," he said, "and I missed the oars.
3436_172162_000018_000001	4.340	But Guenever had full leisure to repent the haste with which she had given credit to the tale.	3436_172171_000010_000009	5.110	And as he did not tell him the meaning of what he saw, he forebore to ask him concerning it.
322_124146_000029_000004	7.390	I told you in the library, you know, that I should never speak to you again, and you will find me as good as my word.	322_124146_000007_000002	3.360	In everything else she is as good-natured a girl as ever lived.
5514_19193_000008_000002	7.070	He lives alone, which renders him a little sad, perhaps; Enjolras complains of his greatness, which binds him to widowhood.	5514_19193_000062_000010	4.100	He was not a child, he was not a man; he was a strange gamin fairy.
1743_142914_000018_000001	5.340	Right where the Laughing Brook entered the Smiling Pool there was a little pebbly beach.	1743_142912_000020_000000	4.240	"What is it?" asked peter, who is always glad to do any one a favor.
6019_3185_000030_000005	4.970	It was poor, maniacal Von Harrelstein, who had been absent in the forest for a week.	6019_3185_000031_000005	7.370	And yet again it was turned against him; for a magistrate asked him how HE happened to know already that nothing had been touched.
83_11691_000034_000005	3.060	"Have you ever seen a yak, Coronel?" he asked.	83_9960_000090_000000	4.610	This was the signal like the signal for clearing the decks for action on board ship.
5778_12761_000012_000000	5.740	"We began to be uneasy at Derosier's absence, fearing he might have been bewildered in the woods.	5778_54535_000002_000004	7.550	Then the colonel went back to the emperor and said: "The man you need to do this piece of work lives in the United States of America."
458_126294_000008_000000	4.180	The two children therefore got up, dressed themselves quickly, and went away.	458_126294_000007_000000	5.180	Early next morning the forester got up and went out hunting, and when he was gone the children were still in bed.
6367_65536_000006_000011	7.620	That name had all unconsciously been kept sacred to the long, green, seaward looking glen where he had been born.	6367_74004_000013_000001	2.650	I know he writes to Em White in vacations.
89_218_000013_000006	3.760	Her heart fluttered, her knees trembled, and her cheeks grew pale.	89_218_000014_000017	8.530	Till she had made herself mistress of its contents, however, she could have neither repose nor comfort; and with the sun's first rays she was determined to peruse it.
4788_294466_000013_000001	8.280	When she spoke, she said, "It's only natural that Jerry should call me 'Little Sister.' Our mothers were like sisters when they were girl brides.	4788_91208_000009_000006	7.480	The work of deduction is the interpretation of these formulas, and therefore, strictly speaking, is not inferential at all.
89_218_000014_000007	8.140	In the pause which succeeded, a sound like receding footsteps and the closing of a distant door struck on her affrighted ear.	89_219_000002_000002	8.080	"But we have a charming morning after it," she added, desiring to get rid of the subject; "and storms and sleeplessness are nothing when they are over.
3440_171009_000129_000000	3.180	"Keep it in your pocket, and use it every day, won't you, papa?"	3440_171009_000070_000000	5.420	"Doesn't your papa let you eat anything good, Elsie?" asked Mary Leslie across the table.
8747_293952_000056_000000	3.060	"Perhaps you would like me to go," sneered Julius.	8747_293952_000119_000000	4.630	"That's Lord Conniston's place," said Miss Berengaria, more perplexed than ever.
5049_25947_000048_000001	2.710	"Why, this is just like getting money from home."	5049_25947_000018_000006	9.040	When we gathered up the corners of his blanket and lifted him, he tried to sit upright, and cried out, "You're taking me to the front, aren't you?
5104_33407_000056_000004	3.290	The ship we will load with logs from these great trees.	5104_33406_000015_000003	9.270	When the drinking horns had been filled and emptied, Eric pulled himself up and smiled and shouted out so that the great room was full of his big voice:
4853_29413_000026_000003	7.890	The one way of putting a stop to murdering mischief (if murdering mischief it might be) was to trust Miss Cristel.	4853_29413_000046_000000	3.120	Gloody at once acknowledged that we had no proof.
8975_270782_000019_000004	6.290	None of these limitations exist in the beginning, but are gradually built up in the course of development and education.	8975_270782_000005_000001	7.150	You probably all know from your own experiences the peculiar amnesia, that is, loss of memory, concerning childhood.
7190_90542_000081_000001	8.460	A pit I call it, but it was as much a cave as a pit, part of it running deeply into the earth, and only about a third of it being open to the sky.	7190_90543_000041_000003	5.020	On the night of the burglary dr Wood was away from home, only servants being in the house.
1743_142914_000003_000005	4.190	peter doesn't mind getting his feet damp, so he hopped along carelessly.	1743_142913_000006_000005	2.800	But he wasn't sad, as peter well knew.
6531_61334_000004_000004	3.580	In the north he had to drive back invading bands of the Muski.	6531_61334_000012_000000	6.680	For several years the great conqueror engaged himself in thus subduing rebellious tribes and extending his territory.
4788_94904_000008_000010	5.590	Under his protection numerous communities were formed which knew no one above them but the king.	4788_94904_000003_000006	5.570	That they should be willing and able to fulfill the duties and discharge the functions which it imposes on them.
3374_298026_000008_000004	5.290	Suppose words or a human being to create a misunderstanding between us!	3374_298026_000008_000003	6.040	But then my longing grew again irresistible, until on its wings I sank back into your arms.
6476_57446_000054_000000	8.620	This put Sazen rather in a dilemma; however, he made up his mind not to show any hesitation, and said, "What are you talking about?	6476_57446_000024_000000	7.410	At this O Koyo, who had been crouching down like a drooping flower, gave a great start, and cried out, "Is that really true?
332_128985_000012_000000	6.490	When the pirate captain and his companions were brought before the Governor, he made no pretence of putting them to trial.	332_128985_000008_000004	7.290	There is nothing horrible that has ever been written or told about the buccaneer life, which could not have been told about Roc, the Brazilian.
5339_14133_000005_000000	4.250	Things were much in this state when the frost broke, and milder weather succeeded.	5339_14134_000069_000000	8.610	If she had been less occupied with her own affairs, less engrossed with deep feeling, she would have reproached him, if only in jest, for his carelessness.
7447_91186_000020_000001	5.030	Every accent of his dramatic music was embodied in his piano compositions.	7447_91187_000010_000001	6.510	Liszt once said Chopin was the only pianist he ever knew that could play the violin on the piano.
7780_274562_000005_000002	7.030	The possessor of any appreciable amount of money might have been imagined to perform any one of a thousand things.	7780_274562_000012_000006	7.420	Rule applies but to the excellences of avoidance-to the virtues which deny or refrain.
2817_142371_000016_000001	5.600	I want to consult him about a little matter; but you are quite as much concerned in it, if not more.	2817_142380_000015_000002	4.960	Bartle Massey rose quietly, turned the key in the door, and put it in his pocket.
5750_100289_000017_000003	3.780	In a few years he returned to Chicago and opened an office.	5750_100289_000026_000005	6.790	It was the Chicago Museum which sent him to the Philippine Islands, where he was murdered by the natives a few years ago.
730_358_000006_000001	5.550	In my joy I thrust my hand into the live embers, but quickly drew it out again with a cry of pain.	730_358_000001_000004	7.520	The light became more and more oppressive to me, and the heat wearying me as I walked, I sought a place where I could receive shade.
2843_152918_000005_000003	7.550	Suddenly I saw Hanssen's dogs shoot ahead, and downhill they went at the wildest pace, Wisting after them.	2843_152918_000007_000007	7.690	If our progress was nevertheless slow and difficult, this was due to the wretched going, which was real torture to all of us.
118_47824_000072_000000	2.850	The district attorney appeared as much at sea as the others.	118_124588_000005_000003	3.330	He had ridden from the door of the Peacock at about a quarter to eight.
8226_274371_000036_000004	6.580	The commons sent up an impeachment against nine peers, for deserting their duty in parliament.	8226_274369_000012_000001	6.960	Multitudes flocked towards Westminster, and insulted the prelates and such of the lords as adhered to the crown.
6078_54007_000042_000001	5.830	After he had done that, he began to wonder what was inside of the little door at the back of the room.	6078_54013_000052_000000	3.750	The servant stood and stared like one bereft of wits.
2817_142371_000021_000001	6.740	It's seldom I see other folks's butter, though there's some on it as one's no need to see-the smell's enough."	2817_142371_000027_000000	6.540	"And now, Poyser, as Satchell is laid up, I am intending to let the Chase Farm to a respectable tenant.
125_121342_000043_000020	4.450	Rosalind was outfield, wonderful hitter, Clara first base, maybe.	125_121124_000061_000001	6.210	Excuse me, excuse me, but I owe this money to the charity fund,--a deposit which I promised to pay this morning."
8226_274369_000005_000002	9.120	This principle, which prevails so much among zealots, never displayed itself so openly as during the transactions of this whole period.	8226_274369_000018_000006	3.360	The opportunity was seized with joy and triumph.
298_126790_000092_000000	3.690	"It is now too late; but a dose of oil would carry off the humors famously."	298_126791_000038_000001	7.660	If," she added, with a tremulous lip, "this dreadful suspicion that is affixed to his visit were removed, I could consider his wound of little moment."
5703_47198_000026_000000	3.450	"What is it?" he asked, as she put the envelope into his hand.	5703_47198_000046_000000	4.560	"I would, like a shot," he replied, "but I can't possibly get away next week.
8014_280382_000005_000002	6.140	And take heed also to thyself and thine own kingdom if thou permit this new fashion of driving forth kings to go unpunished.	8014_112602_000008_000000	2.560	The ancient Irish loved bright colours.
19_198_000010_000000	2.670	Such was Catherine Morland at ten.	19_198_000012_000000	2.960	From Pope, she learnt to censure those who
2910_131096_000036_000002	5.230	But now perform exactly the task imposed on you by my mother, and I will take care of the rest."	2910_131096_000007_000003	3.520	I will give her cause to repent of so unlawful a beauty."
8226_274371_000040_000005	2.710	He now prepared himself for defence.	8226_274371_000040_000000	7.950	The queen, disposing of the crown jewels in Holland, had been enabled to purchase a cargo of arms and ammunition.
1088_129236_000017_000001	8.520	It is a fact often observed, that men have written good verses under the inspiration of passion, who cannot write well under any other circumstances.	1088_129236_000008_000004	5.870	And what fastens attention, in the intercourse of life, like any passage betraying affection between two parties?
250_142276_000012_000000	4.930	'But the Gormans were neither butchers nor bakers, but very respectable coach builders.'	250_142276_000006_000005	3.220	Her in doors life had its drawbacks.
8838_298545_000051_000001	6.040	He had stood in the midst of them like a horse at a fair, and he was just beginning to wonder whether he was more angry or amused.	8838_298546_000010_000000	8.980	The doctor's sermon would have had more effect if the assistant had not once or twice had occasion to test his highest, and come upon it at unexpectedly humble elevations.
4898_20016_000006_000001	5.030	He turned his eyes upon it, and was greatly surprised by its appearance.	4898_28461_000010_000001	7.690	Here, too, occurs a marked change in climate and consequently in forests and general appearance of the face of the country.
1737_146161_000016_000000	4.210	Sixteenth row:--Seamed, make one at the beginning.	1737_142397_000027_000007	7.920	Humanity would have rejected it with scorn, Nature, everywhere singing in the same key, recognised and accepted it without a flicker of dissent.
7190_90543_000086_000005	4.250	These preliminaries seemed stereotyped ones, and he appeared glad to be done with them.	7190_90542_000001_000002	4.240	Truth to tell, I was not there for his opinion, but to see his granddaughter.
8797_294123_000011_000001	2.940	For sheer work no worker in the world can compare with him.	8797_294123_000012_000005	3.270	Nay, war itself bears fruits whereof he may pick.
2843_152918_000027_000002	3.260	Some were sharp, but most were long and rounded.	2843_152918_000001_000003	7.570	It was blowing and snowing so that when we came out in the morning we could not see the sledges; they were half snowed under.
8419_293473_000004_000002	5.620	When they were hungry they ate some leaves, and never thought what they should eat the next time that they happened to be hungry.	8419_286667_000019_000002	6.330	But she suddenly raised her head, and said, "There! I have forgotten something," and flew off, as she had done the day before.
4813_248641_000009_000002	3.500	Every one is expected, nay, commanded, to come to church.	4813_248641_000012_000005	8.490	It was this high pitch, attained and sustained by our Puritan fathers, which produced a dramatic and sometimes terrible blend of personality.
7302_86814_000004_000003	8.160	Some of the inmates of the "Lions' Den" were watching the operations of the prisoner's toilet with considerable interest.	7302_86815_000066_000000	2.810	"In the name of the love you once bore me!"
8838_298546_000034_000000	2.810	"No doubt, sir, but at present I prefer to do without them."	8838_298546_000022_000002	6.200	There was an old ring proverb that "Youth will be served," but the annals of the ring offer a great number of exceptions.
7226_86964_000006_000002	5.720	A head wind this morning made rowing more difficult, by counteracting the influence of the current.	7226_86965_000002_000002	7.050	The husband, whom we had not met before, was a short, smooth faced, voluble, overgrown boy sort of man.
1867_154071_000011_000001	2.590	One week was decided on as a fair test.	1867_154075_000076_000000	5.030	"Once we're outside of the house, Mark," said Ronicky Doone, "I don't ask no favors.
1116_137572_000001_000003	4.080	At first the emotions seem to stand still-this is the long coveted moment!	1116_132847_000058_000001	8.920	He stood quite still while Bellah scrambled up, then he started off, his pace growing quicker and quicker, till at length the girl could hardly see the trees and houses as they flashed past.
3947_13262_000022_000003	2.860	At last Rollin said: "I thank you.	3947_13262_000022_000001	5.270	His agitation was greater than he could control. Rachel could not help seeing it.
125_121124_000116_000000	2.620	"Send at twelve," said Danglars, smiling.	125_121124_000108_000000	2.640	"Well, I must confess, these are scruples."
2989_138035_000009_000001	8.740	He eats little and sleeps little, and all he eats is fruit, and when he sleeps, if he sleeps at all, it is in the field on the hard earth like a brute beast.	2989_138035_000036_000000	4.300	Sancho observed all, contemplated all, and everything won his heart.
831_130746_000034_000000	3.230	And so the twenty minutes' law passed into an infinity.	831_130746_000070_000001	2.860	"My name, brother Chris," she said, "is Jessie."
1970_26100_000030_000007	3.560	It is one of the simplest tricks of a pilot's repertoire.	1970_28415_000045_000000	5.290	He left the Pharisees and went into the Temple, where people were making their gifts to God.
150_126107_000025_000000	6.030	"How am I to put you in?" "That is your business," she answered, quite snappishly.	150_126112_000053_000013	2.890	The princess gave a shriek, and sprang into the lake.
3486_166446_000081_000000	3.790	Came a shrill, keen wailing-louder than ever I had heard before.	3486_166446_000044_000004	8.060	A new child to whom shall be given dominion-nay, to whom has been given dominion? Or is it-taps-for Them?"
669_129061_000040_000008	3.990	Steyne has been a hundred times alone with her in the house before."	669_129074_000044_000002	5.980	"And now let us get pen and ink and write to him to come this minute," she said.
6147_34605_000008_000004	5.910	To have made her nudity a torment, ever eluding a pursuing Tantalus, would have been an amusement to her.	6147_34607_000007_000002	9.150	Under her reign, otherwise relatively mild, pressing for the fleet was carried on with extreme violence-a gloomy evidence that the Englishman is a subject rather than a citizen.
1992_141719_000016_000015	7.740	A Merchant happening to pass by, he sold it to him for a Trifle, and took in Exchange nothing more than a Mantle, and a Cap.	1992_141719_000013_000000	4.920	The other Champions play'd their Parts much better; and all came off with Credit.
7800_283493_000072_000001	3.120	Well, so long, boys, and we all wish you success."	7800_283478_000040_000002	5.020	Between you and me, he never will be able to do it for days or weeks, he's that doubled up."
3168_173564_000017_000005	2.550	The countess exchanged a look with Sonya.	3168_173564_000020_000002	7.560	Her head moved from side to side from habit, but her eyes, feverishly wide, looked fixedly before her.
5390_30096_000022_000001	3.890	He wanted capital to patent the pump and put it on the market.	5390_24512_000054_000001	7.590	Locked up in a dead language, kept close, away from the world, they were like the jar of wheat which could not grow.
8468_294887_000004_000004	9.000	They went out all over the land, and were instrumental in diffusing more truth, perhaps, about the dreadful system of American Slavery, than was accomplished in any other way.	8468_286673_000016_000001	4.450	And you," she added, turning to his brothers and sisters, "must be patient with him.
19_198_000012_000000	2.960	From Pope, she learnt to censure those who	19_227_000003_000000	8.120	Catherine took up her work directly, saying, in a dejected voice, that "her head did not run upon Bath-much."
669_129074_000001_000000	5.200	Which Contains Births, Marriages, and Deaths	669_129061_000040_000005	2.990	His adviser caught at some stray hints in it.
78_369_000035_000004	7.720	My beloved sister, the sickening failing of your heart felt expectations is, in prospect, more terrible to me than my own death.	78_369_000071_000001	5.510	You hate me, but your abhorrence cannot equal that with which I regard myself.
4788_294466_000046_000002	3.380	Eight happy years they had spent together before her mother died.	4788_94904_000008_000008	9.240	It was, therefore, sure; and, in proportion as it was accomplished, it abated, in the oppressed portion of the community, the habit of submitting to oppression.
8226_274369_000035_000005	7.380	Well, since I see all the birds are flown, I do expect that you will send them to me as soon as they return.	8226_274371_000020_000005	6.660	The war of the pen preceded that of the sword, and daily sharpened the humors of the opposite parties.
5049_25947_000018_000006	9.040	When we gathered up the corners of his blanket and lifted him, he tried to sit upright, and cried out, "You're taking me to the front, aren't you?	5049_25947_000048_000001	2.710	"Why, this is just like getting money from home."
730_358_000006_000001	5.550	In my joy I thrust my hand into the live embers, but quickly drew it out again with a cry of pain.	730_359_000011_000000	3.050	"By degrees I made a discovery of still greater moment.
7447_91187_000008_000005	5.340	It has been said of him that he had a sad heart but a joyful mind.	7447_91186_000016_000001	8.600	His important theoretical work, "The True Art of Clavier Playing," was pronounced by Haydn the school of schools for all time.
3699_19401_000036_000000	7.560	--They are all books which excite laughter; and thou knowest, dear Toby, that there is no passion so serious as lust.	3699_19402_000015_000000	8.870	As for the thin scarlet breeches, they had been unripp'd by the taylor between the legs, and left at sixes and sevens-
1624_142933_000035_000003	2.930	"Don't be afraid, Redcoat," he whispered.	1624_142933_000023_000005	4.840	Wings and tail were pure black and all the rest was a beautiful scarlet.
3112_9554_000005_000000	2.640	So much I would say by way of preface.	3112_9555_000011_000010	3.870	There were ever so many other punishments accumulated on our heads.
909_131041_000019_000002	5.130	But two considerations seem to justify the ideas of the convention in this respect.	909_131041_000006_000001	2.810	wednesday march twelfth seventeen eighty eight.
5678_43302_000076_000006	4.800	Not many speeches were made on the subject; it had been found inadvisable.	5678_43301_000005_000003	7.310	It was through this alone that the false unity of the Church with its fantastic spiritual fraternity could be counteracted.
446_123501_000012_000002	6.590	Further, the heads of the adults are not so out of proportion to their bodies as in the case of the young.	446_123502_000016_000003	5.720	My captor merely strode up to the rostrum, the others making way for him as he advanced.
5393_19218_000040_000008	2.650	There the Carnival forms part of politics.	5393_19219_000047_000015	4.420	Can one be too much alive, too happy? Moderate your joys.
8747_293952_000031_000001	7.240	It was Sir Simon's wish that we should marry, and, owing to my circumstances, I had no choice in the matter.	8747_293952_000014_000001	4.700	So far as he saw, Miss Malleson was remarkably cheerful under her sorrow.
3242_8112_000002_000001	3.900	If the professor didn't mind, things were about that far along.	3242_67153_000026_000000	2.760	I see you've been elected President of your class.
6081_41997_000043_000004	2.740	Before I could reach them they slammed the door in my face.	6081_42010_000028_000003	8.260	He rang the bell, and ordered the guard to conduct the witness back to prison, and to take every precaution to prevent him seeing his wife again.
5678_43303_000057_000006	3.310	We are communicating with the Press. Come up here to me at once.	5678_43302_000009_000000	4.210	"He was killed-trampled and strangled instantly," said Oliver.
5778_12761_000012_000004	9.070	It appeared that he had been lost in the mountain, and hunger and fatigue, joined to weakness of body, and fear of perishing in the mountains had crazed him.	5778_54535_000010_000001	8.430	Instead of making a fuss about this, he used to call for pencil and paper and practise drawing feet until he could make very perfect ones.
6415_111615_000012_000006	7.830	He wonders how one dare approach the chronicling of this muddled panorama with anything but humility and despair.	6415_116629_000042_000001	2.680	You can go to bed;" and was making off.
254_145458_000018_000000	2.650	"Locate" is the pleasant word here.	254_145458_000015_000001	4.850	Like every artist worth consideration, he had no recipe.
89_218_000014_000007	8.140	In the pause which succeeded, a sound like receding footsteps and the closing of a distant door struck on her affrighted ear.	89_218_000012_000010	7.820	Alarmed, but not discouraged, she tried it another way; a bolt flew, and she believed herself successful; but how strangely mysterious!
7367_86737_000132_000011	3.580	Then they knelt on each side of the grave, and said the prayers of the dead.	7367_86737_000119_000002	3.380	The next day they kept their word, and thus they grew up together.
8975_270782_000007_000004	4.820	Beautiful examples of this occur in literature, and I myself can present such an example.	8975_270782_000008_000003	5.980	These evil wish impulses have their origin in the past, often in a past which is not too far away.
5049_25947_000048_000001	2.710	"Why, this is just like getting money from home."	5049_25947_000025_000005	2.640	He was dead, but he was not defeated.
1334_135589_000042_000000	3.800	"Patience Heatherstone," cried Edward, "the toast of all London!"	1334_135589_000002_000000	6.300	"You have to choose between two generals, both great in the art of war-Conde and Turenne.
39_121914_000025_000005	2.930	He will be able to tell her how we all are."	39_121914_000017_000000	3.460	"Poor Miss Taylor!--I wish she were here again.
3879_173592_000031_000001	8.240	A mob of soldiers and artisans beset his chamber, threatening loudly to desert him, and take passage with Hawkins, unless the offer were accepted.	3879_174923_000034_000001	3.350	I cannot but think of things as they were two or three years since.
2002_139469_000019_000008	5.770	It was August; so there could be small hope of relief during the heats.	2002_139469_000012_000006	6.200	These reflections made our legislators pause, before they could decide on the laws to be put in force.
4088_158079_000049_000000	5.090	"Six more women sentenced to day to thirty days in Occoquan workhouse."	4088_158077_000103_000001	2.830	All carried banners with the same words of the President.
7113_86041_000047_000001	3.930	Greatly as I desire your love, I do not ask a sacrifice.'	7113_86041_000029_000000	6.320	After that, by the power of the wonderful wand she summoned a cricket, and taught him this greeting:
87_121553_000167_000000	8.010	The first thing that was understood by me Was "Benedight be Thou, O Trine and One, Who hast unto my seed so courteous been!"	87_121553_000033_000000	7.160	He in short time became so great a teacher, That he began to go about the vineyard, Which fadeth soon, if faithless be the dresser;
27_124992_000000_000002	5.050	But on the square of them, each side was extended the space of twenty feet.	27_124992_000037_000001	2.770	Let all we have be subject to thy law,
7148_82991_000031_000001	2.830	"Why, Mark, you are clean crazed!"	7148_82991_000036_000000	4.440	Awed by Mark's determined manner, the bystanders kept aloof.
83_11691_000017_000000	4.010	Coronel didn't know whether to laugh or to cry.	83_11691_000069_000002	5.790	Udo was gone too. He returned to the Palace, and began to think it out.
4788_294466_000033_000000	3.010	"Good!" Dora exclaimed as she rode close to the porch.	4788_94904_000008_000000	9.180	A people are no less unfitted for representative government by the contrary fault to that last specified-by extreme passiveness, and ready submission to tyranny.
1992_141719_000016_000014	6.230	In one of his frantick Fits, he put on the green Armour, that had created him such a World of Disgrace.	1992_141719_000014_000004	2.920	Victory! in favour of the Champion in white.
5778_12761_000011_000000	7.950	"Carson and I climbed one of the nearest mountains; the forest land still extended ahead, and the valley appeared as far as ever.	5778_54535_000011_000004	6.850	james shoved his mother down on the seat behind him, and standing in front of her, beat the horses back from them.
7113_86041_000026_000000	7.510	One day she changed a tiny turnip into a bee, and sent him off to bring her some news of her lover.	7113_86041_000050_000001	3.160	'Then give me just one proof of your goodness.
831_130746_000038_000003	6.110	So it was that in the space of an hour they came abruptly down a little lane, full tilt upon the sea.	831_130746_000036_000001	5.510	He looked sideways at her as she sat beside him with her ankles gracefully ruling the treadles.
6818_76332_000019_000003	2.630	They regarded each other with mutual surprise.	6818_76332_000021_000000	2.590	"Why, no!" replied Joyce, rather confusedly.
4853_29413_000026_000001	3.640	"I didn't dare speak to you about it; you wouldn't have believed me.	4853_29413_000026_000003	7.890	The one way of putting a stop to murdering mischief (if murdering mischief it might be) was to trust Miss Cristel.
6531_61334_000049_000001	3.350	Then Jehu drew his bow and shot Joram through the heart.	6531_61334_000016_000007	3.480	Over the pure cloudless sky was the glow of the last light.
83_3054_000004_000007	6.860	As she sank she fell upon her side, and forced a very large lobster tree out of its place.	83_11691_000045_000004	2.590	Let's hold a council of war and think it over."
7859_102519_000008_000002	7.980	As he parted from his friends he exclaimed that his days were numbered, and that he should be expecting the order for his execution to arrive at any moment.	7859_102519_000013_000005	5.380	Accordingly the nose of Leontius was slit, and he was placed in confinement in a monastery.
3607_29116_000039_000001	7.070	His rooms were full of dry goods boxes, into which his servant was crowding all manner of old clothes and stuff: I suppose he will paint 'Pub.	3607_29116_000017_000000	3.000	Laura looked a little incredulous, and the Senator proceeded.
1743_142914_000001_000002	5.670	peter scratched a long ear with a long hind foot, trying to think of some place to go.	1743_142914_000014_000006	7.580	I think there is one right under my feet now; watch me get him." Longbill bored into the ground until his head was almost against it.
5163_18515_000010_000000	2.630	"They want some stuivers," cried Jasper.	5163_18515_000036_000000	8.800	"Now that's too bad," mourned Polly, "for I'm afraid she'll keep away from me all the while we're on this island, and then I can't get a chance to give her my kodak at all."
7780_274562_000007_000001	6.790	Under other circumstances than those which invested him, it is not impossible that he would have become a painter.	7780_274562_000008_000003	8.090	In the most enchanting of natural landscapes, there will always be found a defect or an excess-many excesses and defects.
7059_77900_000033_000000	9.010	At moments it all seemed no harm; at others, the luxury in which this life was so contentedly sunk oppressed Annie like a thick, close air.	7059_77900_000020_000001	9.160	It was not imposingly large, but, as mrs Wilmington caused Annie to observe, it was as big as the hat shops and as ugly as the shoe shops.
78_369_000022_000006	4.440	I had no conception that vessels ever came so far north and was astounded at the sight.	78_368_000012_000001	6.940	I know not; I lost sensation, and chains and darkness were the only objects that pressed upon me.
2514_149482_000012_000000	4.190	"You weren't present THEN, dearest," mrs Lowder richly concurred.	2514_149482_000009_000012	3.290	She made it indeed effective for him by suddenly addressing him.
4160_14187_000047_000002	4.750	"I have entertained it from the first; and the new facts that you have gathered increase its probability.	4160_11549_000035_000001	5.980	It was very foolish, of course, but she felt as if something painful was going to happen, and nothing on earth could prevent it.
1116_137572_000016_000000	6.630	Because it is part of the traditional feminine character to enjoy giving in to the man, this tendency must be scrutinized when it appears.	1116_132847_000048_000000	8.050	Houarn sat down and took out the knife which Bellah had given him, but as soon as the blade touched the fish the enchantment ceased, and four men stood before him.
1088_129236_000014_000001	2.510	It makes all things alive and significant.	1088_129236_000030_000003	4.790	If there be virtue, all the vices are known as such; they confess and flee.
6531_61334_000003_000004	4.570	Accustomed for generations to desert warfare, they were fearless warriors.	6531_61334_000011_000000	5.630	The Assyrian war lord afterwards forced several Nairi kings to acknowledge him as their overlord.
6476_96661_000009_000001	5.030	The God Apollo once made himself a shepherd and he kept the flocks of King Admetus.	6476_57446_000014_000000	7.090	And so he passed in, and Sazen called to his wife to prepare wine and condiments; and they began to feast.
1970_28415_000023_000000	4.380	"It is written in the Scriptures: God's house shall be a house of prayer.	1970_28415_000055_000000	5.270	"And I will say: 'Many poor people needed your help, and you did not help them.
6272_70191_000014_000001	2.740	She was wan and languid, but collected.	6272_70191_000002_000004	4.960	It was put under rigorous funeral law, and inspected from garret to cellar.
6880_216547_000033_000005	4.900	The most deserving among us is he who plays best this part.	6880_216547_000057_000001	2.740	So much controversy fatigues and wearies me.
226_122538_000023_000000	5.010	The train moved on, and the porter stood looking after it with tears in his eyes.	226_122538_000035_000002	2.790	But life holds other things beside sight.
60_121082_000032_000000	3.870	"So that, as you confess, you are jealous?"	60_121082_000041_000000	7.590	"No, but I was brought up in Corsica; you are old and obstinate, I am young and wilful.
201_122255_000004_000001	2.570	It must be looked to, and that in quick season.	201_122255_000032_000004	8.500	But Little john suffered the most, for he had become unused to such stiff labor, and his joints were not as supple as they had been before he went to dwell with the Sheriff.
5393_19219_000012_000001	8.420	She looked at Marius, she looked at the crowd, she looked at the sky: it seemed as though she feared that she should wake up from her dream.	5393_19218_000034_000000	6.320	These carriages, or to speak more correctly, these wagon loads of maskers are very familiar to Parisians.
2002_139469_000011_000002	9.220	Nations, bordering on the already infected countries, began to enter upon serious plans for the better keeping out of the enemy.	2002_139469_000018_000002	9.360	Such things, when they happen singly, affect only the immediate parties; but the prosperity of the nation was now shaken by frequent and extensive losses.
446_123501_000012_000001	8.060	In the adults, as I was to learn quite soon, this color deepens to an olive green and is darker in the male than in the female.	446_123502_000003_000000	4.500	We had gone perhaps ten miles when the ground began to rise very rapidly.
4267_287369_000010_000000	8.150	"It's possible," admitted Tom, "but now let's see if the person who pinned this warning on our tent took any of our things."	4267_287369_000005_000002	4.060	In fact, it was a very business like sort of warning.
229_130880_000090_000000	9.350	"But," I said, "getting back to pearls of great value, I don't think any sovereign ever possessed one superior to the pearl owned by Captain Nemo."	229_130880_000087_000001	2.750	"That Essence of Orient must sell for quite a large sum."
7278_91083_000013_000002	6.290	He brought out Kane's "Arctic Expedition," from which the author, dr Kane, realized seventy thousand dollars.	7278_91083_000008_000006	6.020	The Spanish Minister in seventeen seventy eight offered eight hundred for it, that he might present it to his sovereign.
39_121915_000005_000000	2.880	A complete change of life became desirable.	39_121915_000013_000003	5.530	He had been at the pains of consulting mr Perry, the apothecary, on the subject.
7078_271888_000085_000000	9.380	An elderly man, evidently a foreigner, wearing the violet ribbon of the French Academy in his buttonhole, was standing with a young girl in the crowd around the easel.	7078_271888_000047_000000	3.190	"I have earned it honestly, every penny," she replied.
3259_158083_000090_000006	5.870	I hope that you will carry your point and force the hand of the government soon'."	3259_158083_000024_000003	4.970	And so the forty one women returned to the White House gates to resume' their picketing.
1447_17506_000045_000000	3.140	"You've been deceived in your Italian friend, Louise.	1447_17506_000046_000000	3.720	The girl paused, examining the point of her pen thoughtfully.
5561_41615_000030_000003	3.560	I am sorry you found out about it, because it has spoiled all our fun."	5561_39621_000014_000000	4.360	"Place the money on that trunk," said he, turning round and pointing to the piece of furniture.
1235_135884_000011_000000	2.500	I leave you to judge how much I was surprised.	1235_135884_000005_000004	8.670	I bound her, but as I was going to sacrifice her, she bellowed piteously, and I could perceive tears streaming from her eyes.
3112_9555_000020_000002	5.480	I had not only no friends, but was despised by all my companions.	3112_9555_000017_000012	5.540	On one awful day the second master announced to me that my battels would be stopped.
118_47824_000075_000000	2.990	"You've no objection to the gentleman visiting you for the present?"	118_47824_000044_000004	3.310	Fact is, this fellow wants five dollars-an outrageous rate.
412_126975_000039_000001	2.900	There are lower jokes than sitting on a top hat."	412_126975_000066_000000	4.360	"If you want the inside of my head you can have it," said Brown rather wearily.
8609_283227_000097_000000	8.610	"If people could only meet, and look each other in the face," said Mr Templeton at length, "they might find there was not such a gulf between them as they had fancied."	8609_262281_000067_000000	3.030	"And what remedies did he use?" eagerly asked mr Channing.
7264_92316_000027_000002	4.170	True, the editor, being revocable and poor, could not pretend to full political power.	7264_92310_000004_000004	8.480	He would prefer to retain his income, persuade his readers to buy poison, and remain free (personally) from touching the stuff he recommended for pay.
5514_19193_000065_000001	3.070	A second bullet from the same marksman stopped him short.	5514_19192_000006_000006	9.230	They shed their blood lyrically for the counting house; and they defended the shop, that immense diminutive of the fatherland, with Lacedaemonian enthusiasm.
7794_295948_000010_000007	6.950	Yet I would not get this money by violent or unlawful means; I only think of what might be if I had it.	7794_295948_000006_000000	6.150	When the priest heard what a helpless state the beast was reduced to, he was filled with pity and said:
3235_28433_000015_000000	5.640	At last we entered the Japan current and the weather was warmer and more enjoyable.	3235_28452_000011_000001	6.480	I was going each day to the hill top to watch for the steamers which would bring the letters for which I waited.
8580_287363_000049_000000	3.380	"What is it?" asked mr Jenks, rising from his seat.	8580_287363_000014_000000	8.020	"Everything all right?" asked mr Damon, as Tom rejoined them in the pilot house, which was just forward of the living room in the main cabin.
118_47824_000109_000003	2.900	And I tell you I did feel Howells's body move under my hand."	118_47824_000108_000000	3.410	Now that another had expressed the idea Bobby fought it with all his might.
2391_145015_000013_000001	3.530	The family was unbroken by death, and seldom visited by sorrow.	2391_145015_000031_000000	8.700	Hornpipes, cotillons, and reels, were occasionally danced; but the chief occupation of the evening was the interminable country dance, in which all could join.
6563_285357_000007_000003	6.530	Victory appeared within measurable distance: the arduous toil of many patient years was about to be rewarded.	6563_285357_000002_000000	8.660	The King of Wurtemberg took a personal interest in his subject's uphill struggle, and the Wurtemberg Government granted him the proceeds of a lottery.
2843_152918_000005_000015	6.690	We therefore all slept with one eye open, and we knew well that nothing could happen without our noticing it.	2843_152918_000005_000010	9.500	It was not a long day's march that we had done -- eleven and three quarter miles -- but we had put an end to our stay at the Butcher's Shop, and that was a great thing.
2002_139469_000015_000002	5.960	Mexico laid waste by the united effects of storm, pestilence and famine.	2002_139469_000017_000004	9.020	It drinks the dark blood of the inhabitant of the south, but it never feasts on the pale faced Celt.
6531_61334_000009_000000	7.080	Another revolt broke out in the Kirkhi district between the upper reaches of the Tigris and the southwestern shores of Lake Van.	6531_61334_000060_000001	4.700	Then Athaliah rent her clothes, and said, Treason, Treason.
6454_120342_000018_000000	2.600	"Hail to the night, Hail to the day,"	6454_93938_000017_000002	8.150	It was denied, as was to have been expected; indeed, why they took the trouble to go through the forms was beyond me.
2391_145015_000029_000000	6.230	To gallop all the country over, The last night's partner to behold, And humbly hope she caught no cold.	2391_145015_000020_000000	5.380	Nor does life's stream for observation stay; It hurries all too fast to mark their way.
6415_100596_000012_000001	8.670	"If there should happen to be a Kate Ferris in college, she would be surprised to find herself a member of the German Club," and the incident was forgotten.	6415_100596_000050_000000	2.650	"That's so!" Patty exclaimed.
298_126791_000046_000002	2.700	I thought to have met him by the side of my brother's bed."	298_126791_000012_000006	4.750	"Your pulse even and soft, your skin moist, but your eye fiery, and cheek flushed.
6848_76049_000005_000012	5.120	Old Grammont had struck the table sharply and the eyes that looked out of his mask had blazed.	6848_76049_000006_000001	2.740	That affair was all right, quite all right.
374_180299_000032_000000	3.060	Marguerite seemed to be thinking, for she answered nothing.	374_180299_000010_000004	4.770	Was I right?" I flung my arms around her neck and kissed her.
2092_145706_000013_000000	6.760	'I should just think there was,' replied the other; 'many things that don't exist anywhere else in the world.	2092_145706_000039_000003	4.820	Can I be of any help to you, and thus repay your great kindness to me?'
39_121915_000005_000000	2.880	A complete change of life became desirable.	39_121914_000025_000005	2.930	He will be able to tell her how we all are."
8975_270782_000010_000002	8.270	It is long outlived, to day it can be present only in the unconscious and as an empty, emotionless memory, but not as a strong impulse.	8975_270782_000022_000002	7.720	Many things are taking place there that are not reasonable, and so it happens that we are ashamed of such dreams, and unreasonably.
5867_48852_000035_000001	7.210	Of this mrs Dale was well aware; and she felt, moreover, that john was entitled to an opportunity of pleading his own cause.	5867_48852_000054_000003	2.640	Dear Lily!" and he put out his hand to her.
1926_147987_000010_000000	3.450	The next thing I knew, I felt some one sit down on the edge of the bed.	1926_147979_000019_000000	2.680	The girls, still laughing, were trying to escape.
250_142286_000031_000001	4.440	She liked mrs Hale's double knitting far better; that was sensible of its kind.	250_142276_000005_000000	6.780	She was ready with a bright smile, in which there was not a trace of fatigue, to greet her father when he awakened.
298_126790_000065_000000	3.870	"If them lights he spoke of were what was called northern lights in these parts?"	298_126790_000082_000000	2.580	"Does Captain Lawton want anything at my hands?"
7059_88364_000003_000002	5.660	Around Los Angeles the greatest and most characteristic moving picture colonies are being built.	7059_77897_000022_000002	6.420	As mr Putney says, he and I have our record, and we don't have to make any pretences.
5390_30102_000003_000000	6.260	Louise Merrick was the eldest of Uncle John's nieces, having just passed her eighteenth birthday.	5390_24512_000025_000001	4.990	He was not a Christian, but he could see plainly enough that God was no longer with His people.
7264_92314_000011_000000	8.680	Another clamours for the elimination of enemy financial power in the affairs of this country, and yet says not a word upon the auditing of the secret Party Funds!	7264_92310_000009_000002	8.940	Stupid (like all people given up to gain), he was muddle headed about the distinction between a large circulation and a circulation small, but appealing to the rich.
4340_15220_000105_000000	3.030	"No; only a snake, and I don't care for snakes.	4340_15220_000108_000000	3.490	"Not for a day or so, I guess; but it's bad when it does come."
3947_13262_000022_000001	5.270	His agitation was greater than he could control. Rachel could not help seeing it.	3947_13262_000022_000003	2.860	At last Rollin said: "I thank you.
1963_142393_000004_000000	3.270	"I wish I'd asked her to write to me, though," he thought.	1963_142776_000030_000002	6.270	Take it off the fire, strain it again, and add the remainder of the stock with the seasoning and mace.
1088_134315_000114_000000	2.900	It was a square case covered in red morocco leather.	1088_129236_000026_000001	8.810	In the procession of the soul from within outward, it enlarges its circles ever, like the pebble thrown into the pond, or the light proceeding from an orb.
201_122255_000033_000000	5.350	All this time Robin Hood lay beneath the bush, rejoicing at such a comely bout of quarterstaff.	201_127786_000019_000005	9.290	This offer, and their sound advice strengthened my resolution, and I never gave Don Fernando a word in reply that could hold out to him any hope of success, however remote.
7278_104730_000004_000001	3.710	On may eighteenth this committee reported in substance: one.	7278_91083_000005_000004	2.730	This is indeed practical Christianity.
2196_170379_000008_000002	6.180	This would logically indicate that the relationship between the therapist and the subject was the determining factor.	2196_170151_000010_000000	6.140	Failure is often the turning point, the pivot of circumstance that swings us to higher levels.
2911_7601_000013_000023	3.660	I placed my hand upon the heart and held it there many minutes.	2911_7601_000017_000007	3.120	I showed them his treasures, secure, undisturbed.
7067_76048_000058_000003	6.070	We have a Fuel Commission in London with rather wide powers of enquiry into the whole world problem of fuel.	7067_76048_000067_000001	4.690	"That isn't going on," she said with an effect of conclusive decision.
6454_120342_000013_000000	2.900	"First, driver, out on Commonwealth Avenue.	6454_107462_000024_000000	7.190	When he had spoken of the chimney and the well Deasey concluded at once it was a foully murdered corpse.
83_3054_000004_000004	5.770	The lobster trees appeared the richest, but the crab and oysters were the tallest.	83_9960_000012_000003	3.090	My wife will go and hunt her up with your letter.
5808_54425_000027_000000	6.720	"Yes," replied Sadness, "and dancing in rag time is the dialect poetry."	5808_54425_000061_000000	4.740	"You put me out to night," he repeated, "like a dog."
4788_294466_000007_000000	7.530	Mary, not wishing to appear foolishly timid, said, in as courageous a voice as she could muster, "Of course we're not afraid.	4788_91208_000012_000004	6.820	Now undoubtedly finite things, taken distributively, have contradictory attributes, but not as a class.
5778_12761_000012_000000	5.740	"We began to be uneasy at Derosier's absence, fearing he might have been bewildered in the woods.	5778_54535_000008_000003	4.380	In among these was one white lock that dropped straight down over his forehead.
6385_220959_000007_000005	5.290	Sleeping is the state of silence; wakefulness is the state of speech.	6385_220959_000019_000001	9.450	If being without a father is a virtue, Adam is greater and more excellent than all the Prophets and Messengers, for He had neither father nor mother.
6880_216547_000007_000000	4.960	The following letter served as a preface to the first edition of this memoir:--	6880_216547_000051_000005	6.160	Do you think that one can be a robber without knowing it, without wishing it, without suspecting it?
446_123501_000004_000002	7.880	No water, and no other vegetation than the moss was in evidence, and as I was somewhat thirsty I determined to do a little exploring.	446_123502_000028_000002	6.890	Her name, as I afterward learned, was Sola, and she belonged to the retinue of Tars Tarkas.
78_369_000039_000000	8.620	A scene has just passed of such uncommon interest that, although it is highly probable that these papers may never reach you, yet I cannot forbear recording it.	78_369_000063_000009	4.020	The monster continued to utter wild and incoherent self reproaches.
8063_274115_000080_000000	8.680	"Because they hunt my game, and I hunt them-which, in these peaceful times, is for me a sufficiently pleasing picture of war on a small scale."	8063_274116_000008_000000	4.040	"Some bran and water for my horse," said Porthos, "for it is very warm, I think."
4014_186176_000008_000001	3.470	I was groping my way along when I thought I heard steps just ahead of me.	4014_186175_000029_000000	6.030	"S M O T H E R I N G."
1034_121119_000064_000006	4.630	You will tell me that I am a living being, and not a code-a man, and not a volume.	1034_121119_000037_000000	2.820	"A mischance?" repeated the baroness.
7447_91186_000007_000005	5.580	Each string from the first had its due length and was tuned to its proper note.	7447_91187_000012_000000	3.170	And what an example he has left for teachers.
6081_42010_000032_000002	7.240	Not understanding his connection with the affair, she asked herself if her testimony might not prove his death warrant.	6081_41997_000043_000006	2.750	But they were hurrying away as fast as they could."
1898_145702_000009_000001	5.080	You can then live as great lords, keep horses, and drive about in carriages.	1898_145724_000024_000000	3.140	But no sooner had they reached the grass than she vanished.
200_126784_000027_000000	6.970	"You have no cause for alarm, ladies," said the officer, pausing a moment, and contemplating the pale faces around him.	200_124140_000008_000000	7.770	"Whatever I do is done in a hurry," replied he; "and therefore if I should resolve to quit Netherfield, I should probably be off in five minutes.
2691_156755_000020_000001	7.310	We had a full two miles and a half to walk, but did not mind that, because we were going for something that might take Jakie's pains away.	2691_156750_000009_000001	3.630	No one was allowed to suffer through lack of practical sympathy.
19_227_000004_000003	5.960	I did not quite like, at breakfast, to hear you talk so much about the French bread at Northanger."	19_198_000010_000000	2.670	Such was Catherine Morland at ten.
89_218_000013_000006	3.760	Her heart fluttered, her knees trembled, and her cheeks grew pale.	89_218_000014_000003	2.880	A lamp could not have expired with more awful effect.
3168_173564_000016_000001	3.930	Madame Schoss and the two girls were to sleep on some hay on the floor.	3168_173564_000015_000000	3.200	"Natasha, undress, darling; lie down on my bed."
8098_278278_000017_000004	6.560	After Pod had explained the meaning of the word "blaze" in this case, the fellow was more put out than the fire.	8098_278278_000007_000002	3.670	Pod objected at first, because of the scarcity of fire wood.
8051_119902_000023_000001	3.960	Her bread system is voluntary like ours, but much more detailed.	8051_295385_000015_000001	8.790	Governor Printz at once took advantage of this circumstance, and compelled them to lower their flags as they passed under the guns of his battery.
7447_91187_000008_000000	6.890	"I should like to be to my people what Uhland was to the Germans," he once said to a friend.	7447_91186_000005_000001	8.650	With the Virgin Queen it was a prime favorite, although not named expressly for her as the flattering fashion of the time led many to assume.
460_172359_000031_000002	8.130	He knew what it was to eat flour baked dampers under the lee side of a canoe propped among the underbrush, and to drink the last drop of whiskey within fifty miles.	460_172357_000008_000000	7.900	I have written a number of things in connection with my college life-a book on Political Science, and many essays, magazine articles, and so on.
1992_141719_000013_000000	4.920	The other Champions play'd their Parts much better; and all came off with Credit.	1992_141719_000012_000004	3.530	His Armour was made of pure Gold, enamell'd with Green.
89_219_000002_000002	8.080	"But we have a charming morning after it," she added, desiring to get rid of the subject; "and storms and sleeplessness are nothing when they are over.	89_218_000013_000006	3.760	Her heart fluttered, her knees trembled, and her cheeks grew pale.
7264_92310_000020_000001	2.880	Few are proffered without first consulting his wishes.	7264_92310_000008_000000	9.140	In pure Economics exchange is exactly balanced by the respective advantages of the exchangers; just as in pure dynamics you have the parallelogram of forces.
3242_8112_000018_000001	2.660	There seem to be too many basic factors missing.	3242_67153_000009_000001	8.830	It didn't take him long to decide that the Lord would attend to keeping up the visible supply of poetry, and that he had better turn his attention to the stocks of mess pork.
226_122538_000033_000000	3.790	Jane gave a sudden sob; then turned to him, dry eyed.	226_122538_000030_000004	9.460	I telephoned the duchess to send some of her people to meet your luggage, and not to expect you herself until dinner time, as you were taking tea with us. Was that right?
3214_167602_000044_000005	4.320	Look here, put it under the bast matting and cover it with hay-that's the way!"	3214_167602_000026_000000	5.710	"We don't riot, we're following the orders," declared Karp, and at that moment several voices began speaking together.
4195_186238_000025_000002	4.890	john Merrick, of Portland"; and each one bowed profoundly and declared he was "highly honored."	4195_186237_000063_000002	4.940	And, after all, it's a wicked city to be carrying a fat pocketbook around in, as I've often observed."
4788_294466_000026_000003	2.800	Then to change the subject, she started another.	4788_294466_000030_000000	8.900	An old man, shriveled, gray bearded, unkempt, but with kind gray eyes, deep sunken under shaggy brows, stood in the open door.
1867_154075_000027_000002	5.610	It was somebody you met somewhere-on the train, perhaps, and you couldn't help smiling at him, eh?	1867_154075_000055_000002	5.910	You came for that?" Suddenly he laughed heartily, but there was a tremor of emotion in that laughter.
19_198_000012_000000	2.960	From Pope, she learnt to censure those who	19_198_000007_000000	5.950	THIS little work was finished in the year eighteen o three, and intended for immediate publication.
5514_19193_000005_000000	6.000	"You are wearing out your lungs, poor, brutal, old fellow, you pain me, you are wasting your row.	5514_19193_000008_000002	7.070	He lives alone, which renders him a little sad, perhaps; Enjolras complains of his greatness, which binds him to widowhood.
6272_70171_000005_000003	5.800	A servant came in for our bonnets and baskets. Cousin Alice begged us to take tea at once.	6272_70168_000043_000003	8.210	Leaning her head against her chair, she had quite pushed out her comb, her hair dropped on her shoulder, and looked like a brown, coiled serpent.
839_130898_000007_000000	6.290	IN THE AFTERMATH of this storm, we were thrown back to the east. Away went any hope of	839_130898_000012_000002	6.820	But to the south there is a deep, suddenly occurring depression, a three thousand-meter pit.
8468_294887_000024_000002	4.060	He added, "I thought it right to say this." I then spoke to the crowd.	8468_286673_000013_000002	5.240	But there is always one Slow Little Turtle who lags behind and wants the others to wait for him.
226_122538_000038_000000	4.460	Jane pulled off her gloves, swallowed suddenly, then gripped the doctor's knee.	226_122538_000022_000003	3.020	Coffee at a moment's notice should fetch a fancy price.
3112_9554_000003_000002	7.010	Additions of any other sort there have been none; the few footnotes are my father's own additions or corrections.	3112_9555_000011_000008	3.120	Mine was only done a day or two before the holidays.
3440_171009_000043_000001	2.730	"I do believe he's just the crossest man alive!	3440_171009_000035_000000	6.340	"I won't break it, Elsie, indeed I won't," replied Flora, confidently; and Elsie sat down to her game again.
3440_171009_000134_000001	2.640	Elsie looked up in her father's face inquiringly.	3440_171009_000030_000000	4.320	"No, I won't," returned Enna, flatly; "she's got enough now."
89_218_000014_000017	8.530	Till she had made herself mistress of its contents, however, she could have neither repose nor comfort; and with the sun's first rays she was determined to peruse it.	89_218_000014_000007	8.140	In the pause which succeeded, a sound like receding footsteps and the closing of a distant door struck on her affrighted ear.
8238_283452_000026_000000	3.230	Think what a solemn creature the Gothic ghost was!	8238_274553_000015_000008	4.770	With this answer he seemed flattered, and sat down to write a note to the Baron.
198_209_000011_000003	3.840	She was very much vexed, and meant to make her apology as soon as possible."	198_209_000019_000002	2.980	Stout, active-looks as young as his son.
5703_47212_000043_000003	5.490	She has not come in to lunch, and I think she probably met Mark and went to lunch at the castle.	5703_47198_000067_000000	9.480	She dressed quickly, in the gayest humour, but with even more care than she usually bestowed upon her appearance; a subject to which she always gave the fullest attention.
2436_2477_000026_000004	3.570	At our table-a big, good looking blond American.	2436_2481_000018_000002	6.320	I could see only Carter, but I heard the murmuring voice of dr Frank through the interior connecting door to a twenty.
233_155990_000013_000005	2.900	This was the first case ever brought before the Hague Court.	233_155990_000013_000001	5.990	It had been established by joint international agreement, but no Power had been willing to resort to it.
6019_3185_000029_000007	8.410	Mere panic seemed to have mastered her; and she was leaning, unconscious and weeping, upon the shoulder of some gentleman, who was endeavoring to soothe her.	6019_3185_000031_000012	7.340	And upon the beautiful parquet, or inlaid floor which ran round the room, were still impressed the footsteps of the murderer.
8629_261139_000030_000000	4.590	It was a solemn assertion, but it failed to convince the crowd before him.	8629_261139_000018_000000	3.540	The coroner was astounded; everyone was astounded.
5514_19193_000009_000000	7.650	Enjolras did not appear to be listening, but had any one been near him, that person would have heard him mutter in a low voice: "Patria."	5514_19193_000042_000001	4.370	Twenty corpses lay scattered here and there on the pavement, through the whole length of the street.
6476_57446_000075_000000	6.550	But my lord Hojo was angry at this, and, thinking to punish the peasant for his insolence, said:--	6476_57446_000040_000002	8.360	Genzaburo gave a great start, and, turning to Sazen, said, "Well, you certainly are a first rate hand at keeping up a hoax.
909_131045_000008_000000	5.640	With a positive duration of considerable extent, I connect the circumstance of re eligibility.	909_131045_000016_000000	7.860	A fifth ill effect of the exclusion would be, that it would operate as a constitutional interdiction of stability in the administration.
198_209_000005_000006	4.460	At length, however, he did look towards her, and he bowed-but such a bow!	198_209_000012_000001	7.980	If she felt such confidence in my good intentions, and could suppose it to be only a mistake, why should you be so ready to take offence?"
87_121553_000198_000000	6.610	I followed afterward the Emperor Conrad, And he begirt me of his chivalry, So much I pleased him with my noble deeds.	87_121553_000015_000000	7.510	And it began: "The love that makes me fair Draws me to speak about the other leader, By whom so well is spoken here of mine.
2989_138035_000030_000000	8.030	"Have done, thou glutton," said Don Quixote; "come, let us go and witness this bridal, and see what the rejected Basilio does."	2989_138028_000011_000000	7.380	"Then might not your worship," said she, "be one of those that, without stirring a step, serve their king and lord in his court?"
2691_156755_000002_000000	9.110	Captain Frisbie spent much time in Sonoma after Company H was disbanded, and observing ones remarked that the attraction was Miss Fannie Vallejo.	2691_156755_000009_000001	2.610	And what a centrepiece it was!
3259_158083_000041_000000	3.070	A man sprang at me and caught me by the shoulder.	3259_158083_000047_000001	3.240	Then I lost my balance and fell against the iron bed.
412_126975_000050_000003	4.170	I can be harlequin, that only wants long legs and jumping about.	412_126975_000042_000002	5.460	Not blacking faces or sitting on hats, if you don't like those-but something of the sort.
1088_129236_000026_000000	4.190	But this dream of love, though beautiful, is only one scene in our play.	1088_129236_000031_000005	6.260	There are moments when the affections rule and absorb the man and make his happiness dependent on a person or persons.
1263_141777_000011_000009	2.970	And was waiting-for what?	1263_138246_000056_000000	5.180	"Enough, Michel, enough!" said Barbicane, in a serious voice; "let us prepare.
322_124146_000027_000001	9.000	"Pray do, my dear Miss Lucas," she added in a melancholy tone, "for nobody is on my side, nobody takes part with me.	322_124146_000029_000004	7.390	I told you in the library, you know, that I should never speak to you again, and you will find me as good as my word.
7800_283492_000049_000001	8.380	"I hope he gets that prize the railroads are offering. So far as I can tell he has a dandy collection already, and we've got some time ahead of us still."	7800_283493_000011_000001	2.930	"I even had the nerve to shoot him again as he was going.
8324_286681_000033_000001	3.130	Mother Eel opened her big mouth very wide.	8324_286682_000038_000005	4.160	You can have sleek, shining fur when theirs is dull.
4853_29413_000038_000003	3.400	He turned pale when he felt the floor shaken by your fall.	4853_29413_000017_000003	5.120	I can't look you in the face, and tell you of it." He walked away to the window.
83_11691_000076_000001	2.670	The Princess Hyacinth had called for him.	83_11691_000000_000004	3.300	Roger Scurvilegs frankly breaks down over it.
3112_9554_000006_000002	2.690	But he never spoke willingly on hunting matters.	3112_9554_000001_000002	9.410	He did not speak about it at length, but said that he had written me a letter, not to be opened until after his death, containing instructions for publication.
39_121914_000029_000000	2.670	"But you must have found it very damp and dirty.	39_121915_000005_000000	2.880	A complete change of life became desirable.
696_92939_000018_000000	8.780	When mr Whitlock learned that she had been tried and sentenced to death he did everything possible to secure her pardon, or at least a moderation of the punishment.	696_93314_000059_000000	8.810	"I don't really know what business it is of yours, sir," he said; "but it's your business to know that they wouldn't pass a man with a heart like mine."
6078_54007_000058_000000	5.540	So the princes were sent packing, and the Fiddler was married to the queen, and reigned in that country.	6078_54007_000041_000001	3.680	The Fiddler would never think of doing such a thing as opening the door.
8609_262281_000004_000002	3.470	Constance would willingly have commenced the daily routine at an earlier hour.	8609_283227_000036_000000	4.650	"FIFTY PER CENT. will be, I think, profit enough even on such a transaction."
5463_39173_000053_000000	4.270	"I really think she is; not what I should call lovely, you know, but very beautiful.	5463_39174_000076_000001	3.510	"Of all my own acquaintance, mrs Crawley, I think, comes nearest to heroism."
6454_120342_000023_000000	3.380	"When Anna took the baby, And pressed his lips to hers"--	6454_120342_000008_000000	3.080	Many things must consent, as will appear.
7312_92432_000006_000002	3.810	She received me with much kindness, and thus an acquaintance commenced.	7312_92432_000010_000000	6.690	Happily, the cannonading was not renewed that night, and at dawn of day she returned to her apartments, with her husband by her side.
7517_100429_000005_000003	6.230	Say to such a one, "Come and play," and the invitation will be declined.	7517_100429_000006_000006	7.850	For there is ever before our minds that great moment in the future when the pond is at last full.
4362_15663_000021_000003	9.090	No inexperienced person was depending on me, and I told Jerome that we two mountaineers should be able to make our way down through any storm likely to fall.	4362_15663_000024_000004	7.290	After passing the "Hot Springs" I halted in the lee of a lava block to let Jerome, who had fallen a little behind, come up.
7517_100437_000010_000003	4.490	You are merely sitting in judgment on yourself. ...	7517_100437_000006_000007	4.030	Well, the writer of my book is Kenneth Grahame.
4898_20016_000012_000000	4.490	"There is music to day in our church, Nathan!" he cried to the young saddler.	4898_28461_000010_000009	7.910	I saw fine specimens a hundred and twenty five feet high on deep bottom land a few miles below Glenora.
3982_182255_000019_000005	9.420	Twenty names are hard to remember, and as a matter of fact, at the moment when this wave of feeling struck the city, nobody knew or cared who were aldermen, anyway.	3982_182255_000056_000001	7.000	We felt that for such a purpose, almost sacred as it were, one would want as little bargaining as possible."
8629_261139_000027_000000	4.010	It was more, infinitely more, than anyone there had expected.	8629_261139_000039_000001	7.680	I want hundreds-thousands-now, now, to save myself! Disgrace, shame, prison await me if I don't have them.
374_180299_000011_000004	3.350	I told him that I was ill, and that I wanted rest.	374_180299_000023_000000	6.450	In vain Marguerite dismissed her guests, changed her way of life; the duke was not to be heard of.
2893_139310_000020_000001	2.560	I am his brother-his half brother, Lincoln.	2893_139310_000012_000000	2.710	"And those who meet in the great hall with the white Atlas?
78_369_000054_000004	9.370	In a fit of enthusiastic madness I created a rational creature and was bound towards him to assure, as far as was in my power, his happiness and well-being.	78_369_000056_000002	5.450	I dare not ask you to do what I think right, for I may still be misled by passion.
887_123289_000066_000002	3.600	I followed him, curious to know if I was right in my estimate.	887_123291_000007_000001	3.740	It was the first fossil of this nature that had ever been brought to light.
1183_133255_000081_000000	3.690	Guaranteed under the Food and Drug Act, june thirtieth nineteen o six.	1183_133256_000042_000001	2.690	Can be given Secretly without the knowledge of the patient.
7278_246956_000014_000001	4.700	The groom took his horse in the street, and he came into the drawing room.	7278_91083_000023_000004	3.790	The beautiful grounds are open every Thursday to visitors.
1034_121119_000010_000004	6.150	Villefort's conduct, therefore, upon reflection, appeared to the baroness as if shaped for their mutual advantage.	1034_121119_000044_000001	4.400	Come, forget him for a moment, and instead of pursuing him let him go."
2159_179156_000013_000000	3.920	A slow movement was tried (the Valhalla motif).	2159_179154_000014_000005	3.990	He sarcastically asked him if he "didn't want the earth."
8108_280354_000007_000001	8.090	Not to look upon the blackness of Tartarus have I come hither, nor yet to bind in chains the snaky heads on Cerberus.	8108_280354_000015_000000	5.060	Suddenly a great noise was heard of laughter and shouting and merry making.
1970_28415_000068_000001	4.790	"The other disciples will all be there, and the soldiers won't know which man to take.	1970_28415_000022_000002	3.580	Then he drove the sheep and the cattle out after the men.
2092_145709_000005_000001	7.260	The poor beast was all torn and bleeding, and the kind little Princess was quite unhappy about it.	2092_145709_000006_000002	8.670	But you would have to say good bye to all your own people and come and be my constant companion in this ruined castle.
1926_147987_000004_000001	7.520	I could n't sleep much last night." She hesitated, and then told us how strangely mr Cutter had behaved before he went away.	1926_147979_000019_000001	4.330	Tiny looked alarmed. "mrs Gardener would n't like it," she protested.
8098_278252_000030_000007	9.100	He said the town hadn't reached the hotel stage of development yet, but that he would gladly take me in, provided I'd sleep with his clerk in the garret.	8098_278252_000012_000000	2.690	"Pretty cold, hain't it, Professor?"
5393_19219_000011_000009	9.250	As far as I am concerned, I have no longer any political opinions; let all me be rich, that is to say, mirthful, and I confine myself to that."	5393_19218_000033_000003	3.140	At that point of the file there was a carriage load of maskers.
7059_88364_000014_000004	5.670	These poems are The Night Sentries and Tidal King of Nations.	7059_88364_000009_000004	3.100	His fellow feeling is for the opposite coast line.
6818_68772_000005_000001	3.920	p l," and the words: "FORBES FOR REPRESENTATIVE."	6818_68772_000008_000000	4.750	After luncheon began the speech making, interspersed with music by the band.
2952_410_000017_000006	6.620	Now I often pray that I may be able to make some atonement for the evil which I did, and to reestablish the ancestral home.	2952_410_000024_000001	4.070	After a few minutes it came back, and cried out huskily, in a tone of great alarm:--
5750_100289_000037_000002	9.420	f a McKenzie of the university arranged the course, and soon afterward he wrote me that he believed the time was now ripe to organize our society.	5750_100289_000018_000001	6.250	Having prepared at Hampton Institute and elsewhere, she entered the Philadelphia Medical College for Women.
4640_19188_000048_000002	4.480	He would have turned pale, had it been possible for him to become any paler.	4640_19188_000035_000000	5.660	"Make haste," said Courfeyrac, "in another quarter of an hour it will be too late."
3168_173565_000022_000006	5.710	It was something white by the door-the statue of a sphinx, which also oppressed him.	3168_173564_000017_000002	8.530	She put her head out into the damp night air, and the countess saw her slim neck shaking with sobs and throbbing against the window frame.
125_121124_000036_000001	3.620	Oh, how happy you must be in not having either wife or children!"	125_121124_000116_000000	2.620	"Send at twelve," said Danglars, smiling.
839_130898_000040_000002	6.670	Then we returned to the locality where the eighteen sixty three accident had taken place.	839_130898_000055_000000	5.570	I looked to port and saw nothing but the immenseness of these tranquil waters.
6272_70171_000002_000006	2.690	Rosville was larger and handsomer than Surrey.	6272_70191_000002_000006	6.200	Every child in Surrey was allowed to come in, to look at the dead, with the idle curiosity of childhood.
4397_15668_000007_000000	7.830	Two liliaceous plants in particular, Erythronium grandiflorum and Fritillaria pudica, are marvelously beautiful and abundant.	4397_15668_000016_000003	3.450	They are fruit rather than flower-good brown bread.
1594_135914_000005_000003	3.930	What melancholy return have you received for your care and respect?	1594_135914_000036_000005	7.730	He then descended from his throne, and causing only Ganem and the grand vizier, follow him, retired into his own apartment.
5456_62043_000032_000000	6.730	"Hallo yourself!" answered a squeaking female voice, which came from a woman with a petticoat over her shoulders in place of a shawl.	5456_24741_000017_000001	8.190	The human mind has no knowledge of the body, and does not know it to exist, save through the ideas of the modifications whereby the body is affected.
3983_5331_000070_000000	2.920	"What's up, Archibald?" interrupted Miss Carlyle.	3983_5371_000058_000001	3.510	"And I can tell you, Joyce, that I was confounded at the likeness.
39_121914_000025_000005	2.930	He will be able to tell her how we all are."	39_121916_000004_000001	4.350	Had it taken place only once a year, it would have been a grievance.
4830_25898_000006_000004	6.840	One day, a pair of bantams arrived,--pretty little white birds, with red crests and nice yellow feet.	4830_25898_000033_000001	5.090	'I live at the red farm house over the hill, only I don't know which road to take.'
5750_100289_000026_000001	6.650	William Jones, a Sac and Fox quarter blood, was a graduate of Hampton and of Harvard University.	5750_100289_000011_000000	9.170	The very mention of the name "Indian" in earlier days would make the average white man's blood creep with thoughts of the war whoop and the scalping knife.
5390_30096_000052_000000	2.850	"And have a cow and some pigs!" cried the girl.	5390_24512_000043_000000	6.200	'The law of Moses is like salt, but the Talmud is balmy spice,' they would say.
7780_274562_000008_000017	3.910	Yet his reasons have not yet been matured into expression.	7780_274562_000004_000000	6.560	I have said that Ellison was remarkable in the continuous profusion of good gifts lavished upon him by Fortune.
2436_2481_000050_000006	2.550	He had dropped his hydrogen torch, and tried to grip me.	2436_2476_000020_000002	3.700	His pointed face, accentuated by the pointed beard, was pallid.
5322_7680_000061_000004	2.630	Had he been drunk one might understand it!	5322_7678_000004_000018	3.640	Here's some one we can eat!' They buzzed and stuck to him.
7302_86814_000016_000000	3.120	"Ah," said Andrea, deeply affected.	7302_86815_000042_000003	8.390	"You have accomplished these different crimes with impudent address, but which could only deceive those whose affections for you blinded them.
311_124404_000003_000000	5.910	From the description of inanimate bodies and plants, I passed to animals, and particularly to man.	311_124404_000002_000001	8.340	It was my design to comprise in it all that, before I set myself to write it, I thought I knew of the nature of material objects.
426_122821_000050_000002	6.860	I have never told anybody about them except grandma and father but I would like to have you know about them because you understand things.	426_122822_000044_000001	2.540	We all make mistakes . . . but people forget them.
83_11691_000077_000000	3.200	It was not as if he had Coronel with him.	83_3054_000004_000005	9.130	The periwinkle is a kind of shrub; it grows at the foot of the oyster tree, and twines round it as the ivy does the oak.
1034_121119_000061_000000	2.630	"No one; his parents are unknown."	1034_121119_000040_000001	8.410	"Your daughter will be married to morrow, if not to day-in a week, if not to morrow; and I do not think you can regret the intended husband of your daughter."
4680_16026_000096_000006	7.620	Because you have finical poppets of mistresses who hide under the bed when you put on a big voice, forsooth!	4680_16026_000097_000000	3.230	She fastened her intent gaze upon Thenardier and said:--
1263_139804_000017_000004	8.950	For instance, a strong fabric of chosen shade is fastened at the neck, hip, knee and ankle, and lies carelessly over the parts between.	1263_139804_000011_000008	4.750	The government verifies, as much as possible, all reports before they are transmitted.
2893_139310_000038_000008	3.780	Tramp, tramp, tramp, tramp; his brain was tramping.	2893_139322_000022_000003	7.540	The Master is betrayed." His voice was hoarse and a thin foam dropped from his ugly shouting mouth.
1898_145702_000031_000001	7.280	But the three soldiers took the little whip, whipped as much money as they wanted, and lived happily to their lives end.	1898_145724_000007_000000	5.790	Then the Prince said to her, 'You can hardly walk; I will put you on my horse and lead you home.
5393_19219_000047_000021	6.270	Is the Sancy diamond called the Sancy because it belonged to Harley de Sancy, or because it weighs six hundred carats?	5393_19219_000011_000008	2.730	Good, here I am uttering demagogical words!
2002_139469_000023_000001	3.970	The infection had now spread in the southern provinces of France.	2002_139469_000016_000005	4.580	As yet western Europe was uninfected; would it always be so?
3168_173564_000020_000002	7.560	Her head moved from side to side from habit, but her eyes, feverishly wide, looked fixedly before her.	3168_173564_000001_000000	4.570	The valet, returning to the cottage, informed the count that Moscow was burning.
2843_152918_000008_000008	3.700	Something extraordinary must await us farther on, but, what?	2843_152918_000016_000008	5.170	There was nothing to be done but to find the least disturbed spot, and set the tent there.
233_155990_000025_000000	6.860	Of course what I had done in connection with the Portsmouth peace was misunderstood by some good and sincere people.	233_155990_000014_000006	6.500	If the war went on, I thought it, on the whole, likely that Russia would be driven west of Lake Baikal.
4195_186238_000043_000002	4.750	She wheedled the firm into giving me a vacation, and now they're to pay me twelve a week instead of ten."	4195_186236_000017_000000	8.820	The boy sat doubled within his chair, so overcome by the extraordinary fortune that had overtaken him that he could not speak, nor think even clearly as yet.
8747_293952_000011_000000	3.210	"Is Alice-Miss Malleson also well?"	8747_293952_000090_000001	2.710	"And you have refused to share my fortune with me."
1334_135589_000088_000000	2.860	Edward was most kindly received by mr Heatherstone.	1334_135589_000062_000001	5.740	He had written to Humphrey, and had dispatched a messenger with the letter; but the messenger had not yet returned.
2691_156755_000018_000001	6.010	In fact, some of my sweetest memories of Sonoma are associated with these three Spanish homes.	2691_156755_000022_000003	6.090	We obeyed with alacrity, for it was our first experience with a drunken Indian, and greatly alarmed us.
7780_274562_000008_000004	9.480	While the component parts may exceed, individually, the highest skill of the artist, the arrangement of the parts will always be susceptible of improvement.	7780_274562_000002_000001	6.230	He was remarkable in the entire and continuous profusion of good gifts ever lavished upon him by fortune.
1867_154075_000058_000000	2.740	"Only one: I'm acting as his agent."	1867_154075_000043_000003	3.680	I am, as you see, a very quiet and ordinary sort."
5808_54425_000010_000002	7.970	Her threat of the severance of their relations had held him up for a little time, and she began to believe that he was safe again.	5808_54425_000027_000000	6.720	"Yes," replied Sadness, "and dancing in rag time is the dialect poetry."
1867_154075_000078_000001	4.720	"You send for Caroline Smith; I'm to do the persuading to get her out of the house.	1867_154071_000011_000001	2.590	One week was decided on as a fair test.
5393_19218_000029_000007	5.020	Everything which exists being a scattered Carnival, there is no longer any Carnival.	5393_19219_000029_000000	4.930	In the antechamber, three violins and a flute softly played quartettes by Haydn.
2436_2477_000019_000002	2.820	Of course, a chance to make a voyage with you-"	2436_2477_000026_000004	3.570	At our table-a big, good looking blond American.
3436_172171_000008_000014	7.040	Now this damsel came up to Perceval and told him, smiling, that if he lived he would be one of the bravest and best of knights.	3436_172162_000016_000002	9.470	At length his progress was checked by a wide and rapid torrent, which could only be passed on a narrow bridge, on which a false step would prove his destruction.
8014_280382_000007_000000	7.810	There was a certain hill which men called Janiculum on the side of the river, and this hill King Porsenna took by a sudden attack.	8014_112586_000017_000001	5.950	For all the statements it contains, full and satisfactory authorities will be found in the two larger works.
311_124404_000002_000001	8.340	It was my design to comprise in it all that, before I set myself to write it, I thought I knew of the nature of material objects.	311_124404_000003_000000	5.910	From the description of inanimate bodies and plants, I passed to animals, and particularly to man.
4397_15678_000012_000002	8.840	It is situated on the main river, where it plunges over a sheer precipice, about two hundred and forty feet high, in leaving the level meadows of the ancient lake basin.	4397_15668_000007_000000	7.830	Two liliaceous plants in particular, Erythronium grandiflorum and Fritillaria pudica, are marvelously beautiful and abundant.
7635_105409_000053_000000	3.900	"Bring the light in here!" he commanded eagerly, as he once more entered the hut.	7635_105409_000017_000000	3.290	"Into it, my men, and let no one escape from that hut alive!"
6415_116629_000017_000015	6.730	I am just waiting though, till I can trip him up, and I'll do it with a vengeance too, so that he won't forget it all his life long."	6415_100596_000059_000000	3.720	"We're all liable to make mistakes," Patty murmured soothingly.
460_172359_000084_000001	2.600	Even in Mariposa some of the people must have thought so.	460_172359_000071_000000	5.200	"I see where this here Carnegie has give fifty thousand dollars for one of them observatories," he would say.
8108_280359_000013_000003	8.320	The serpent could never move away afterwards; but every moment a burning drop from his tongue fell down on Loki's shuddering face.	8108_280359_000010_000003	7.340	"Loki," he said, "has already forged for himself a chain stronger than any you can make.
5652_39938_000020_000008	4.050	Only the nervous system cannot so easily be adjusted to the new regime.	5652_19215_000032_000000	6.180	Moreover, the six hundred thousand francs had settled the elderly spinster's indecision.
3879_174923_000026_000007	7.240	We can foresee that there is much grief in store for her, and some rocks ahead, too, in the political career of her husband.	3879_174923_000019_000004	5.010	Alas! alas! how soon might he now require that money lender's services!
8063_274117_000027_000000	6.750	"That is exactly the reason," said Planchet, timidly, "why I feel it does me good to contemplate a few dead."	8063_274116_000034_000002	5.110	The ten full bottles were ten empty ones by the time Truchen returned with the cheese.
2952_407_000015_000000	8.380	After this happening, the fame of the Mugen Kane became great; and many people followed the example of Umegae,--thereby hoping to emulate her luck.	2952_407_000016_000000	6.530	Then, out of the ground before him, rose up the figure of a white robed woman, with long loose flowing hair, holding a covered jar.
3374_298026_000002_000003	4.140	Only here I see myself in harmonious completeness.	3374_298025_000007_000000	9.060	But what shall my spirit bestow upon its offspring, which, like its parent, is as poor in poesy as it is rich in love?
78_369_000068_000002	2.750	Yet I seek not a fellow feeling in my misery.	78_369_000012_000001	6.980	In other places human beings were seldom seen, and I generally subsisted on the wild animals that crossed my path.
6836_61804_000032_000001	5.520	Such features as she possessed, owe not everything to the light of life.	6836_76549_000004_000016	6.910	Inquiring the best road to Geneva I am advised of the superiority of the one leading past the poor house.
4195_186238_000051_000000	3.580	"You're older than I am," suggested the Major, "and that makes it harder to break in.	4195_186236_000034_000000	6.520	"Father can hardly support his own family," said the other; "but I will talk to my mother about Uncle john when I get home, and see what she says."
911_128684_000011_000003	3.350	In the two cases their contexts are apt to be different.	911_128684_000021_000000	6.420	Why then do men leave them as ambiguous as they do, and not class them decisively as purely spiritual?
831_130746_000071_000002	4.700	The mute emotion of his face affected her strangely. She had to speak.	831_130746_000078_000000	4.040	The glory of having her, even as a sister! and to call her Jessie like that!
446_123501_000002_000001	6.270	I knew that I was on Mars; not once did I question either my sanity or my wakefulness.	446_123502_000009_000000	7.810	Only about one Martian in a thousand dies of sickness or disease, and possibly about twenty take the voluntary pilgrimage.
8098_275181_000036_000004	4.520	These numerous bites, however, were followed by no serious ill effects.	8098_275181_000005_000000	8.620	At the time of my story, my friend Tom Edwards (ten years of age) and myself were in the turkey business, equal partners.
7178_34644_000089_000000	3.240	"'tis of little consequence," said the sheriff.	7178_34645_000025_000006	2.850	A villain gnawing at his own powerlessness!
3607_29116_000036_000000	4.740	"My daughter," said the Senator, with a grave look, "I trust there was nothing free in his manner?"	3607_29116_000043_000003	3.620	Wouldn't Dilworthy open his eyes if he knew some of the things Balloon did say to me.
2910_131096_000021_000001	8.750	She repaired thither and told them the whole story of her misfortunes, at which, pretending to grieve, those spiteful creatures inwardly rejoiced.	2910_131096_000013_000004	5.020	Drawn by admiration and wonder, she approached the building and ventured to enter.
6818_76332_000012_000000	3.790	"But, in this life, things seldom turn out as we plan.	6818_68772_000034_000000	4.770	"I'm sorry," said Kenneth, "that you girls should be forced to endure this.
3879_174923_000019_000008	7.710	He had opened the oyster for himself once, though it had closed again with so sharp a snap when the point of his knife had been withdrawn.	3879_173592_000033_000003	6.610	On the following morning, they saw seven barges rowing up the river, bristling with weapons, and crowded with men in armor.
229_130880_000030_000001	9.410	Now's my chance to hunt lions and tigers!" But if you're invited to hunt sharks in their native element, you might want to think it over before accepting.	229_130880_000062_000002	5.100	On the valves a pearl sticks fast; on the flesh it lies loose.
8770_295462_000042_000000	8.190	"Not a member of the Cabinet smiled; as for myself, I was angry, and looked to see what the President meant.	8770_295463_000011_000000	9.100	The night after the battle of Chancellorsville (fought may second and three d, eighteen sixty three), was the darkest in the history of the Civil War.
6476_96661_000013_000001	4.730	On the night of the day he had helped to bring them down Jason had a dream.	6476_57446_000042_000004	9.240	But Genzaburo, passing his hand gently over her head and back, and comforting her, said, "Come, sweetheart, there is no need to sob so.
196_122159_000002_000005	6.000	What we get-well, we won't talk of that; but can one of us restrain a smile?	196_122159_000017_000002	8.690	"No! the proper thing was to face it out-alone for myself-wait for another chance-find out . . ."'
3983_5371_000010_000002	9.260	The laborers, their duty done, walked coolly away; the tagrag withdrew to a safe distance, waiting for what might come next; and Miss Carlyle moved away also.	3983_5371_000061_000000	4.830	The earl stared with all his might; he thought it the strangest question that ever was asked him.
5750_100289_000004_000002	5.180	Their own schools graduate them at a mature age and do not prepare them for college.	5750_100289_000031_000000	3.590	"Major," I said, "that is exactly why I want you to do it.
307_127535_000026_000000	7.320	"Oh," replied George, "you don't be under no kind of apprehension; WE'RE all square, we are.	307_127535_000033_000018	3.470	Ah, well, there's a deal to say to number three.
3374_298026_000008_000000	6.780	Nothing can part us; and certainly any separation would only draw me more powerfully to you.	3374_298032_000016_000000	5.300	And then I now know that death can also be felt as beautiful and sweet.
7113_86041_000043_000004	5.100	In these magnificent garments she went to meet the gnome upon the great terrace.	7113_86041_000050_000003	2.670	My wedding feast must not lack guests.
1898_145724_000021_000000	7.970	The Prince answered at once, 'I have heard so much of your beauty and kindness, that I would very much like to enter your service.'	1898_145724_000020_000002	8.440	She was the ugliest woman under the sun, and, added to it all, she had three heads.
4014_186183_000054_000001	4.560	As he tore it open and read the brief note within, a pleased smile spread over his face.	4014_186176_000008_000001	3.470	I was groping my way along when I thought I heard steps just ahead of me.
2817_142371_000018_000003	3.940	I like these premises, do you know, beyond any on the estate."	2817_142380_000015_000001	6.870	But he stood still then, and looked at mr Irwine, as if he had a question to ask which it was yet difficult to utter.
4088_158079_000158_000003	4.480	A fourth detachment was arrested in the middle of the Avenue on the trolley tracks.	4088_158077_000102_000002	5.340	Whispered conversations were heard. The book on rules and regulations was hopefully thumbed.
7059_77900_000036_000000	3.660	"Don't you think, Annie, we'd better refer him to mr Peck?	7059_88364_000004_000001	7.160	Will this land furthest west be the first to capture the inner spirit of this newest and most curious of the arts?
6563_285357_000003_000000	6.580	The trials with this vessel commenced on november thirtieth nineteen o five, but ill luck had not been eluded.	6563_285357_000007_000000	3.870	The crucial test was essayed on august fifth nineteen o eight.
446_123501_000017_000000	9.500	But how puny and harmless they now looked beside this huge and terrific incarnation of hate, of vengeance and of death.	446_123501_000003_000001	8.140	I seemed to be lying in a deep, circular basin, along the outer verge of which I could distinguish the irregularities of low hills.
1235_135883_000004_000003	7.190	Will you absolutely take away the life of a poor innocent?" "Yes," replied the genie, "I am resolved."	1235_135884_000003_000001	6.650	Her barrenness did not effect any change in my love; I still treated her with much kindness and affection.
911_128684_000008_000002	5.630	When active, it would figure in the physical, and when inactive, in the mental group.	911_128684_000012_000010	6.900	Shall we say an 'agreeable degree of heat,' or an 'agreeable feeling' occasioned by the degree of heat?
2893_139322_000005_000005	9.050	The latter day labourer, male as well as female, was essentially a machine minder and feeder, a servant and attendant, or an artist under direction.	2893_139310_000039_000007	3.110	He glanced back across a flaming spaciousness of hall.
3983_5331_000046_000000	3.500	"Well-contrive to be in the street at four this afternoon.	3983_5371_000071_000000	3.380	Convincing proofs; and Miss Carlyle lent her ear to them.
233_155990_000008_000004	9.200	It is the foolish, peace at any price persons who try to persuade our people to make unwise and improper treaties, or to stop building up the navy.	233_155990_000010_000005	2.750	But at least their position is understandable.
4297_13006_000025_000003	3.860	"But I think you ought to tell me why it must not be,--as I do love him."	4297_13006_000015_000005	8.330	He had made Emily herself believe that the one strong passion of his life was his love for her, and this he had done without ever having asked for her love.
7367_86737_000055_000000	6.280	"It is much more convenient at Paris,--when anything cannot be done, you pay double, and it is done directly."	7367_86737_000123_000000	6.730	"It so happened that night that Cucumetto had sent Carlini to a village, so that he had been unable to go to the place of meeting.
8051_119902_000004_000000	2.930	Bread is the staff of life for all nations.	8051_118101_000014_000005	7.110	After recruiting, and all necessary arrangements had been made for his comfort and passage to Canada, he was duly forwarded.
6385_34669_000006_000000	2.770	A WATCH DOG MAY BE A GUARDIAN ANGEL.	6385_34655_000008_000003	7.350	The tops of the high windows were converted into small rooms and glass attics, forming pretty habitable lanterns.
7859_102518_000018_000004	7.510	"Theme" meant both the corps and the district which it defended, and the corps commander was also the provincial governor.	7859_102519_000003_000000	5.280	Ere he had reached his twenty first year Justinian had plunged into war with the Bulgarians.
83_9960_000033_000008	2.730	It's nothing but a big carriage gate!	83_11691_000021_000000	3.670	Coronel decided that it was an occasion for tact.
302_123516_000006_000000	3.770	As I opened my eyes she turned to one of the warriors, saying,	302_123523_000013_000000	5.190	Thrusting Sab Than headlong from the platform, I drew Dejah Thoris to my side.
4853_29413_000017_000003	5.120	I can't look you in the face, and tell you of it." He walked away to the window.	4853_29413_000013_000000	3.140	"Then sit down, Gloody, and make a clean breast of it."
3526_176653_000038_000001	4.870	A giant mountaineer stood on the bank above him, with a Winchester in the hollow of his arm.	3526_176653_000071_000000	6.970	That very point Hale was debating with himself as he unavailingly cast his minnow into the swift water and slowly wound it in again.
2007_132570_000055_000001	4.500	'And for these fool's tricks-I will soon discover by whom they are practised.'	2007_149877_000054_000000	3.580	"You haven't anything on hand for the night, have you?" added Hurstwood.
7780_274562_000013_000002	9.280	I repeat that the principle here expressed, is incontrovertible; but there may be something even beyond it.	7780_274562_000004_000001	2.970	In personal grace and beauty he exceeded all men.
1841_159771_000011_000001	3.560	If I knew where there was good mousing I'd move to morrow."	1841_150351_000001_000000	5.930	The explorers and early settlers found a native race occupying nearly every portion of our continent.
6019_3185_000031_000009	9.220	There was an altar, in itself a splendid object, furnished with every article of the most costly material and workmanship, for the private celebration of mass.	6019_3185_000031_000013	5.980	These, it was hoped, might furnish a clew to the discovery of one at least among the murderous band.
3240_131231_000069_000000	6.140	According to dr Buist, some of these fishes weighed one and a half pounds each and others three pounds.	3240_131231_000089_000004	5.620	Or Science and its continuity with Presbyterianism-data like this are damned at birth.
2182_181173_000016_000000	2.750	mr Hobbs blew his nose very loudly again.	2182_181173_000008_000004	7.970	He's very kind, if he IS an earl; and he sent me a lot of money by mr Havisham, and I've brought some to you to buy Jake out."
32_4137_000040_000001	8.320	He goes to bed at night the property of the man with whom he has lived for years, and gets up in the morning the slave of some one whom he has never seen before!	32_21631_000011_000001	6.940	Being a newspaper, he thought he ought to say nothing except what was news-not even "Good afternoon!"
1737_148989_000004_000002	3.200	Emil's ship is lost, and as yet no news of him.'	1737_148989_000005_000003	6.710	Mrs Jo refused to believe it, stoutly insisting that Emil would outlive any storm and yet turn up safe and gay.
3436_172171_000008_000000	3.000	Perceval journeyed on till he arrived at Arthur's court.	3436_172171_000014_000001	4.890	I have also a message from Arthur unto thee, to pray thee to come and visit him.
7067_76048_000023_000002	4.290	She either concealed or she had lost any great interest in her own personality.	7067_76048_000071_000000	9.120	"I realize I've got to be a responsible American citizen," she had said. That didn't mean that she attached very much importance to her recently acquired vote.
403_128339_000010_000008	4.030	Under the President sat Doctor Manette, in his usual quiet dress.	403_126855_000013_000001	9.000	They used to make their lemonade out of the juice of wild oranges, sweetened with honey which they got from the bees' nests in hollow trees.
5867_48852_000044_000000	4.830	"Oh, dear, no I think I'll go back through the squire's fields, and out on the road at the white gate.	5867_48852_000039_000002	3.820	It seemed to him as though he would be guilty of falsehood towards the earl if he did so.
6531_61334_000026_000002	6.840	For he took away the altars of the strange gods, and the high places, and brake down the images, and cut down the groves.	6531_61334_000039_000003	7.910	Thereafter the Assyrian monarch turned towards the south-west and attacked the Hittite State of Hamath and the Aramaean State of Damascus.
8238_283452_000033_000006	5.240	Frank r Stockton gave his to funny spooks with a riotous and laughing pen.	8238_274553_000008_000000	8.020	I remember the buzz of curiosity which his advent excited within the college precincts on the night of the twenty fifth of June.
3526_176653_000048_000001	4.080	The fisherman looked around and was almost startled by the fierce gaze of his questioner.	3526_176653_000066_000000	2.760	"Twusn't no joke," he said shortly.
7278_91083_000022_000001	7.200	Dom Pedro of Brazil sent, in eighteen seventy six, a work on his empire, with his picture and his autograph.	7278_104730_000004_000010	8.730	Such was the beginning of the famous "gag" which became and long remained-afterward in a worse shape-a standing rule of the House.
8108_274318_000005_000007	5.830	He began to lose memory-memory of his identity, of where he was, of what he ought to do.	8108_280359_000009_000002	2.650	They themselves divided into two bands.
3214_167606_000025_000002	3.890	The Emperor had written to Count Rostopchin as follows:	3214_167602_000055_000000	4.560	"Was it not fate that brought him to Bogucharovo, and at that very moment?" thought Princess Mary.
83_9960_000017_000000	3.470	Terrible images passed through Marius' mind.	83_11691_000034_000003	7.420	Isolated-cut off-suffering in regal silence." He waved an explanatory paw.
1594_135914_000036_000004	4.710	The caliph was highly pleased with Ganem's reply, and assigned him a considerable pension.	1594_135914_000010_000002	6.680	I went further yet: you know the tyranny of love: I felt some tender inclination rising in my breast.
7312_92432_000008_000001	7.310	Her heart and soul were in the cause for which those men had fought, and all was done that Woman could do to comfort them in their sufferings.	7312_92432_000009_000002	5.520	I did so without delay, and found her lying on a sofa, pale and trembling, evidently much exhausted.
7078_271888_000124_000001	2.640	You?" we both cried in amazement.	7078_271888_000128_000001	6.570	Since that time they had apparently lived happily, and not a breath of scandal had besmirched her fair name.
27_123349_000006_000006	5.700	Locke had, at Oxford, abstained from expressing any opinion on the politics of the day.	27_123349_000006_000012	6.810	After vainly trying to inveigle Locke into a fault, the government resolved to punish him without one.
8098_278252_000010_000000	2.840	"Yes, pretty chilly," I returned, politely.	8098_278252_000022_000002	4.220	Now, if you are satisfied that it is a cold day, I will bid you good night."
7780_274562_000004_000003	3.240	His family was one of the most illustrious of the empire.	7780_274562_000005_000001	8.380	The gigantic magnitude and the immediately available nature of the sum, dazzled and bewildered all who thought upon the topic.
4397_15668_000008_000002	7.790	They were growing in a small, nestlike opening between the rock and the bushes, and both the erythronium and the fritillaria were in full flower.	4397_15668_000008_000000	8.440	After climbing about a thousand feet above the plain I came to a picturesque mass of rock, cropping up through the underbrush on one of the steepest slopes of the mountain.
39_121916_000004_000001	4.350	Had it taken place only once a year, it would have been a grievance.	39_121914_000029_000000	2.670	"But you must have found it very damp and dirty.
3259_158083_000081_000007	7.290	Previous to the feeding I had been forcibly examined by dr Gannon, I protesting that I wished a woman physician.	3259_158083_000015_000001	3.820	Charles w Barnes, Indianapolis. Oklahoma mrs
5652_39938_000023_000002	6.840	To be sure, we must not forget that we have to deal here with a causal and not with a purposive point of view.	5652_19215_000024_000000	4.510	"Love is all very well; but there must be something else to go with it.
1553_140048_000057_000001	2.630	"Oh! isn't he perfectly elergant?	1553_140048_000048_000003	3.460	She must be so tired waiting, and she will be so glad!"
3112_9555_000015_000001	5.690	There have been hot words between us, for perfect friendship bears and allows hot words.	3112_9555_000017_000000	4.740	After a while my brother left Winchester and accompanied my father to America.
6531_61334_000026_000002	6.840	For he took away the altars of the strange gods, and the high places, and brake down the images, and cut down the groves.	6531_61334_000037_000000	9.040	Ahab was evidently an ally of Sidon as well as a vassal of Damascus, for he married the notorious princess Jezebel, the daughter of the king of that city State.
5390_24512_000026_000000	6.870	'Ah, my countrymen,' he cried, 'we did nothing without God in the past, but now you are fighting against Him.	5390_30096_000028_000000	2.580	"It's gone, john; and you've got the farm.
103_1241_000026_000000	2.800	"Well now, I dunno," said matthew.	103_1241_000053_000000	3.750	"Well now, I just can't recollect that I ever had."
4853_29413_000015_000001	2.870	If I hadn't kept my temper, I might have killed him."	4853_29413_000031_000000	6.190	"And when you looked at Miss Cristel, and she was too busy with her brooch to notice you, was that another signal?"
7067_76047_000056_000000	6.290	Sir Richmond looked at his toes for a moment or so as if he took counsel with them and then decided to take offence.	7067_76048_000017_000000	5.260	"Now Sir, please," said the guard respectfully but firmly, and dr Martineau got in.
6272_70168_000035_000001	3.420	But he has not been here long; they are all so when they first come."	6272_70168_000027_000011	5.310	The plenty around me, the ease and independence, gave me a delightful sense of comfort.
2836_5354_000035_000000	2.770	"For what else should I have thrown it there?" he said.	2836_5354_000007_000000	8.280	Nearly a year went by, save some six or eight weeks, when, one morning in July, Lady Isabel made her appearance in the breakfast room.
1098_133695_000004_000001	3.260	"When you criticise everything here you should have a point of view.	1098_133695_000049_000000	2.650	"You were very right to tell me then," said Isabel.
5022_29405_000042_000004	5.190	"If you murder me with your screeching again, look out for your skinny throat-I'll throttle you."	5022_29405_000081_000004	2.520	I communicated this view of the matter to Cristel.
2989_138035_000021_000001	6.750	The other two of the company, the peasants, without dismounting from their asses, served as spectators of the mortal tragedy.	2989_138035_000046_000001	6.480	Interest then came forward and went through two more figures, and as soon as the tabors ceased, he said:
6209_34599_000011_000001	3.450	Then he found the surface a sheet of ice.	6209_34601_000068_000008	5.780	There is battle, struggle, competition between the fools in the street and myself.
8975_270782_000011_000006	8.050	For the child loves itself first, and later learns to love others, to sacrifice something of its ego for another.	8975_270782_000014_000008	7.410	Impatient waiting for the death of the father grows to heights approximating tragedy in the case of a successor to the throne.
2384_152900_000010_000018	7.900	We attached great importance to having the bags made of the very best sort of skin, and took care that the thin skin of the belly was removed.	2384_152900_000014_000005	5.130	I want the ski to be a part of oneself, so that one always has full command of them.
8580_287363_000046_000001	6.150	Bless my soul, too late for what?" gasped mr Damon, somewhat alarmed by Tom's manner.	8580_287364_000063_000000	4.310	"How you got aboard, and what your object was in coming."
1737_148989_000005_000001	6.440	Tidings had been sent to the shipowners at Hamburg by some of the survivors, and telegraphed at once by Franz to his uncle.	1737_142397_000034_000000	9.340	Further on, a hedgehog lay dead athwart the path-nay, more than dead; decadent, distinctly; a sorry sight for one that had known the fellow in more bustling circumstances.
8238_274553_000022_000000	6.630	SIR,--Through our common friend, mr p, I have received your note of this evening.	8238_274553_000013_000008	8.070	Some courtesy, nevertheless, is due to the presence of this company, and to yourself, at this moment, as my guest.
7178_34645_000003_000000	5.640	All this had occurred owing to the circumstance of a soldier having found a bottle on the beach.	7178_34644_000104_000000	3.170	He was rather old than young, and very precise.
302_123516_000017_000000	9.260	"I have brought a strange creature wearing the metal of a Thark whom it is my pleasure to have battle with a wild thoat at the great games."	302_123516_000022_000003	8.840	Victor and vanquished rolled limp and lifeless upon the moss, a huge mass of torn and bloody flesh.
8747_293952_000102_000000	3.090	"Jerry, you are a young scamp of the worst."	8747_293952_000086_000001	4.990	I have not much money now, but I will have some-a great deal some day."
1743_142914_000003_000003	4.400	Bushes and young trees grow along the banks of the Laughing Brook at this point.	1743_142913_000005_000007	3.180	"He usually is one of the last of the Flycatcher family to arrive.
6385_220959_000011_000000	4.460	Question.--How was Christ born of the Holy Spirit?	6385_34655_000018_000014	2.680	One might have walked about there, unclothed.
1069_133699_000054_000001	7.250	"If you mean that I had any idea with regard to mr Goodwood-!" But she faltered before her friend's implacable glitter.	1069_133699_000025_000000	7.780	Henrietta looked disappointed, and her steady gaze betrayed it. "You don't ask that right-as if you thought it important.
2893_139310_000039_000002	7.190	He was aware of a path before him, of a suite about him, of guards and dignities, and Lincoln on his right hand.	2893_139310_000031_000002	2.600	The voices without explained their soundless lips.
5750_100289_000004_000002	5.180	Their own schools graduate them at a mature age and do not prepare them for college.	5750_100289_000023_000005	2.930	His much regretted death occurred a few months later.
8770_295463_000031_000003	3.830	It was a warm day and a Quaker woman near the platform fainted.	8770_295462_000041_000000	6.980	"'Gentlemen, did you ever read anything from "Artemus Ward?" Let me read you a chapter that is very funny.'
196_122159_000014_000012	3.410	Do you think you or anybody could have made me if I . . .	196_122159_000011_000014	4.800	"Now you understand why I didn't after all . . . didn't go out in that way.
1034_121119_000028_000001	8.080	She had not long to wait; directly afterwards the door was opened wide enough to admit her, and when she had passed through, it was again shut.	1034_121119_000010_000004	6.150	Villefort's conduct, therefore, upon reflection, appeared to the baroness as if shaped for their mutual advantage.
8465_246947_000033_000000	5.580	"That is true," returned Leopold; "but then he came to me with his door open, and let me walk in.	8465_246943_000026_000002	5.540	She shall know that a sister's love is stronger than the hate of a jilt-even if you did kill her.
1235_135884_000004_000004	8.950	Her enmity did not stop at this abominable action, but she likewise changed the slave into a cow, and gave her also to my farmer.	1235_135884_000011_000001	4.430	I went immediately to my farmer, to speak to his daughter myself.
909_131041_000019_000006	8.170	It is remarkable that in this, as in most other instances, the objection which is made would lie against the constitution of this State.	909_131041_000019_000000	7.430	The appointment of an extraordinary person, as Vice President, has been objected to as superfluous, if not mischievous.
6147_34606_000010_000000	3.650	There was the Hell fire Club, where they played at being impious.	6147_34605_000026_000004	2.560	Not having the power to be a goddess, she is an idol.
4441_76263_000092_000000	3.490	"One should be correct in matters of form," said Borg gravely.	4441_76262_000045_000000	5.480	"What's that?" laughed Agnes, opening the box and taking out a six barrelled revolver.
2952_408_000022_000000	9.100	"You need not be ashamed for having refused me shelter," said Muso. "You directed me to the village yonder, where I was very kindly treated; and I thank you for that favor.	2952_410_000022_000002	5.720	Gently unbarring the door, he made his way to the garden, and proceeded with all possible caution to the grove beyond it.
250_142286_000040_000000	2.830	'Yes,' said Margaret, 'I have lived there for several years.'	250_142286_000015_000000	2.930	'I don't know-the weather, I think.
4788_294466_000001_000000	3.190	CHAPTER two THE GHOST TOWN	4788_294466_000046_000000	6.170	Mary glanced affectionately at the old place with its flower edged walk, its broad porch and adobe pillars.
1898_145724_000021_000000	7.970	The Prince answered at once, 'I have heard so much of your beauty and kindness, that I would very much like to enter your service.'	1898_145724_000023_000000	3.600	The Prince undertook the task and led the mare out to the meadow.
8123_275216_000022_000001	5.010	But the Oaks talked the whole day long one to another about the funny Trees he had told them about.	8123_275216_000057_000000	2.720	"Oak timber is better than Beech timber," they said.
5163_39921_000044_000006	2.990	I'll talk to Alfred and Robert and see what I can do."	5163_39921_000025_000002	5.280	The Croppers never openly defied her, but they did precisely as they pleased.
307_127535_000033_000018	3.470	Ah, well, there's a deal to say to number three.	307_127535_000040_000002	2.750	"You lost the ship; I found the treasure.
3526_176653_000002_000004	4.020	How could he get a fish out with that little switch, she thought contemptuously?	3526_175658_000002_000001	9.130	I remember very well that before quitting my chamber, I held a brief debate with myself as to whether I should change my ordinary attire for something smarter.
5390_30102_000026_000000	5.790	As he appeared indisposed to say more on the subject she asked: "Did you sail with Captain Wegg?"	5390_30096_000035_000000	2.600	"Somewhere at the north of the State, I believe."
8580_287363_000037_000000	5.610	Finally, after several hours of work, the wireless was in shape to send and receive messages.	8580_287364_000030_000000	6.570	"I don't believe you can scare such fellows much," was Tom's opinion, but it was agreed to try.
307_127535_000036_000001	4.810	j f, and a score below, with a clove hitch to it; so he done ever."	307_127535_000042_000000	2.710	"So that's the toon, is it?" cried the cook.
5163_18515_000032_000002	5.000	I'm going to begin to take pictures right straight off." Then she stopped and looked at Adela.	5163_39921_000024_000001	6.860	They were handsome lads, with the same smooth way that characterized their father, and seemed bright and intelligent.
8975_270782_000023_000000	8.670	As a result of the whole investigation we grasp two facts, which, however, disclose only the beginnings of new riddles, new doubts.	8975_270782_000015_000002	6.260	But it is preferable for psychology to speak the truth, rather than that this task should be left to the cynic.
198_209_000012_000001	7.980	If she felt such confidence in my good intentions, and could suppose it to be only a mistake, why should you be so ready to take offence?"	198_126831_000050_000000	5.100	All at once-something-leaped from the bough of a tree and alighted before us.
302_123516_000008_000000	9.380	"'tis well," replied the one so addressed, rising and approaching my couch, "he should render rare sport for the great games."	302_123504_000022_000000	6.960	I then knelt down beside the fearsome looking thing, and raising it to its feet motioned for it to follow me.
625_132118_000006_000009	7.190	Why had not the brown of his eyes crushed out and killed the blue?--for brown were his father's eyes, and his father's father's.	625_132118_000016_000003	9.170	In the poise of his little curl crowned head did there not sit all that wild pride of being which his father had hardly crushed in his own heart?
8468_294887_000024_000002	4.060	He added, "I thought it right to say this." I then spoke to the crowd.	8468_295198_000042_000001	6.970	He jumped with all his force sheer over a patch of bushes into the river, and swam back to his old home among the cat tails.
6000_55211_000083_000001	4.490	"But that girl was so-so queer!" she sighed, with a frown.	6000_55211_000077_000000	3.720	"Oh, Alice, my dear," pleaded mrs Greggory again, feebly.
6454_107462_000017_000001	3.150	'twas Herself should have got it, and Herself alone!"...	6454_107462_000027_000001	3.020	"To look at you, ye'd think ma'am ye could never kill a fly!"
298_126791_000059_000000	7.070	"That is a question the major can answer best; but you know the redcoats are abroad, and Dunwoodie commands in the county; these English must be looked to."	298_126791_000014_000001	4.430	If it be not to enable us to decide in such matters, of what avail the lights of science?
7067_76047_000046_000003	9.140	There have been love experiences; experiences that were something more than the treats and attentions and proposals that made up her life when she was sheltered over there.	7067_76047_000046_000011	3.260	She has been shocked out of the first confidence of youth.
2910_131096_000026_000003	7.290	You are so ill favored and disagreeable that the only way you can merit your lover must be by dint of industry and diligence.	2910_131096_000022_000000	5.180	Psyche meanwhile wandered day and night, without food or repose, in search of her husband.
887_123289_000066_000004	5.280	He rubbed his eyes, and then turned to me thunderstruck with some unexpected discovery.	887_123289_000027_000001	3.280	Why, you are talking about the return before the arrival."
6415_116629_000025_000000	5.110	"I know what you mean," he went on, "but I am not so very stupid as you think.	6415_116629_000043_000000	8.690	"Oh do tell me what has happened," said Gertrude, white with terror. "Don't leave me so, but tell me, Blasi, why Dietrich hasn't come home with the rest of you?"
4297_13006_000025_000002	6.050	I will do as you bid me." Then he put out his hand and caressed her, stroking down her hair.	4297_13006_000012_000003	8.300	She was not an eligible companion for mr Wharton's daughter,--a matter as to which the father had not given himself proper opportunities of learning the facts.
3830_12529_000018_000001	4.210	The little town of Olympia to the south became dimmed by distance.	3830_12530_000015_000002	5.280	We had come to find a place to make a farm, and a farm we were going to have.
6476_57446_000061_000000	4.100	Chokichi consenting to this, the pair left the house together.	6476_96661_000009_000001	5.030	The God Apollo once made himself a shepherd and he kept the flocks of King Admetus.
4441_76263_000067_000000	4.430	"Do you want money?" said Borg to the newcomer, laying his hand on his breast pocket.	4441_76262_000007_000001	3.620	It was impossible; he dressed and went to Falander's house.
1970_28415_000007_000003	2.990	They heard the shouting, and they understood the words.	1970_26100_000030_000002	5.000	The bullets fired from above and behind. The number of bullets fired.
5456_62014_000010_000002	2.840	Now, den, e f y'all raidy, I gwine begin.	5456_62043_000000_000003	7.410	A voyage from New Orleans to Vicksburg and back, including stoppages, generally entitled the officers and crew to a month's wages.
6880_216547_000053_000002	4.570	In pruning an old tree, we guard against destruction of the buds and fruit.	6880_216547_000026_000000	6.940	"To sum up all these ideas in one inclusive question: What is the principle of heredity?
625_132112_000004_000009	5.970	If you don't look up you can't get up,'" remarks Jackson, philosophically. And he's gotten up.	625_132112_000014_000015	5.010	Then the sheriff came and took my mule and corn and furniture-" "Furniture?
4397_15666_000007_000001	7.970	City Creek, coming from its high glacial fountains, enters the streets of this Mormon Zion pure as an angel, but how does it leave it?	4397_15666_000004_000001	8.610	Nevertheless, distant objects along the boundaries of the landscape were revealed with wonderful distinctness in this weird, subdued, cloud sifted light.
60_121082_000007_000007	5.930	We cannot say; but only relate the fact that he shuddered and stepped back suddenly.	60_121082_000073_000000	2.500	"Yes, so long as he pays me"--
3830_12530_000018_000000	3.470	"It surely can't be," I responded, three quarters asleep.	3830_12531_000018_000005	5.150	If we had Buck and Dandy over there we could make twenty dollars a day putting in piles."
1183_133255_000058_000000	3.180	THE SAD STORY OF MY FATHER'S GREAT SUFFERING FROM CANCER	1183_133256_000027_000000	3.390	We want you to accept a large sample bottle with our compliments.
403_216_000029_000005	4.920	He cannot think this-and you may be sure that he would not have you think it.	403_126855_000031_000001	2.890	"The King's men are quite close now-Look at them!
7505_258958_000006_000003	3.350	No impression on the nerves or on the senses is lasting.	7505_83618_000015_000001	6.420	Wherever he went all manner of singing birds bore him company, emblems of the whistling breezes.
4088_158077_000103_000005	7.210	When. however. women continued to picket in the face of arrest, the Administration quickened its advance into the venture of suppression.	4088_158077_000111_000001	5.850	Were not the District Commissioners who gave orders to prepare the cells the direct appointees of President Wilson?
8324_286683_000018_000001	3.320	You're big enough, but you're just as homely as you can be.	8324_286681_000024_000000	2.680	"Well, I've seen the Wild Ducks swim in it!
5163_39921_000019_000000	4.040	"They disappear," said mr Baxter, with a significant nod.	5163_18515_000022_000000	3.550	"Hold up your apron," screamed Polly to the little girl.
374_180299_000041_000001	3.170	Marguerite was no longer the same woman that I had known.	374_180298_000023_000006	7.840	She would come in tired, take a light supper, and go to bed after a little music or reading, which she had never been used to do.
669_129061_000032_000001	4.130	"Is it only suspicion, you know, or-or what is it?	669_129074_000052_000008	4.320	Of course he would come; what could he do else but come?
2893_139310_000003_000003	6.730	This man was shouting close to his ear and yet what was said was indistinct because of the tremendous uproar from the great theatre.	2893_139310_000033_000003	2.520	The whole mass of people was chanting together.
4088_158079_000158_000003	4.480	A fourth detachment was arrested in the middle of the Avenue on the trolley tracks.	4088_158077_000110_000000	7.350	The trial of this group was delayed to give the jail authorities time to "vacate and tidy up," as one prisoner confided to Miss Joy Young.
2136_5143_000002_000008	3.750	Madame, I suppose, had heard me, for she was half-way down the stairs.	2136_5143_000068_000001	4.270	She would not answer my questions, and affected to be very lofty and offended.
5456_62043_000024_000000	3.770	"Only about ten cords, sir," was the reply of the youthful salesman.	5456_62043_000017_000002	2.660	I saw a light just ahead on the right-shall we hail?"
8975_270782_000008_000003	5.980	These evil wish impulses have their origin in the past, often in a past which is not too far away.	8975_270782_000020_000001	8.290	You know what antipathy society feels toward such intercourse, or at least pretends to feel, and what weight is laid on the prohibitions directed against it.
909_131041_000013_000006	8.770	No senator, representative, or other person holding a place of trust or profit under the United States, can be of the numbers of the electors.	909_131044_000012_000004	7.670	This remark is not less applicable to a political privilege, or honor, or trust, than to any article of ordinary property.
201_122255_000025_000000	5.750	"Marry come up with a murrain!" cried the Tanner, for he, too, had talked himself into a fume.	201_122255_000047_000002	4.800	Let me help thee to thy feet, good Master Little john, and let me brush the dust from off thy coat."
1743_142914_000001_000002	5.670	peter scratched a long ear with a long hind foot, trying to think of some place to go.	1743_142912_000007_000000	4.040	For a minute peter couldn't think what was the trouble with Redtail, and then he saw.
3607_29116_000051_000000	2.770	"Yes, Balloon is a man of parts, there is no denying it"	3607_29116_000018_000003	4.990	I never push a private interest if it is not Justified and ennobled by some larger public good.
8123_275209_000014_000001	8.480	The Caterpillar almost jumped for joy, and it was not long before she saw her friend descend with hushed note to the cabbage bed.	8123_275216_000028_000003	2.630	Goodbye, you old, gnarled Oak Trees!"
196_122152_000009_000009	3.450	That man there seemed to be aware of his hopeless difficulty.	196_122152_000008_000003	6.200	He was made to answer another question so much to the point and so useless, then waited again.
4340_15220_000108_000000	3.490	"Not for a day or so, I guess; but it's bad when it does come."	4340_15220_000013_000000	3.110	"I wouldn't give two cents for such a slow old place as this.
2989_138035_000046_000001	6.480	Interest then came forward and went through two more figures, and as soon as the tabors ceased, he said:	2989_138035_000021_000001	6.750	The other two of the company, the peasants, without dismounting from their asses, served as spectators of the mortal tragedy.
1594_135914_000036_000005	7.730	He then descended from his throne, and causing only Ganem and the grand vizier, follow him, retired into his own apartment.	1594_135914_000019_000000	8.630	The caliph's favourite having dried up hers, said to Ganem's mother, "Be so kind as to tell us your misfortunes, and recount your story.
5514_19193_000051_000000	7.370	At the moment when Gavroche was relieving a sergeant, who was lying near a stone door post, of his cartridges, a bullet struck the body.	5514_19193_000062_000005	2.860	They aimed at him constantly, and always missed him.
8609_262281_000013_000001	2.960	And let it be done in future, Martha, before she comes to me."	8609_262281_000010_000000	2.800	"And these?" said Constance, touching the curl papers.
669_129074_000008_000001	5.840	She was very distraite, nervous, silent, and ill to please.	669_129074_000030_000003	4.730	They paid her tipsy compliments; they leered at her over the dinner table.
2289_152257_000025_000001	3.280	It was he who first brought silk worms into Europe.	2289_152258_000022_000000	3.850	Mohammed, however, paid no heed to the insults he received.
730_358_000002_000000	8.440	"It was dark when I awoke; I felt cold also, and half frightened, as it were, instinctively, finding myself so desolate.	730_358_000009_000001	4.180	This was a new sight to me, and I examined the structure with great curiosity.
8609_262281_000015_000000	5.710	"Miss Channing, mamma says she shall take one of us to the missionary meeting, whichever you choose to fix upon.	8609_283227_000009_000005	8.190	This, I believe, he did during my illness, with the notion of pleasing me by the discovery that the repairs had been already effected according to my mind.
6531_61334_000019_000002	7.710	Assyrian art found expression in delineating the outward form rather than in striving to create a "thing of beauty" which is "a joy for ever".	6531_61334_000055_000002	4.150	He found it more profitable, indeed, to extend his territories into Asia Minor.
4137_11702_000010_000001	3.470	She had wanted Coronel to wait with her, but he had refused.	4137_11702_000067_000001	3.130	He wondered for a moment whether to order his daughter out of the room.
4267_78186_000012_000000	6.410	"I never knowed but one case of a broken heart, and that was in t'other sex, one Washington Banks.	4267_287369_000006_000000	3.070	"Rather odd," commented mr Jenks.
1553_140048_000057_000000	5.690	"He tucked the lap robe round us, too," continued Emma Jane, in an ecstasy of reminiscence.	1553_140048_000061_000000	5.110	"Oh, Rebecca! how could you call him a nickname the very first time you ever saw him?"
2002_139469_000012_000002	5.060	If infection depended upon the air, the air was subject to infection.	2002_139469_000022_000009	6.110	Many of these, of high rank in their own countries, now, with hoe in hand, turned up the soil.
196_122159_000012_000003	2.650	"Not the breadth of a hair between this and that.	196_122150_000003_000001	6.110	He did not care what the end would be, and in his lucid moments overvalued his indifference.
1088_134315_000076_000000	4.880	"There was a gentleman coming to see mr Kara, whom mr Kara particularly wanted to see."	1088_129236_000027_000000	8.640	"Her pure and eloquent blood Spoke in her cheeks, and so distinctly wrought, That one might almost say her body thought."
6437_66173_000032_000002	5.930	The gentle soul had stood throughout the contest with his face turned to the fence, suffering untold agony.	6437_66173_000012_000000	5.270	"Is it a fight?" asked Phil Adams, who saw by our freshness that we had not yet got to work.
5463_39174_000055_000001	2.600	Dear mrs Robarts, you must not be surprised at him.	5463_39173_000044_000000	2.670	"Well, Lucy, we must drive ourselves, that's all.
4481_17499_000028_000000	2.780	His telegram to Elizabeth was characteristic:	4481_17498_000042_000000	5.520	The Major's speech had a touch of the brogue when he became excited, but recovered when he calmed down.
4214_7146_000012_000002	5.190	But there's a bottle half full of raspberry cordial that was left over from the church social the other night.	4214_7146_000050_000004	5.940	She just laughed silly like when her mother asked her what was the matter and went to sleep and slept for hours.
226_122538_000006_000003	7.990	Her mind leaped to enjoyment, then fell back stunned by the blow of quick remembrance, and Jane shut her eyes.	226_122538_000029_000002	7.130	Then she saw behind him her aunt's footman, and her own maid, who had been given a place in the duchess's household.
7447_91186_000020_000001	5.030	Every accent of his dramatic music was embodied in his piano compositions.	7447_91187_000020_000004	6.570	To him bell tones were ever ringing, reminding him of home, summoning him to the heights.
3982_178459_000009_000002	7.370	I saw something was terribly wrong when I-You look-" She paused, and he came in, not lifting his eyes to hers.	3982_178459_000013_000002	2.740	"I can be glad of one thing, though it's selfish.
3235_28433_000014_000001	3.440	Those who were continually seasick had diversion enough.	3235_28433_000005_000001	6.650	Paul," belonging to the Alaska Commercial Company, and was advertised to sail on May twenty fifth.
3374_298025_000007_000000	9.060	But what shall my spirit bestow upon its offspring, which, like its parent, is as poor in poesy as it is rich in love?	3374_298032_000012_000002	3.570	My career was ended, but not completed.
3879_174923_000032_000006	7.130	For myself I hate to think of the coming severance; but if it must come, why not by your hands as well as by any other?	3879_174923_000036_000000	3.240	And now, my friend, could you not do for me a great kindness?
125_121124_000069_000002	3.490	How absurd-as if one crown were not as good as another.	125_121124_000072_000001	4.120	"The balance would come to about that sum; but keep it, and we shall be quits."
8063_274115_000073_000000	3.500	"In the first place, they can walk about the king's forest, which is very beautiful."	8063_274117_000015_000001	3.920	"But what is that I see out there,--crosses and stones?"
198_126831_000063_000001	4.010	As he did so, clear and sweet, rang out ten bell like chimes.	198_209_000004_000009	7.830	At the bottom of the street, however, she looked back again, and then, not at a window, but issuing from the door, she saw Miss Tilney herself.
1088_134315_000037_000000	2.770	He rang the bell, this time for his valet.	1088_129236_000012_000000	2.860	"All other pleasures are not worth its pains:"
1355_39947_000024_000002	9.440	There is no doubt the arbitrary suppression of the sexual instinct must be acknowledged as the source of nervous injury while indulgence may lead to disease and misery.	1355_39947_000024_000007	7.870	In any case the saloon and its humiliating indecency must disappear and every temptation to intemperance should be removed.
8014_112602_000007_000004	4.490	They formed, too, an important item of everyday traffic, and they were also exported.	8014_112602_000013_000001	7.240	Married women usually had the head covered either with a hood or with a long web of linen wreathed round and round in several folds.
1624_168623_000004_000009	4.780	He declared that he had "a system." In addition, he was a great swindler.	1624_142933_000023_000001	3.390	So he scampered for the Green Forest, lipperty lipperty lip.
150_126107_000029_000000	2.670	"Is that what you call FALLING IN?"	150_126112_000042_000001	3.760	You must sit and look at me, else I shall not be able to keep up."
7078_271888_000021_000005	6.910	Yet, as she turned her beautiful face towards me, I was struck by the complete effect of physical and moral frailty that she presented.	7078_271888_000110_000001	8.580	I saw that he was haggard eyed and wild looking. From his conversation, I knew that time had not healed the wound in his heart.
6454_120342_000008_000000	3.080	Many things must consent, as will appear.	6454_120342_000036_000001	3.510	O, we went to twenty places that night, I suppose!
1970_26100_000017_000000	2.510	"What did you expect to find here?" I asked.	1970_26100_000016_000003	4.320	When we reached the tree, the coroner examined the ground around it carefully.
6880_216547_000031_000000	7.950	"I have been pitiless in my criticism of the economists: for them I confess that, in general, I have no liking.	6880_216547_000051_000011	2.640	Such, at least, is my opinion.
403_126855_000031_000002	5.150	I am afraid we are going to be taken back to prison again." And he began to weep.	403_126855_000018_000000	4.530	One day Chee Chee climbed up a high rock and looked out over the tree tops.
32_21631_000009_000001	6.470	And in a wonderfully short time his head appeared above the water and he soon crawled up beside mr Crow.	32_4137_000023_000000	8.780	Pompey gave each to understand how old he was to be when asked by persons who wished to purchase, and then reported to his master that the "old boys" were all right.
6181_216552_000079_000002	4.220	The individual passes away, society is deathless.	6181_216552_000031_000001	4.430	It has literally CREATED a right outside of its own province.
3374_298025_000012_000002	5.910	I gazed and enjoyed it all, the rich green, the white blossoms and the golden fruit.	3374_298032_000008_000002	4.900	I hated everything earthly and was glad to see it all punished and destroyed.
2416_152139_000047_000002	2.690	"Well, he should have thought of all that before!	2416_152137_000019_000006	7.460	What sudden emergency was the Gray Seal called upon to face this time-what role, unrehearsed, without warning, must he play?
887_123289_000006_000000	2.510	CALM PHILOSOPHIC DISCUSSIONS	887_123289_000057_000001	5.730	Don't decline the honour of having given your name to the first island ever discovered in the central parts of the globe."
2910_131096_000016_000006	5.940	If you saw me, perhaps you would fear me, perhaps adore me, but all I ask of you is to love me.	2910_131096_000047_000002	3.170	It is this that Keats alludes to in his "Ode to Psyche":
6000_55211_000005_000001	3.470	"I want you to go with me, if you can, to see a mrs Greggory.	6000_55211_000036_000002	4.720	My mother and my grandmother owned that teapot, sir." Again her voice broke.
87_121553_000173_000000	7.490	But that the sacred love, in which I watch With sight perpetual, and which makes me thirst With sweet desire, may better be fulfilled,	87_121553_000182_000000	8.210	Then said to me: "That one from whom is named Thy race, and who a hundred years and more Has circled round the mount on the first cornice,
2836_5355_000076_000001	9.230	"I must confess I think it may be the wisest course, as things have come to this pass; for a cat and dog life, which would seemingly be ours, is not agreeable.	2836_5355_000014_000002	4.920	Even now I can only remain with you a couple of days, for I must hasten back to town."
8312_279790_000019_000001	5.240	King Charming met her, received her in his arms, and vowed to love her for ever.	8312_279791_000015_000000	3.320	"Blue Bird, Blue Bird, Come to my side."
1963_142393_000014_000002	7.800	At last he saw the little black figure coming from between the grey houses and gradually approaching the foot of the hill.	1963_142393_000005_000006	7.910	But that sort of glow dies out: memory gets sadly diluted with time, and is not strong enough to revive us.
8014_112586_000013_000000	7.370	But it is better not to pursue these observations farther here, as it would be only anticipating what will be found in the body of the book.	8014_280382_000005_000005	3.540	Nevertheless they were steadfastly purposed to hold out.
3374_298026_000008_000004	5.290	Suppose words or a human being to create a misunderstanding between us!	3374_298026_000008_000005	6.240	The poignant grief would be transient and quickly resolve itself into complete harmony.
7226_86965_000018_000003	2.680	It was like going through Cleveland on the fast mail.	7226_86964_000015_000000	8.710	We assured him that with these muddy swamp roads, and in our wet condition, nothing but absolute necessity would induce us to take a mile's tramp.
1898_145724_000024_000002	4.420	As he sat thus lost in thought, he noticed an eagle flying over his head.	1898_145724_000018_000000	6.970	The Prince replied, 'I have heard so much of the beauty and kindness of the Dragon's Mother, and would like to enter her service.'
3857_182317_000001_000000	3.840	There are many other beasts that one might once have thought had a chance.	3857_182317_000005_000001	8.900	The pig is remarkably intelligent and brave,--but he's gross; and grossness delays one's achievement, it takes so much time.
8747_293952_000115_000000	6.920	"I love fowls," said Jerry sweetly, and looking as innocent as a babe, "and dogs and things like that."	8747_293952_000071_000002	3.160	But I am hoping against hope," said Lucy, rising.
4397_15666_000003_000000	8.010	With reference to the development of fertile storms bearing snow and rain, the greater portion of the calendar springtime of Utah has been winter.	4397_15678_000012_000002	8.840	It is situated on the main river, where it plunges over a sheer precipice, about two hundred and forty feet high, in leaving the level meadows of the ancient lake basin.
3526_176651_000013_000006	2.750	Something blue was tied loosely about his throat.	3526_176653_000001_000005	5.160	As he went on, she slid from her perch and with cat footed quiet followed him.
5022_29405_000074_000002	3.670	"Will you follow me to my side of the cottage?" I shook my head.	5022_29411_000098_000001	4.420	Old Toller was in the kitchen, smoking his pipe without appearing to enjoy it.
8226_274371_000020_000010	6.590	By him, assisted by the king himself, were the memorials of the royal party chiefly composed.	8226_274371_000020_000004	8.030	To determine his choice in the approaching contests, every man hearkened with avidity to the reasons proposed on both sides.
3879_173592_000027_000002	4.550	Their chief was Sir john Hawkins, father of the English slave trade.	3879_173592_000011_000001	6.070	Or had some new tempest of calamity, let loose upon France, drowned the memory of their exile?
7302_86814_000014_000000	2.710	"You see some one pays me a visit.	7302_86814_000016_000000	3.120	"Ah," said Andrea, deeply affected.
5390_24512_000000_000002	7.050	They were looking for an earthly king, and the beautiful words spoken by the ancient prophets had no meaning to them.	5390_30096_000028_000001	5.680	The other fellows were too clever for my young friend, Joseph Wegg, and knocked out his patent."
198_209_000019_000002	2.980	Stout, active-looks as young as his son.	198_126831_000070_000002	3.410	I don't care if the joke is as much on myself as any one.
1867_154075_000027_000006	5.870	So he came in exactly that way, like a robber, but really only to keep a tryst with his lady love?	1867_154075_000080_000002	6.990	That brought a start from john Mark and a flash of eagerness, but he repressed the idea, after a single glance at the girl.
7635_105409_000078_000000	5.590	"Close by here, citoyen," said Desgas; "I gagged him and tied his legs together as you commanded."	7635_105409_000030_000000	4.850	"You think?--You? . . ." said Chauvelin, almost choking with fury, "and you let them go . . ."
887_123289_000066_000001	5.070	He was gay and full of spirits; he rubbed his hands, he studied his attitudes.	887_123289_000039_000000	2.610	Such high spirits as these were rather too strong.
5789_57158_000055_000000	2.740	After that he walked straight out to Bragton.	5789_57158_000028_000000	5.070	"What do you mean by that, mr Morton?" she asked blushing up to her hair.
3168_173565_000003_000002	7.370	But on the seventh day he ate with pleasure a piece of bread with some tea, and the doctor noticed that his temperature was lower.	3168_173565_000023_000001	4.280	That's enough, please leave off!" Prince Andrew painfully entreated someone.
6848_252323_000009_000001	3.090	"I'll have to be up at the office for the bags at six o'clock."	6848_252322_000044_000000	4.060	"What could I do, sir?" was the answer; "it was this fellow or nothing."
7178_34644_000015_000000	7.170	"That child was sold at the age of two years, by order of his most gracious Majesty, King james the Second.	7178_34645_000012_000018	3.380	If the heir be found, let the coronet be given back to him.
298_126791_000008_000001	9.100	The morning found them all restored, in some measure, to their former ease of body, with the exception of the youthful captain of dragoons, who had been so deeply regretted by Dunwoodie.	298_126791_000047_000002	3.150	But, Isabella, the meeting has been too much for you; you tremble."
4859_26870_000017_000000	3.460	Among the gentry of the province Nicholas was respected but not liked.	4859_26870_000018_000004	6.680	She could not find fault with Sonya in any way and tried to be fond of her, but often felt ill will toward her which she could not overcome.
302_123504_000012_000000	5.280	It is true I held the cudgel, but what could I do with it against his four great arms?	302_123523_000006_000000	6.930	At the foot of the throne these two parties separated and halted, facing each other at opposite sides of the aisle.
118_47824_000051_000002	3.140	For him yesterday's incident was not so lightly to be passed over.	118_47824_000083_000009	5.780	For once he was grateful to the forest because it had forbidden him to glance perpetually back at that dismal and pensive picture.
669_129061_000040_000008	3.990	Steyne has been a hundred times alone with her in the house before."	669_129074_000044_000001	3.660	She treated Emmy like a child and patted her head.
7226_86964_000007_000002	6.450	The latter made a pretty picture standing out on the bold bank, backed by a number of huge stacks of golden straw.	7226_86964_000011_000000	8.040	The thunder storm which had been threatening since early morning, soon burst upon us with a preliminary wind blast, followed by drenching rain.
5561_41615_000018_000000	5.670	After the seniors had quietly left the study hall, Miss Thompson stood gravely regarding the rows of girls before her.	5561_41616_000035_000002	3.150	The seniors did not intend to allow them to score again in a hurry.
229_130880_000099_000000	2.520	"Here, no," Ned Land said.	229_130880_000003_000000	5.490	I went looking in the library for a book about this island, one of the most fertile in the world.
8838_298545_000014_000002	7.700	A young man stood at the entrance- a stocky, bull necked young miner, in tweed Sunday clothes and an aggressive neck tie.	8838_298546_000026_000000	6.850	The only part of Montgomery's training which came within the doctor's observation was his diet, and that puzzled him considerably.
4788_91208_000008_000000	4.820	When mr Mill commenced his labors, the only logic recognized was the syllogistic.	4788_294466_000023_000000	2.750	"Because he had to do the milking," Mary replied simply.
1926_147987_000010_000006	3.380	I caught a handful of whiskers and pulled, shouting something.	1926_147987_000017_000001	6.180	There stood mrs Cutter,--locked out, for she had no key to the new lock-her head trembling with rage.
2989_138028_000042_000000	4.950	"May be so," replied Don Quixote; "but to come to the point, what does Teresa say?"	2989_138035_000035_000007	7.740	The spices of different kinds did not seem to have been bought by the pound but by the quarter, and all lay open to view in a great chest.
1116_132851_000013_000000	5.920	'Certainly, if you wish,' and the frog jumped on the back of one of the horses, and changed into a little dwarf, all dressed in green.	1116_137572_000012_000000	5.370	Decisions must be made on the basis of what is good for both, not the selfish or narrow wish of either.
4362_15663_000035_000000	7.740	At length, after the temperature was somewhat mitigated on this memorable first of May, we arose and began to struggle homeward.	4362_15663_000028_000003	7.830	The clouds broke and vanished, not a crystal was left in the sky, and the stars shone out with pure and tranquil radiance.
6367_65536_000014_000005	2.660	He longed for conflict and accomplishment.	6367_74004_000030_000000	2.670	"Of course I do," said Sylvia right out.
2952_410_000023_000002	5.190	To go near him while he is reciting would be difficult; and we cannot touch him so long as he is praying.	2952_410_000037_000002	8.810	In the book Nan ho i butsu shi it is written that certain red characters can always be found upon the nape of the neck of a real Rokuro Kubi.
7447_91186_000038_000000	5.060	Perhaps the most famous piano teacher of recent times is Theodore Leschetitzky, of Vienna.	7447_91187_000013_000001	7.230	He prepared each hand with infinite care before permitting any attempt at the reproduction of musical ideas.
2836_5354_000042_000001	5.800	Lady Isabel waited till the man was gone, and then spoke, a faint flush of emotion in her cheeks.	2836_5355_000026_000000	6.310	"When I expected or wished, for the 'sacrifice,' it was not for my own sake; I told you so then.
298_126791_000059_000000	7.070	"That is a question the major can answer best; but you know the redcoats are abroad, and Dunwoodie commands in the county; these English must be looked to."	298_126790_000016_000000	4.610	"Why," returned the housekeeper, hesitating a little, "I thought we were as good as so.
6848_76049_000005_000002	6.010	Like some ordinary silly female, sinking to kisses, to the deeds one could buy and pay for.	6848_76049_000004_000000	5.430	What did matter was not whether she threw Lake over but what she threw him over for.
4406_16882_000021_000000	2.670	And now I must part with that little company I had.	4406_16883_000025_000002	5.090	We came to Banquang river again that day, near which we abode a few days.
2836_5355_000087_000001	4.760	"Put away those notes, if you please," she interrupted, not allowing him to finish his sentence.	2836_5354_000007_000006	2.930	She was looking like the ghost of her former self.
7794_295947_000014_000001	2.640	What on earth are you going to keep the fox for?"	7794_295955_000002_000010	2.890	The old woman replied: "God help you, my son!"
1235_135884_000003_000000	3.030	We lived together twenty years, without any children.	1235_135884_000007_000002	5.230	Though I knew not the calf was my son, yet I could not forbear being moved at the sight of him.
1594_135914_000005_000002	7.870	Alas! it is I that have made you wretched! why did you not let me perish miserably, rather than afford me your generous relief?	1594_135914_000036_000004	4.710	The caliph was highly pleased with Ganem's reply, and assigned him a considerable pension.
40_121026_000015_000002	6.550	I have torn up two of my shirts, and as many handkerchiefs as I was master of, to complete the precious pages.	40_121026_000239_000003	7.490	Indeed, I expected it, for it is a family inheritance; both my father and grandfather died of it in a third attack.
3168_173564_000017_000002	8.530	She put her head out into the damp night air, and the countess saw her slim neck shaking with sobs and throbbing against the window frame.	3168_173565_000024_000006	3.660	That is why I experienced such joy when I felt that I loved that man.
4160_14187_000047_000003	8.830	You remember I said that four hypotheses were possible: that the robbery was committed either by Reuben, by Walter, by john Hornby, or by some other person.	4160_14187_000052_000003	5.800	As to the other matter, I have asked Reuben, and he has no recollection of ever having made a thumb mark in blood.
4195_186236_000034_000000	6.520	"Father can hardly support his own family," said the other; "but I will talk to my mother about Uncle john when I get home, and see what she says."	4195_186236_000031_000001	2.750	"We're all three your nieces, and we'll take care of you between us.
2843_152918_000001_000014	8.760	All the qualities that I most admire in a man were clearly shown at that juncture: courage and dauntlessness, without boasting or big words.	2843_152918_000005_000004	5.530	I shouted to Hanssen to stop, and he succeeded in doing so by twisting his sledge.
625_132118_000016_000003	9.170	In the poise of his little curl crowned head did there not sit all that wild pride of being which his father had hardly crushed in his own heart?	625_132118_000006_000009	7.190	Why had not the brown of his eyes crushed out and killed the blue?--for brown were his father's eyes, and his father's father's.
3857_182317_000025_000004	8.020	"We attain no power over nature till we learn natural laws, and our lordship depends on the adroitness with which we learn and conform."	3857_182317_000004_000005	3.070	And we have betrayed them by making under simians of them.
4397_15678_000002_000004	5.830	A little of everything in the woods is stuck fast to these loggers, and their trousers grow constantly thicker with age.	4397_15666_000009_000000	5.950	I have seen many a glorious sunset beneath lifting storm clouds on the mountains, but nothing comparable with this.
5652_39938_000020_000001	7.500	This power is the act of attention. An attention which is trained and disciplined can hold its ideas against chance impulses.	5652_19215_000001_000000	7.770	CHAPTER six-THE TWO OLD MEN DO EVERYTHING, EACH ONE AFTER HIS OWN FASHION, TO RENDER COSETTE HAPPY
2518_154826_000011_000001	8.550	The boy looked frightened, and made as if he would run off, but Elzevir passed him the time of day in a civil voice, and he stopped and gave it back.	2518_154826_000017_000000	7.550	'Come,' said Elzevir, 'give me a charge or two, and there is half a crown for thee.' And he took the coin out of his pocket and showed it.
839_130898_000036_000003	3.180	Another cable was put down under better conditions.	839_130898_000059_000004	8.900	On september fifth seventeen eighty one, under the Count de Grasse, it took part in the Battle of Chesapeake Bay.
3526_176653_000080_000007	7.740	Down the rise and through a thicket he went, and as he approached the creek that came down past the cabin there was a shrill cry ahead of him.	3526_175658_000009_000004	7.400	I discovered, however, that there was a certain serenity of eye, and freshness of complexion, most pleasing to behold.
5463_39174_000053_000001	4.060	God has tried us with want, and for my children's sake I am glad of such relief."	5463_39173_000062_000002	5.930	He ought to know that she is a mere automaton, cold, lifeless, spiritless, and even vapid.
32_21634_000020_000002	6.340	"In the second place," he continued, "the sign doesn't mean that hunting and fishing are to be stopped.	32_21634_000011_000001	2.990	"You're not going to cut down the whole forest, I hope."
5390_24512_000054_000001	7.590	Locked up in a dead language, kept close, away from the world, they were like the jar of wheat which could not grow.	5390_24512_000054_000000	3.320	Just so was it with the Hebrew copies of God's Word.
198_126831_000033_000000	2.870	"Well, here's the key-go and see for yourself," said peter.	198_209_000019_000003	5.000	I have a great regard for him, I assure you: a gentleman like, good sort of fellow as ever lived."
2136_5147_000020_000000	3.250	'Quite well, I believe,' answered the housekeeper, drily.	2136_5143_000028_000003	5.700	We regard them first for the oracle of the dead, and find them after only the folly of the living.
8238_274553_000010_000000	9.420	Upon one occasion we had protracted our sitting until nearly daybreak, and an unusual quantity of wine had been drunk.	8238_274553_000011_000003	5.270	As a duellist he had acquired who had fallen at his hands; but they were many.
3240_131232_000031_000000	6.930	He found that the snails had appeared after the rain: that "astonished rustics had jumped to the conclusion that they had fallen."	3240_131231_000018_000009	6.930	But a whirlwind is thought of as a condition of chaos-quasi chaos: not final negativeness, of course-
1970_26100_000057_000000	5.970	"Do you remember waiting on mr Frank Woods two weeks ago last Thursday night?" I asked.	1970_28415_000027_000000	3.510	"I'll answer your question if you answer a question of mine.
696_93314_000054_000000	2.970	"Speaking professionally, I think you are wrong.	696_93314_000005_000014	8.520	He saw her three times a year, when Christmas, Easter, and Midsummer brought her to stay with an aunt, brought him home to his people for holidays.
7402_90848_000007_000001	4.210	When she did get up, she found her court waiting for her in the castle gardens.	7402_90848_000033_000000	5.300	"No," said the sailors, "but we are going to the Isles of Iron; suppose you go with us.
1116_132851_000038_000001	5.660	To her great joy he consented, bidding her set out for the city of the dwarfs and to tell them exactly what she wanted.	1116_132847_000021_000002	6.110	But the men did not know how this was to be done, and, shaking their heads over his obstinacy, left him to his fate.
6064_56165_000009_000000	4.520	"Well, you'd better talk, Brenda Barlow," broke in Nora again.	6064_300880_000074_000005	3.510	Perhaps you can tell me what's amiss with this beastly house."
7367_86737_000123_000001	5.360	Cucumetto had been there, however, by accident, as he said, and had carried the maiden off.	7367_86737_000078_000001	8.920	"Excellency," said he gravely, addressing Franz, "if you look upon me as a liar, it is useless for me to say anything; it was for your interest!"--
26_496_000022_000003	5.500	One saw his very face, and cried out what a glorious creature he was!	26_496_000023_000001	6.610	So I left them; and this appearance passed for as real as the blazing star itself.
6476_96661_000014_000002	9.450	Jason welcomed him and lodged him in the king's palace, and that day the word went through the city that the building of the great ship would soon be begun.	6476_57446_000021_000003	4.170	But when I tell her what you have just said, how glad and happy she will be!
2092_145706_000050_000002	4.960	Keep your spirits up.' And with these words he trotted quickly away.	2092_145706_000051_000001	4.150	He lay down once more on the grass and soon fell fast asleep.
5652_19215_000026_000054	2.730	Be grave in church, well and good.	5652_39938_000020_000001	7.500	This power is the act of attention. An attention which is trained and disciplined can hold its ideas against chance impulses.
40_121026_000054_000006	4.360	You say you were on the point of being made captain of the Pharaon?"	40_222_000037_000001	2.960	I will get the Bath paper, and look over the arrivals."
7190_90543_000026_000000	3.050	"I think that would entirely depend on the man's temperament, professor."	7190_90542_000014_000001	4.370	I felt convinced that the man's clothes, which were shown to me, had not been made in England.
2416_152137_000012_000006	7.860	His eyes, eagerly, hungrily, critically, swept face after face. Which one was hers?	2416_152137_000014_000000	4.420	And then, suddenly, he realised that he was attracting attention.
7302_86814_000058_000002	7.400	Benedetto, you are fallen into terrible hands; they are ready to open for you-make use of them.	7302_86814_000011_000004	3.320	"Let us horsewhip the fine gentleman!" said others.
2391_145015_000030_000000	5.200	But the stately minuet still reigned supreme; and every regular ball commenced with it.	2391_145015_000035_000008	3.190	This defence against wet and dirt is now seldom seen.
6181_216552_000052_000000	4.080	"The right of property is the most important of human institutions."...	6181_216552_000055_000000	3.030	Because justice was supposed to be its principle.
233_155990_000013_000001	5.990	It had been established by joint international agreement, but no Power had been willing to resort to it.	233_155990_000016_000001	5.030	The chief difficulty came because of Japan's demand for a money indemnity.
2836_5354_000016_000000	5.740	"Two letters," she continued, "and they are both in the same handwriting-your solicitors', I believe."	2836_5354_000077_000000	3.290	"Why did you come now?" she quietly rejoined.
6181_216552_000077_000000	5.590	Not only does occupation lead to equality, it PREVENTS property.	6181_216552_000049_000000	7.610	The history of property among the ancient nations is, then, simply a matter of research and curiosity.
3857_180923_000024_000001	3.690	The names of men of every sort and kind are found upon the rolls.	3857_182315_000018_000000	6.690	There certainly seems to be a power at work in the world, by virtue of which every living thing grows and develops.
87_121553_000247_000000	7.110	Already were Gualterotti and Importuni; And still more quiet would the Borgo be If with new neighbours it remained unfed.	87_121553_000028_000000	6.590	Dominic was he called; and him I speak of Even as of the husbandman whom Christ Elected to his garden to assist him.
2092_145706_000017_000000	4.130	Then Ferko crawled to the edge of the lake and dipped his limbs in the water.	2092_145706_000016_000001	6.630	The moon was shining brightly, and lighted him to the lake where he could bathe his poor broken legs.
6848_76049_000006_000001	2.740	That affair was all right, quite all right.	6848_252323_000056_000000	4.730	"'Is it you,' said he, with a quiet laugh, 'that accuses Pope of a bull?'
7517_100437_000010_000004	2.890	You may be worthy; I do not know.	7517_100442_000002_000000	3.490	I have often longed to be a grocer.
1069_133699_000034_000001	4.040	At the mention of mr Goodwood's name she had turned a little pale.	1069_133699_000029_000002	4.190	"What I mean is that mr Goodwood came out in the steamer with me."
8770_295462_000047_000002	8.770	I have made up my mind that this paper is to issue; that the time is come when it should issue; that the people are ready for it to issue.	8770_295463_000031_000000	8.830	About noon on the nineteenth of November, the distinguished party arrived in a procession and took seats on the platform erected for the exercises.
3486_166446_000081_000000	3.790	Came a shrill, keen wailing-louder than ever I had heard before.	3486_166446_000065_000001	6.350	I saw our Earth-I knew, Goodwin, indisputably, unmistakably that it was our earth.
458_126290_000004_000005	6.450	She went straight to the church, stole to the pot of fat, began to lick at it, and licked the top of the fat off.	458_126305_000010_000003	7.780	The others were all obliged to retire to a distance, and when the peasant looked at the priest, he recognized the man who had been with the miller's wife.
5514_19193_000045_000001	4.260	He rifled the first seven or eight cartridge boxes without much danger.	5514_19193_000041_000000	2.720	And with a single bound he plunged into the street.
103_1241_000040_000001	2.810	Have you ever imagined what it must feel like to be divinely beautiful?"	103_1241_000027_000009	2.950	I can STOP when I make up my mind to it, although it's difficult."
5322_7678_000004_000001	9.410	The morning moisture had dried up even in the forest, and myriads of mosquitoes literally covered his face, his back, and his arms.	5322_7678_000006_000000	3.640	'But what though the grass does grow?' he continued thinking.
6385_34655_000022_000006	6.530	If there was a giant, a hell hound, a minotaur, to keep the gate of this enchanted palace, I would annihilate him.	6385_220959_000007_000005	5.290	Sleeping is the state of silence; wakefulness is the state of speech.
6880_216547_000032_000002	6.710	It may be wrong for me to say it, but surely it is unfortunate for Christianity that it is true.	6880_216547_000043_000001	7.410	That the pensioner be charged, in case he should publish a second edition of his book, to omit the dedication;
7264_92316_000029_000004	3.410	At last-like most rapid developments-it exceeded itself.	7264_92314_000001_000003	6.690	The new governing Press is an oligarchy which still works "in with" the just less new parliamentary oligarchy.
8324_286683_000018_000001	3.320	You're big enough, but you're just as homely as you can be.	8324_286682_000027_000000	6.080	"You said you would give me your luck," answered Big Brother, "and everybody knows that your luck is in your tail."
5393_19219_000047_000056	4.710	Marius was fighting six months ago; to day he is married. That is well.	5393_19218_000040_000002	6.030	These be ribboned and be flowered tumbrils of mire are insulted and pardoned by the laughter of the public.
298_126790_000052_000001	8.870	But it is my lot to meet with men, daily, who are equally perverse, and who show a still more culpable disrespect for the information that flows from the lights of science."	298_126790_000074_000001	4.880	He was impelled, by a feeling that he could not conquer, however, to look Captain Lawton in the face.
7447_91187_000020_000003	5.340	An accentuation like the ringing of distant bells is frequently heard in his music.	7447_91187_000007_000006	7.520	The national tonality became to him a vehicle to be freighted with his own individual conceptions.
211_122425_000005_000002	9.470	The Guards of Monsieur the Cardinal are forever seeking quarrels with them, and for the honor of the corps even, the poor young men are obliged to defend themselves."	211_122425_000111_000000	2.890	"Bad, monsieur, bad!" replied the king; "I am bored."
3436_172162_000015_000002	5.460	Launcelot, after an easy victory, only doomed him to be carted in his turn.	3436_172171_000006_000000	9.300	Then Perceval returned to his mother, and said to her, "Mother, those were not angels, but honorable knights." Then his mother swooned away.
125_121342_000014_000000	3.700	Answer.--That I have about twenty four dollars to my name.	125_121124_000050_000001	6.950	Please pay to my order, from the fund deposited by me, the sum of a million, and charge the same to my account.
4088_158079_000152_000001	5.950	On the same afternoon a slender line of women also "soldiers of freedom"-attempted to march in Washington.	4088_158077_000087_000002	2.550	Women could not advance on drawn bayonets.
7278_246956_000004_000007	4.010	Yet there was a human soul crying out after its birthright.	7278_246956_000013_000002	4.600	So also was Leopold, but the hopes of the two were different.
87_121553_000156_000000	8.120	As through the pure and tranquil evening air There shoots from time to time a sudden fire, Moving the eyes that steadfast were before,	87_121553_000050_000000	7.510	Nathan the seer, and metropolitan Chrysostom, and Anselmus, and Donatus Who deigned to lay his hand to the first art;
4195_186237_000051_000001	2.660	And then, turning to her father, she exclaimed: "Oh, daddy!	4195_186237_000056_000001	3.040	"Between the two of us and Patsy, we ought to have no trouble at all."
6078_54013_000049_000003	3.800	After that the sky cleared once more, and, lo and behold!	6078_54007_000034_000002	8.210	You are the first, and so you shall live with me as long as I live, and after I am gone everything that I have shall be yours."
7190_90542_000011_000001	4.060	It was not found, however, and the countryside was in a state bordering on panic.	7190_90543_000006_000005	4.060	All this silver was upon the floor, also the bag of money intact.
4859_26870_000008_000000	3.660	"Nicholas, I saw it... he was to blame, but why do you...	4859_26870_000025_000006	8.640	The rest of the year life pursued its unbroken routine with its ordinary occupations, and its breakfasts, lunches, dinners, and suppers, provided out of the produce of the estate.
426_122821_000030_000003	5.230	I am thinking of you all the time. . . in the morning and at the noontide and at the twilight.	426_122822_000029_000000	4.390	Then a silence fell . . . a very creepy, uncomfortable silence.
8238_274553_000013_000003	6.030	For a moment I even fancied that I had misconceived him, and that he was in sober earnest.	8238_283452_000029_000001	4.050	His really electrical effects are his own inventions.
5778_54535_000012_000006	2.580	He was well scolded for this, I can tell you.	5778_54535_000013_000000	5.880	james was a tall, handsome young fellow at this time, and liked to go about to dancing parties in the evening.
60_121082_000007_000002	3.050	At that moment a hand touched his shoulder.	60_121082_000087_000000	5.480	"Since you interest yourself in my affairs, I think it is now my turn to ask you some questions."
150_126107_000007_000005	2.730	It was, in fact, the princess laughing.	150_126112_000038_000000	3.210	"There, then," said she, holding out the wine to him.
2136_5143_000002_000004	6.430	She was devouring all that was passing there. I drew back into the shadow with a kind of disgust and horror.	2136_5143_000026_000000	6.070	'I am fatigue-maybe you will read it aloud to me slowly and solemnly, my dearest Maud?'
1363_139304_000015_000001	3.720	This he wrapped about him and sat down again, trembling.	1363_139304_000009_000005	5.990	Quite suddenly he rolled over, stared for a moment, and struggled into a sitting position.
412_126975_000078_000000	2.940	"He was?" called Fischer inquiringly.	412_126975_000086_000000	7.300	The green branch on which the glittering figure swung, rustled as if in astonishment; but the voice went on:
7402_59171_000005_000006	3.700	But this is only the Billingsgate of our exasperation.	7402_90848_000027_000001	7.780	"No, I have n't seen your half hour; I would n't tell you if I had; what's more, I don't want to see it.
8226_274369_000007_000005	7.070	But the tide of popularity seized many, and carried them wide of the most established maxims of civil policy.	8226_274371_000040_000008	8.730	From the mixed character, indeed, of Charles, arose in part the misfortunes in which England was at this time involved.
6454_107462_000008_000004	6.960	He would wait until the bar was deserted by all but the one lingering victim whom his trained eye had picked out.	6454_120342_000019_000000	9.140	rather a favorite,--quicker and more to the childish taste perhaps than the other,--and with another "Merry Christmas" we were off again.
7780_274562_000005_000007	3.830	Thus the usual track of supposition was thoroughly broken up.	7780_274562_000003_000003	6.640	He admitted but four unvarying laws, or rather elementary principles, of Bliss.
211_122442_000035_000000	4.290	"Yes, but I thought perhaps you had worn out all your courage the first time."	211_122442_000029_000000	2.640	"You will take your musketoon and your pistols."
5339_14134_000092_000008	4.350	Yet once again-'Good by, Sylvie, and God bless yo'!	5339_14134_000016_000002	4.830	He said little; but what he did say was to the point, and satisfied both brothers.
5393_19219_000011_000005	5.190	That there should be any unhappy men is, in sooth, a disgrace to the azure of the sky.	5393_19218_000041_000001	6.750	The carriage load of masks caught sight of the wedding carriage containing the bridal party opposite them on the other side of the boulevard.
8580_287364_000016_000000	3.880	"Bless my powder horn!" exploded mr Damon.	8580_287364_000006_000000	3.430	"Bless my tomato sauce!" exploded mr Damon.
1455_138263_000023_000000	3.820	"And I answer in the negative," continued Barbicane.	1455_138263_000034_000001	8.580	I ask the honorable commission, if the moon is not habitable, has she ever been inhabited, Citizen Barbicane?"
4362_15663_000003_000002	8.250	When I said that I was simply taking a walk, and that icy Shasta was my mark, I was invariably admonished that I had come on a dangerous quest.	4362_15663_000029_000001	5.350	The mealy snow sifted into the folds of our clothing and in many places reached the skin.
4267_287369_000033_000001	3.200	"I hope lightning doesn't strike around here."	4267_287369_000021_000000	8.400	"No," replied mr Parker, calmly, "but there is every indication that we will soon have a terrific electrical storm.
6529_62554_000029_000000	4.050	"But, Pencroft," answered Spilett, "you are describing a picture of the Creator."	6529_62554_000036_000001	7.860	Before putting their project of exploring the yet unknown parts of the island into execution, they wished to get all possible work finished.
446_123502_000006_000000	2.870	With the exception of their ornaments all were naked.	446_123501_000004_000002	7.880	No water, and no other vegetation than the moss was in evidence, and as I was somewhat thirsty I determined to do a little exploring.
2289_152258_000041_000000	4.790	Within this enclosure is a famous building called the "Ka'a ba," or cube.	2289_152258_000033_000003	6.410	He marched against Mecca with an army of ten thousand men, and the city surrendered with little resistance.
4297_13009_000058_000001	4.230	But I did have some pleasure in proposing it to him because I thought that it would please you."	4297_13009_000025_000000	7.680	"Silverbridge is older now than I was then, and I think that makes it a very long time ago." Lord Silverbridge was the Duke's eldest son.
7402_90848_000041_000001	8.050	Strange to say, not a living creature was to be seen, and though there were lights in the castle, there was not even a warder at the gate.	7402_90848_000026_000000	8.020	Another day the simpleton encountered a tall, dark, fierce kind of fellow, who answered his polite question with a scream of rage.
8468_294887_000006_000000	5.670	In eighteen thirty four, I think, was the first rioting, the sacking of mr Tappan's house, in Rose Street.	8468_286673_000023_000001	4.900	Next the other great animal took him and turned him over and rapped on his shells and stared at him.
3436_172171_000005_000008	3.420	"What is this?" demanded Perceval, touching the saddle.	3436_172171_000008_000005	7.050	Just then, behold, Perceval entered the hall upon the bony, piebald horse, with his uncouth trappings.
6563_63821_000003_000006	8.150	He could show you a newspaper of almost every month-nay, almost every week, since newspapers were first published in America.	6563_285357_000003_000000	6.580	The trials with this vessel commenced on november thirtieth nineteen o five, but ill luck had not been eluded.
298_126791_000047_000000	7.560	"He has duties that require his presence elsewhere; the English are said to be out by the way of the Hudson, and they give us light troops but little rest.	298_126791_000008_000001	9.100	The morning found them all restored, in some measure, to their former ease of body, with the exception of the youthful captain of dragoons, who had been so deeply regretted by Dunwoodie.
1455_134435_000007_000006	2.700	They both expected her to make trouble but were mistaken.	1455_134435_000014_000007	3.940	When he awoke at dawn the barnyard back of the house also awoke.
3436_172162_000013_000004	4.430	He seized the first he found unoccupied and was left undisturbed.	3436_172171_000010_000008	3.830	But for all that, the man did not break off his discourse with Perceval.
3664_178355_000006_000001	4.040	Comstock was mounted on one of his favorite horses, while I rode old Brigham.	3664_178355_000021_000002	7.680	On the fourth mile his rider let him out, and arrived at the hotel-the home station-in Wyandotte a long way ahead of his fastest competitor.
2911_15084_000009_000000	5.950	The Jesuits saw their hopes struck down; and their faith, though not shaken, was sorely tried.	2911_7601_000006_000004	8.230	To think that there I was, opening the door, little by little, and he not even to dream of my secret deeds or thoughts.
8838_298546_000052_000000	3.810	"Well, there is no prettier country when once you are past the iron works.	8838_298545_000029_000000	3.310	Montgomery gladly made it up and handed it to the miner.
3235_28433_000009_000002	9.100	There were several Swedish missionaries; one, a zealous young woman from San Francisco, going to the Swedish Mission at Golovin Bay.	3235_28433_000007_000002	2.680	Of these thirty five were women.
229_130880_000054_000000	4.500	Ned and Conseil took seats on a couch, and right off the Canadian said to me:	229_130880_000010_000001	5.190	I found it by the ninth parallel off the northwestern shores of Ceylon.
4397_15666_000009_000006	3.750	Then came darkness, and the glorious day was done.	4397_15678_000013_000003	6.450	Orange lilies are plentiful, and handsome shining mats of the kinnikinic, sprinkled with bright scarlet berries.
5022_29411_000014_000007	3.400	Both, I have no doubt, at your age. Good bye."	5022_29405_000063_000001	3.330	On this ground, I declined to answer any more questions.
1088_129236_000008_000009	3.310	It is the dawn of civility and grace in the coarse and rustic.	1088_134315_000053_000001	2.540	George Gathercole, Junior Travellers' Club."
6836_61803_000018_000001	3.790	No one expects him to do so-save to his Maker.	6836_61803_000037_000000	2.870	"No!" he replies, "I have not.
6272_70171_000002_000001	7.290	From its open sides I looked out on a tranquil, agreeable landscape; there was nothing saline in the atmosphere.	6272_70171_000025_000000	3.430	"Mother," I said afterward, "I am afraid I am an animal.
4195_186237_000010_000001	5.680	And surely," he added, his voice falling tenderly, "my dear Violet's brother must be my own.	4195_186237_000067_000000	2.620	"Seven dollars and forty two cents," she announced.
2952_410_000046_000002	5.610	So he made up his mind to take back the head to the place from which it had come, and to bury it with its body.	2952_408_000021_000004	3.930	I am ashamed!--I am very much ashamed!--I am exceedingly ashamed!"
1098_133695_000044_000000	3.450	mrs Touchett gave a little look of despair and sat down again.	1098_133695_000013_000002	7.790	He wondered whether he were harbouring "love" for this spontaneous young woman from Albany; but he judged that on the whole he was not.
4014_186176_000008_000001	3.470	I was groping my way along when I thought I heard steps just ahead of me.	4014_186183_000040_000000	4.730	Four American planes sailed off and upward to meet the oncoming German air armada.
4018_103416_000043_000002	5.240	Then she sent the maid away and herself cautiously closed the door into Clayton's room.	4018_103416_000064_000001	3.310	"I don't think we've got spine enough to get into the mix up, anyhow.
3526_175658_000005_000001	7.460	I had been so taken up with the contemplation of the pretty little salon that I had not noticed the entrance of a person into the larger room.	3526_176653_000039_000000	5.390	"How are you?" The giant's heavy eyes lifted quickly, but he spoke to the girl.
911_130578_000003_000006	3.620	"Did you think, Grannie, that you could bite my iron bow and arrows?"	911_128684_000025_000000	3.570	Our body itself is the palmary instance of the ambiguous.
2514_149482_000025_000005	6.090	She would like-Milly had had it from her-to put Kate Croy in a book and see what she could so do with her.	2514_149482_000023_000004	6.820	If she actually missed, at any rate, mrs Stringham's discomfort, that but showed how her own idea held her.
198_209_000019_000002	2.980	Stout, active-looks as young as his son.	198_209_000023_000000	6.090	"And what do you think I said?"--lowering his voice-"well done, general, said I; I am quite of your mind."
7800_283492_000016_000000	4.050	Frank noticed that the head had disappeared from alongside the open door.	7800_283478_000006_000001	2.670	"He must have seen us in the fight, and that settles it.
4830_25904_000007_000001	8.360	All looked and acted so like cats that I wasn't at all surprised to hear one of them purr when the keeper scratched her head.	4830_25898_000034_000001	5.470	Come at once, for night is coming on, and the snow will soon be too deep for us,' said Blot.
5703_47198_000042_000000	3.070	"Not from you." Juliet put her arm through his.	5703_47198_000066_000006	9.050	She was prepared for anything, or so she said to herself, however astounding; and, that being so, she was excited in proportion.
5339_14134_000019_000000	5.330	When he was once more behind the counter, he had leisure enough for consideration as far as Coulson could give it him.	5339_14133_000013_000001	5.890	Coulson's face was pale with anger, but for a moment or two he seemed uncertain whether he would reply or not.
1355_39947_000024_000010	3.720	Not less injurious than the strong drinks are the cards.	1355_39947_000024_000011	6.700	All gambling from the child's play to the stock exchange is ruinous for the psychophysical equilibrium.
7447_91186_000003_000005	7.930	Its box like case was first placed on a table, later on its own stand, and increased in elegance.	7447_91186_000018_000001	5.550	Without great creative genius, he occupied himself chiefly with the technical problems of the pianoforte.
1926_147979_000013_000008	3.450	He thought about that, but he pulled in his other foot.	1926_147987_000010_000001	5.300	I was only half awake, but I decided that he might take the Cutters' silver, whoever he was.
3607_29116_000052_000002	2.770	What we want abroad is good examples of the national character.	3607_29116_000015_000000	4.110	"Oh, no I told him you were daft about the negro and the philanthropy part of it, as you are."
4481_17499_000065_000004	3.440	Really, it's an ill wind that blows no good!	4481_17499_000029_000002	4.640	If so, take first train to New York, where I will look after your outfit.
4137_11702_000077_000000	4.720	"Well, well," said the King at the end of it, when he had received their tribute of admiration.	4137_11701_000064_000000	4.820	"It wasn't in the least compromising," protested Udo indignantly.
6000_55211_000068_000000	4.110	"I beg your pardon, of course," she said in a voice that was bitterly quiet.	6000_55211_000082_000006	2.530	It was the man who said this, not the collector.
7635_105409_000030_000000	4.850	"You think?--You? . . ." said Chauvelin, almost choking with fury, "and you let them go . . ."	7635_105661_000011_000001	6.750	The ecclesiastical privileges, during barbarous times, had served as a check on the despotism of kings.
8465_246943_000027_000000	3.990	But Leopold seemed not to hear a word she said, and lay with his face to the wall.	8465_246940_000007_000001	5.960	"Such things sometimes arise merely from the state of the health, and there the doctor is the best help."
7278_91083_000015_000005	4.190	The yearly profits, it is stated, have been four hundred thousand dollars.	7278_246956_000006_000001	5.010	And the snake said: "Why, then, did he not speak like that to my Leopold?
196_122152_000006_000004	7.980	This had not been a common affair, everything in it had been of the utmost importance, and fortunately he remembered everything.	196_122159_000014_000011	3.700	I wanted it: it is the very thing I wanted-there.
3664_178366_000003_000002	8.570	He said that General Sheridan and himself had had some conversation about the matter, and if I wanted a commission, one could easily be procured for me.	3664_11714_000047_000000	3.210	"Impossible, impossible!" murmured Lorenzo.
909_131044_000015_000005	4.390	In governments purely republican, this tendency is almost irresistible.	909_131041_000012_000002	8.520	But the precautions which have been so happily concerted in the system under consideration, promise an effectual security against this mischief.
6563_285357_000004_000004	5.760	A strong wind caught her during the night and she was speedily reduced to indistinguishable scrap.	6563_285357_000008_000000	6.780	It was a catastrophe that would have completely vanquished many an inventor, but the Count was saved the gall of defeat.
1841_159771_000014_000002	3.800	But no Meadow Mouse will ever venture out of doors if you're going to whistle."	1841_159771_000015_000000	3.730	"I forgot," said Simon Screecher once more.
7505_83618_000003_000002	3.720	We cannot be too cautious in adopting such a conclusion.	7505_258964_000016_000003	8.150	The world in this way becomes more and more a great workshop, better and better adjusted to man's wants.
8629_261139_000034_000003	7.200	The expected guests had failed to arrive, and he, tired out with waiting, had fallen into a doze at the board.	8629_261140_000008_000000	6.910	"It is a sacred story to me, and if you must know it, let it be from her own words in the letters she left behind her.
6415_100596_000031_000000	3.770	A few weeks later she found a second note on her door block:	6415_100596_000053_000000	5.400	The next morning's mail brought a bunch of violets and an apology from Kate Ferris.
7078_271888_000109_000002	8.700	A stray copy of an English newspaper containing a notice of his work, which Dick picked up in a hotel, however, caused him to return.	7078_271888_000122_000000	5.250	"Ah, here's the Countess!" exclaimed the millionaire, stepping forward to introduce us.
839_130898_000053_000000	7.270	Some minutes later it stopped at a depth of eight hundred thirty three meters and came to rest on the seafloor.	839_130898_000017_000001	3.420	"Why, I thought cod were flat, like dab or sole!"
1963_142393_000014_000005	4.350	And now he began to fear lest he should startle her too much.	1963_142393_000004_000003	4.480	And I've no right to be impatient and interrupting her with my wishes.
7067_76048_000033_000000	4.940	"I am tired of following little motives that are like flames that go out when you get to them.	7067_76048_000073_000003	4.930	This masculinization idea had also sent her on a commission of enquiry into Mexico.
7312_92432_000006_000002	3.810	She received me with much kindness, and thus an acquaintance commenced.	7312_92432_000009_000005	9.330	It was not to be expected, she said, that he could escape the dangers of another night, such as the last; and therefore it was her intention to remain with him, and share his fate.
233_155990_000013_000014	7.590	I no less emphatically insist that it is our duty to keep the limited and sensible arbitration treaties which we have already made.	233_155990_000011_000006	7.230	Down at bottom their temper is such that they will not permanently tolerate injustice done to them.
7402_59171_000017_000000	8.860	In Shaw's work we find few studied jests, few epigrams even, except those which are the necessary outcome of the characters and the situations.	7402_59171_000020_000003	4.290	He has derided them with both an artistic and a moral energy.
3440_171009_000031_000000	5.080	"No, I haven't; I can't build a house with those," Flora said, with another sob.	3440_171009_000021_000001	3.260	I am too big for that; they are very nice for little children."
6147_34605_000007_000003	3.520	The ancient comparison of flesh to marble is absolutely false.	6147_34607_000003_000002	4.090	She was gay, kindly, august-to a certain extent.
909_131044_000015_000002	6.260	It is one thing to be subordinate to the laws, and another to be dependent on the legislative body.	909_131041_000013_000000	7.150	Nothing was more to be desired than that every practicable obstacle should be opposed to cabal, intrigue, and corruption.
6367_74004_000022_000000	6.880	Then all at once Sylvia said softly, with her eyes cast down, "I received your letter, mr Osborne."	6367_65536_000019_000001	5.430	The stars came out singly and crystal clear over the far purple curves of the hills.
2002_139469_000021_000006	7.020	We had many foreign friends whom we eagerly sought out, and relieved from dreadful penury.	2002_139469_000011_000002	9.220	Nations, bordering on the already infected countries, began to enter upon serious plans for the better keeping out of the enemy.
7113_86041_000045_000000	6.910	So saying he would have drawn aside her veil; but the princess only held it more closely about her.	7113_86041_000021_000000	8.270	Almost before the gnome had finished, the disappointed princess turned away, and marched off to her own apartments, without deigning to answer him.
403_128339_000010_000008	4.030	Under the President sat Doctor Manette, in his usual quiet dress.	403_126855_000031_000002	5.150	I am afraid we are going to be taken back to prison again." And he began to weep.
4362_15663_000023_000002	3.940	The hail gave place to snow, and darkness came on like night.	4362_15663_000031_000002	6.160	Life is then seen to be a fire, that now smoulders, now brightens, and may be easily quenched.
2391_145015_000034_000001	2.650	Of course, they cannot be universally applicable.	2391_145015_000022_000001	4.940	It was appropriated to solid food, rather than to flowers, fruits, and decorations.
8088_284756_000032_000000	3.320	We were standing at one side of the pool, near the center.	8088_284756_000194_000000	5.640	Still in our bathing suits we waded out into the ocean, until the waves splashed against our faces.
3857_182315_000030_000000	8.600	But they carry it so far, they have few or no political rights. An ant doesn't have the vote, apparently: he just has his duties.	3857_180923_000018_000000	5.920	Corporal Edward c Hopson, a graduate of Trinity in eighteen sixty four, was killed at Cedar Creek.
5561_41616_000055_000000	2.530	"What did ruth say to them?" asked Grace curiously.	5561_39621_000046_000000	7.140	"Parry," said the young man, "I have reached this place through a thousand snares and after a thousand difficulties; can you doubt my energy?
6563_285357_000007_000006	2.760	A sudden squall struck the unwieldy monster.	6563_285357_000001_000005	4.430	So soon as one trouble was overcome another made itself manifest.
696_93314_000008_000000	3.290	"Don't!" he said tenderly, "don't worry.	696_93314_000029_000000	6.410	"I won't give you up just because you're ill," she said; "why, you want me more than ever!"
412_126975_000073_000001	3.060	"Come on!" he cried in quite unusual excitement.	412_126975_000034_000004	5.250	"Any of you gentlemen mr Blount?" he asked, and held forward a letter doubtfully.
6529_62554_000064_000003	6.440	It seems to me that these ruffians have no right to any pity, and that we ought to rid the island of them as soon as possible."	6529_62554_000030_000000	4.090	"Possibly, mr Spilett," replied the sailor, "but that is how I imagine him!"
7178_34644_000106_000007	3.700	You believe yourself a player; you are a senator.	7178_34645_000005_000001	2.940	The queen immediately took the matter into consideration.
1963_142393_000004_000004	5.530	She's told me what her mind is, and she's not a woman to say one thing and mean another.	1963_142776_000037_000001	5.370	Put in the oysters, stir well, but do not let it boil, and serve very hot.
8063_274115_000005_000001	7.540	In the midst of his despair, he approached Porthos, who blocked up the whole of the passage leading from the back shop to the shop itself.	8063_274116_000032_000001	9.430	Porthos's heart began to expand as he said, "I am hungry," and he sat himself beside Madame Truchen, whom he looked at in the most killing manner.
2002_139469_000013_000000	6.300	These were questions of prudence; there was no immediate necessity for an earnest caution.	2002_139469_000020_000001	7.990	These tidings were at first whispered about town; but no one dared express aloud the soul quailing intelligence.
839_130898_000043_000002	7.640	Ned Land (who promptly reappeared after we hugged shore) never stopped questioning me. What could I answer him?	839_130898_000036_000003	3.180	Another cable was put down under better conditions.
1040_133433_000153_000000	2.670	"My name is peter Pan," he told her.	1040_133433_000157_000000	9.080	When Wendy returned diffidently she found peter sitting on the bed post crowing gloriously, while Jane in her nighty was flying round the room in solemn ecstasy.
5652_39938_000002_000003	3.590	Moreover there the technique may be more complex and subtle.	5652_39938_000020_000008	4.050	Only the nervous system cannot so easily be adjusted to the new regime.
458_126305_000004_000000	7.390	There was a certain village wherein no one lived but really rich peasants, and just one poor one, whom they called the little peasant.	458_126294_000009_000000	3.780	Then the cook sent three servants after them, who were to run and overtake the children.
3982_178459_000021_000000	3.600	"Bibbs, look at me!" Her voice was loud and clear.	3982_182255_000049_000006	6.790	Of course we knew what they wanted. They meant us to hand them over fifty dollars each to stuff into their rascally pockets."
7511_102420_000018_000000	6.690	We had lunch, and the men covered the elk with pine boughs to keep the camp robbers from pecking it full of holes.	7511_102419_000006_000003	8.740	The mountains on one side were crested; great crags and piles of rock crowned them as far as we could see; timber grew only about halfway up.
118_47824_000089_000001	9.210	His black clothing, relieved only by narrow edges of white cuffs between the sleeves and the heavy mourning gloves, fitted with solemn harmony into the landscape and Bobby's mood.	118_124588_000010_000001	4.620	Squire Harrington was especially active, and left no stone unturned to unravel the mystery.
5390_30102_000003_000000	6.260	Louise Merrick was the eldest of Uncle John's nieces, having just passed her eighteenth birthday.	5390_24512_000046_000003	7.850	If, after your copy has itself been examined, three corrections have to be made, that copy must be destroyed.'
8465_246947_000031_000007	3.150	I wish you liked him better!--but you will in time.	8465_246947_000041_000002	8.860	When a man is going to the bottom as fast as he can, and another comes diving after him-it isn't for me to say how he is to take hold of me.
5390_24512_000024_000001	4.580	But a furious madness had possessed the people, and they refused to yield.	5390_30102_000003_000000	6.260	Louise Merrick was the eldest of Uncle John's nieces, having just passed her eighteenth birthday.
254_145458_000014_000006	8.630	It may have been so; but, fortunately, our efforts to be funny in the Saki manner have not survived to prove it.	254_12312_000004_000005	5.200	The suborners of men are the makers of matches, which are commonly friends.
6454_93938_000023_000001	6.610	But the next step revealed the object, for the lawyer then asked for a search warrant to look for stolen property.	6454_107462_000023_000001	6.570	They found it when they let the bucket down, but I wasn't his accomplice at all, 'twas only connivance with me!"
1040_133433_000157_000000	9.080	When Wendy returned diffidently she found peter sitting on the bed post crowing gloriously, while Jane in her nighty was flying round the room in solemn ecstasy.	1040_133433_000056_000000	6.280	Michael believed longer than the other boys, though they jeered at him; so he was with Wendy when peter came for her at the end of the first year.
4441_76262_000061_000000	2.870	"Hadn't we better stop talking nonsense now and be off?	4441_76263_000111_000001	3.410	"If you are not back with the money by then, I'll set the police on your track."
1034_121119_000010_000006	7.490	She would invoke the past, recall old recollections; she would supplicate him by the remembrance of guilty, yet happy days.	1034_121119_000028_000001	8.080	She had not long to wait; directly afterwards the door was opened wide enough to admit her, and when she had passed through, it was again shut.
8975_270782_000021_000000	5.310	Let us sum up what our plunge into child psychology has given us toward the understanding of the dream.	8975_270782_000021_000005	4.650	But it is only a deceptive appearance by which we have allowed ourselves to be frightened.
1447_17506_000024_000000	2.550	"That I cannot tell you, Signor Merrick."	1447_17506_000029_000001	2.550	Here is our record of nobility.
7447_91186_000017_000004	7.690	His noble technique, based on his profound study of the Bachs, was spiritualized by his own glowing fancy.	7447_91187_000022_000000	8.100	Unquestionably the poetry of Chopin is of the most exquisite lyric character, his leadership is supreme.
4214_7146_000052_000002	2.900	The stars in their courses fight against me, Marilla.	4214_7146_000023_000000	6.390	Diana poured herself out a tumblerful, looked at its bright red hue admiringly, and then sipped it daintily.
4640_19188_000021_000015	2.550	That is deserting one's family.	4640_19187_000022_000007	7.940	The lofty house which formed the back of the barricade, being turned to the East, had upon its roof a rosy reflection.
1355_39947_000023_000000	4.440	Few factors are more influential in all these directions than the administration of law.	1355_39947_000022_000005	5.970	Every society which allows successes to superficiality diminishes its chances for mental health.
6437_66173_000027_000006	6.610	The occasion may come round, when a decent proficiency in one or the rest of these accomplishments will be of service to you.	6437_66173_000033_000001	6.430	Escorted by two or three of the schoolfellows, I walked home through the pleasant autumn twilight, battered but triumphant.
4397_15666_000007_000001	7.970	City Creek, coming from its high glacial fountains, enters the streets of this Mormon Zion pure as an angel, but how does it leave it?	4397_15678_000005_000001	8.520	Like young sapling sequoias, they are sending out their roots far and near for nourishment, counting confidently on longevity and grandeur of stature.
1116_137572_000030_000007	4.870	How, then, can you hope to keep your affection from disappearing altogether if it has already begun to wane?	1116_137572_000017_000002	2.840	All this must be taken into account in making decisions.
6081_41998_000029_000001	4.330	This simple formula of politeness brought a faint smile to his lips.	6081_42010_000031_000001	5.170	She loves that rascal intensely, and he has a wonderful influence over her.
6454_107462_000008_000004	6.960	He would wait until the bar was deserted by all but the one lingering victim whom his trained eye had picked out.	6454_107462_000036_000000	3.340	"Nature, I s'pose!" replied the white haired widow.
5104_33406_000105_000000	3.750	"It is a very white Greenland, but men will like the sound of it.	5104_33407_000035_000000	2.610	The men were hungry and set about building a fire.
233_155990_000013_000004	7.140	On the recommendation of john Hay, I succeeded in getting an agreement with Mexico to lay a matter in dispute between the two republics before the Hague Court.	233_155990_000011_000004	3.680	In international affairs we are a short sighted people.
8630_305213_000003_000002	7.990	Would it be possible for her, even if she practised the strictest economy, to keep him at Carthage, where he was doing so well?	8630_305212_000012_000000	3.380	Augustine was eager for knowledge and eager for enjoyment.
7067_76048_000070_000000	5.770	Her views about America and about her own place in the world seemed equally fresh and original to Sir Richmond.	7067_76048_000054_000000	3.310	"You have some sort of work cut out for you," she said abruptly.
7190_90543_000009_000000	4.130	Of course the thieves might have been disturbed, but there were certain points against this idea.	7190_90542_000093_000000	5.800	We crept forward and concealed ourselves among the scrub vegetation which grew in that part of the pit which was open to the sky.
3112_9555_000017_000000	4.740	After a while my brother left Winchester and accompanied my father to America.	3112_9554_000009_000001	3.020	Blackwood and Sons in eighteen eighty four.
2002_139469_000010_000003	6.160	Could we domesticate a cub of this wild beast, and not fear its growth and maturity?	2002_139469_000012_000000	8.410	That the plague was not what is commonly called contagious, like the scarlet fever, or extinct small pox, was proved.
7059_77897_000007_000001	4.060	"As mrs Wilmington's old friend, you will have the greatest influence with her."	7059_77900_000013_000000	6.150	Annie now looked at it with that irresolution of hers, and Lyra commanded: "Get right in.
4051_11218_000037_000002	5.970	She clapped her hands for joy, and beckoning him to make haste, disappeared among the duskiness of the trees.	4051_11218_000009_000002	6.300	Could you help smiling, Prince Jason, to see the self conceit of that last fellow, just as he tumbled down?"
1867_154075_000018_000000	8.780	A moment of pause had come, a pause which, in the imagination of Ronicky, was filled with the approach of both the men toward the door of the closet.	1867_148436_000010_000000	2.530	"Listen; I'm all for old man Drew.
7264_92310_000004_000004	8.480	He would prefer to retain his income, persuade his readers to buy poison, and remain free (personally) from touching the stuff he recommended for pay.	7264_92314_000015_000002	2.760	It prevents the just criticism of public servants.
150_126107_000033_000000	4.780	The princess did not appear to understand him, for she retorted his question:--	150_126112_000029_000000	2.950	"Well?" said she, without looking round.
5703_47198_000047_000002	8.720	What she would do without Juliet to help her in preparing for them, she did not know, but at least it was obvious that some one must be there to receive his guests.	5703_47198_000047_000000	9.100	Lady Byrne declared that it was impossible for her to do so: she had engagements, she said, for every day of the following week, which it was out of the question to break.
3440_171009_000024_000000	2.680	"Agreed!" said the others, "let's have a game."	3440_171009_000029_000000	7.310	"Oh! Enna, won't you give them back?" said Elsie, coaxingly; "you know Flora is a visitor, and we must be very polite to her."
374_180299_000019_000002	4.770	For a whole month there was not a day when Marguerite had not eight or ten people to meals.	374_180299_000037_000003	4.650	No more barriers, my Marguerite; we love; what matters all the rest?"
4397_15668_000008_000000	8.440	After climbing about a thousand feet above the plain I came to a picturesque mass of rock, cropping up through the underbrush on one of the steepest slopes of the mountain.	4397_15668_000005_000000	8.900	While standing at their feet, the other day, shortly after my memorable excursion among the salt waves of the lake, I said: "Now I shall have another baptism.
5322_7680_000042_000005	4.770	He was so fond of everybody and especially of Lukashka that night.	5322_7679_000018_000005	3.620	That look expressed not hatred but cold contempt.
4441_76250_000083_000003	4.110	I guarantee such and such a sum; I must pay it-that's clear!"	4441_76263_000105_000000	4.470	"Don't do it, Falk," said Olle; "it'll end badly, there'll be trouble."
6836_61803_000051_000002	2.500	Nor am I going to deny who it was.	6836_61803_000044_000003	7.650	I did take his life, as I've told you. You are all asking why, and conjecturing about the motive.
8419_293469_000005_000003	5.730	Perhaps I ought to say, 'like any other Tadpole,' for, of course, I began life as a Tadpole.	8419_293473_000013_000003	4.040	The Tree Frog was also out, sitting in a cool, damp corner of the grass rows.
4853_29413_000015_000001	2.870	If I hadn't kept my temper, I might have killed him."	4853_29413_000026_000001	3.640	"I didn't dare speak to you about it; you wouldn't have believed me.
6848_252323_000025_000000	2.900	"Or a song would be better," observed another.	6848_76049_000014_000000	2.640	Old Grammont dozed off into dreamland.
6563_285357_000003_000000	6.580	The trials with this vessel commenced on november thirtieth nineteen o five, but ill luck had not been eluded.	6563_285357_000007_000005	6.350	But as it approached the ground, Nature, as if infuriated at the conquest, rose up in rebellion.
909_131044_000012_000004	7.670	This remark is not less applicable to a political privilege, or honor, or trust, than to any article of ordinary property.	909_131045_000017_000000	4.180	These are some of the disadvantages which would flow from the principle of exclusion.
1867_148436_000036_000001	6.860	Having made sure that his mount was not "off his feed," Nash rolled a cigarette and strolled back to the house with the boy.	1867_154071_000011_000002	7.130	If, at the end of that time, Caroline Smith did not come out of the house across the street they could conclude that she did not stay there.
7800_283492_000023_000000	8.620	"The big coward!" muttered Bluff, clenching his fists and shaking his head, as though he would like nothing better than to get in a blow at the bully.	7800_283492_000031_000001	5.910	"If he had missed connections with that trap Teddy would have reached the skunk farm only to meet with disappointment."
6209_34599_000013_000003	3.150	He had not strength to rise even to his knees.	6209_34601_000139_000000	6.970	The arched brow of Ursus knitted and took that pointed shape which characterizes emotion on the brow of a philosopher.
3486_166446_000082_000002	5.840	Into it streamed, over it clicked, score upon score of cubes, building it higher and higher.	3486_166446_000044_000003	2.570	A new birth of Earth and the passing of man?
1183_128659_000019_000003	4.010	One of them drew a pail of fresh water and by chance brought up a small live fish.	1183_133255_000063_000000	3.460	Ask your Druggist for MIXER'S CANCER and SCROFULA SYRUP.
6563_285357_000001_000005	4.430	So soon as one trouble was overcome another made itself manifest.	6563_63821_000003_000006	8.150	He could show you a newspaper of almost every month-nay, almost every week, since newspapers were first published in America.
5390_30096_000028_000001	5.680	The other fellows were too clever for my young friend, Joseph Wegg, and knocked out his patent."	5390_30096_000052_000000	2.850	"And have a cow and some pigs!" cried the girl.
5678_43302_000061_000002	7.170	The Empire is sending him everywhere- Tobolsk, Benares, Yakutsk-everywhere; and he's been to Australia."	5678_43302_000055_000000	3.100	"No, no, my dear; you're excited and tired.
1867_154075_000080_000002	6.990	That brought a start from john Mark and a flash of eagerness, but he repressed the idea, after a single glance at the girl.	1867_148436_000021_000001	4.090	They look all right; they sound all right; but they don't mean nothin'.
8419_293469_000009_000001	4.410	There was a great red thing in the yard beside it, but I liked the white one better.	8419_293469_000008_000004	5.760	Some of the other Frogs started with me, but they stopped along the way, and at last I was alone.
4640_19187_000038_000001	4.380	He returned from his sombre eagle flight into outer darkness.	4640_19188_000025_000001	3.440	Despair, also, has its ecstasy.
7447_91186_000011_000002	6.440	His "Cat's Fugue," and his one movement sonatas still appear on concert programmes.	7447_91186_000003_000005	7.930	Its box like case was first placed on a table, later on its own stand, and increased in elegance.
6476_96661_000005_000001	2.960	No two could be more different than these two were.	6476_57446_000005_000000	5.210	"This is a curious meeting: pray, what have you been about since you left my service?
7278_104730_000005_000003	3.590	The clerk, by direction of the Speaker, thereupon called his name.	7278_91083_000011_000003	5.930	Here he remained for four years, doing his work faithfully, and to the best of his ability.
669_129061_000035_000000	3.090	Rawdon answered it was Lord Steyne.	669_129061_000030_000000	7.380	"It's about-about my wife," Crawley answered, casting down his eyes and turning very red.
8609_283227_000010_000002	9.410	People came to it from many parts of the parish, amongst whom were the families of two or three farmers of substance, while the village and its neighbourhood contributed a portion of the poorest of the inhabitants.	8609_283227_000095_000009	3.430	You and I will help each other, in proportion as we serve the Master.
2416_152139_000087_000000	5.230	Presently Jimmie Dale picked up the vial-and dropped it back on the floor again.	2416_152139_000074_000001	3.440	You understand now why-don't you?" he said under his breath.
909_131045_000017_000000	4.180	These are some of the disadvantages which would flow from the principle of exclusion.	909_131041_000013_000006	8.770	No senator, representative, or other person holding a place of trust or profit under the United States, can be of the numbers of the electors.
4397_15668_000016_000003	3.450	They are fruit rather than flower-good brown bread.	4397_15678_000006_000007	4.650	To many, especially in the Atlantic States, Washington is hardly known at all.
3214_167602_000055_000000	4.560	"Was it not fate that brought him to Bogucharovo, and at that very moment?" thought Princess Mary.	3214_167602_000016_000000	6.830	"We've been told to keep order, and that no one is to leave their homes or take away a single grain, and that's all about it!" cried another.
1624_142933_000036_000003	6.780	Farmer Brown's boy understood instantly that something was wrong with one wing, and running forward, he caught Redcoat.	1624_142933_000022_000007	3.280	Now run along, peter Rabbit, and don't bother me any more."
8098_278278_000009_000001	4.060	And Coonskin went to work gathering petrified wood for the supper fire.	8098_278278_000025_000000	4.170	Somewhere about five o'clock Pod came into camp with a good mess of trout.
2391_145015_000030_000002	9.370	It abounded in formal bows and courtesies, with measured paces, forwards, backwards and sideways, and many complicated gyrations.	2391_145015_000026_000002	6.630	A pianoforte, or rather a spinnet or harpsichord, was by no means a necessary appendage.
911_130578_000003_000003	8.160	He asked her what she was eating: "Some pulse I got from the village headman," "Give me a little to try" he begged.	911_128684_000024_000003	5.890	For then, as soon as the relations of a thing are sufficiently various it can be sorted variously.
8108_274318_000008_000009	2.800	Something from the region of utter cold was upon him.	8108_274318_000005_000008	2.530	The very foundations of his strength were shaken.
5703_47212_000022_000000	6.110	He was a tall, fair man, evidently a foreigner, but with nothing very striking about his appearance.	5703_47198_000026_000000	3.450	"What is it?" he asked, as she put the envelope into his hand.
6437_66172_000011_000010	7.620	With a merry shout the boys threw off their masks, and I was declared a regularly installed member of the r m c	6437_66172_000008_000001	4.820	The unknown voice then directed me to take ten steps forward and stop at the word halt.
3879_174923_000025_000002	4.500	If I were a priest it would be my business to do so; but I am not a priest."	3879_173592_000015_000004	5.690	Here, anchored in mid stream, they demanded a supply of corn and beans as the price of his ransom.
1363_139304_000008_000001	6.910	He supposed he was in bed in the hotel at the place in the valley-but he could not recall that white edge.	1363_139304_000014_000000	7.250	The apartment lost none of its size and magnificence now that the greenish transparency that had intervened was removed.
6272_70191_000003_000003	4.230	Veronica refused to wear the bonnet and veil and the required bombazine.	6272_70171_000002_000006	2.690	Rosville was larger and handsomer than Surrey.
911_128684_000006_000002	4.420	Here whatever is hard interferes with the space its neighbors occupy.	911_128684_000016_000000	3.160	Even the primary qualities are undergoing the same fate.
481_123720_000041_000001	3.860	But I will talk about that fellow, about that plague of mine, another time.	481_123720_000006_000001	3.570	This Zverkov had been all the time at school with me too.
839_130898_000053_000000	7.270	Some minutes later it stopped at a depth of eight hundred thirty three meters and came to rest on the seafloor.	839_130898_000007_000000	6.290	IN THE AFTERMATH of this storm, we were thrown back to the east. Away went any hope of
6531_61334_000004_000002	5.950	In consequence he came into conflict with Babylonia, but he ultimately formed an alliance with that kingdom.	6531_61334_000009_000003	8.140	When the city of Kinabu was captured, no fewer than three thousand prisoners were burned alive, the unfaithful governor being flayed.
4340_15220_000019_000000	7.370	"Now, then, what's the matter?" demanded Ben, as the other came up grinning and puffing, but full of great news.	4340_15220_000009_000002	6.540	So they lay about on the grass in the shade of the big elm, languidly discussing their various wrongs and disappointments.
298_126790_000085_000000	9.190	"I have been a tumbler from my youth, and I am past minding a few falls from a horse; but, Sitgreaves," he added with affection, and pointing to a scar on his body, "do you remember this bit of work?"	298_126791_000024_000001	5.090	You must observe quiet, and prepare for a meeting with your own sister, who will be here within an hour."
2007_149877_000005_000000	2.610	"You don't say so," would be the reply.	2007_132570_000010_000000	3.420	'What, were they disputing, then?' said Emily.
8324_286683_000012_000003	4.630	And that was what made the Muskrat father and mother stop it whenever they could.	8324_286682_000036_000001	6.920	"I always tell people," said he, "that my luck is not in my tail, and they never believe it.
831_130746_000043_000000	3.960	"Chichester Harbour." He waved his arm seaward as though it was a goal.	831_130746_000011_000004	3.670	"Leave me alone with her," he would say; "I know how to calm her."
2843_152918_000007_000007	7.690	If our progress was nevertheless slow and difficult, this was due to the wretched going, which was real torture to all of us.	2843_152918_000002_000007	5.620	It was Wisting who did this, thinking, presumably, that an extra mark would do no harm.
87_121553_000207_000000	7.320	Whence Beatrice, who stood somewhat apart, Smiling, appeared like unto her who coughed At the first failing writ of Guenever.	87_121553_000130_000000	6.660	But Beatrice so beautiful and smiling Appeared to me, that with the other sights That followed not my memory I must leave her.
3168_173564_000014_000006	5.370	She was planning something and either deciding or had already decided something in her mind.	3168_173565_000022_000005	2.800	But besides this there was something else of importance.
8088_284756_000111_000000	5.720	"Bring one of your gadgets over here, Mercer," I called across the pool. "I think I'm making progress."	8088_284756_000032_000001	9.380	Directly opposite us, seated on the bottom of the pool, was a human figure, nude save for a great mass of tawny hair that fell about her like a silken mantle.
7635_105409_000069_000000	3.430	Within a few minutes their running footsteps had died away in the distance.	7635_105409_000077_000000	3.110	"Ah! by the bye! where is the Jew?"
7447_91186_000033_000002	8.080	Thalberg, owing to his dignified repose, was caricatured as posing in a stiff, rigid manner before a box of keys.	7447_91186_000012_000000	8.140	In Germany, with grand old Father Bach, the keyboard instrument was found capable of mirroring a mighty soul.
125_121124_000068_000000	9.310	Monte Cristo replaced the notes in his pocket with that indescribable expression which seemed to say, "Come, reflect; if you repent there is still time."	125_121124_000049_000001	5.420	"Are they Spanish, Haitian, or Neapolitan bonds?" said Monte Cristo.
8797_294123_000012_000005	3.270	Nay, war itself bears fruits whereof he may pick.	8797_294123_000008_000005	3.450	They were clad in blue. Pigtails hung down their backs.
8123_275216_000046_000000	3.280	But the Old Oak took his foster children under his protection.	8123_275209_000040_000000	3.310	"How am I to learn Faith?" asked the Caterpillar.