hdfs://haruna/home/byte_data_seed/lf_lq/speech/user/chenyuanzhe/WFVAE_v2_fixtrim/librilight/chunk*/*.tar
hdfs://haruna/home/byte_data_seed/lf_lq/speech/user/chenyuanzhe/WFVAE_v2_fixtrim/rp27_99/chunk*/*.tar
hdfs://haruna/home/byte_data_seed/lf_lq/speech/user/huangzhiying.92/data/bigtts/WFVAE_v2_labv3_punc/11labs/11labsAdam_emotion_0810/chunk*/*.tar
hdfs://haruna/home/byte_data_seed/lf_lq/speech/user/huangzhiying.92/data/bigtts/WFVAE_v2_labv3_punc/11labs/11labsAdam_emotion_part2_0810/chunk*/*.tar
hdfs://haruna/home/byte_data_seed/lf_lq/speech/user/huangzhiying.92/data/bigtts/WFVAE_v2_labv3_punc/11labs/11labsSherrie/chunk*/*.tar
hdfs://haruna/home/byte_data_seed/lf_lq/speech/user/huangzhiying.92/data/bigtts/WFVAE_v2_labv3_punc_1879h/11labs/11labsAdam/chunk*/*.tar
hdfs://haruna/home/byte_data_seed/lf_lq/speech/user/huangzhiying.92/data/bigtts/WFVAE_v2_labv3_punc_1879h/11labs/11labsAdam_emotion/chunk*/*.tar
hdfs://haruna/home/byte_data_seed/lf_lq/speech/user/huangzhiying.92/data/bigtts/WFVAE_v2_labv3_punc_1879h/11labs/11labsAntoni/chunk*/*.tar
hdfs://haruna/home/byte_data_seed/lf_lq/speech/user/huangzhiying.92/data/bigtts/WFVAE_v2_labv3_punc_1879h/11labs/11labsArnold/chunk*/*.tar
hdfs://haruna/home/byte_data_seed/lf_lq/speech/user/huangzhiying.92/data/bigtts/WFVAE_v2_labv3_punc_1879h/11labs/11labsBella/chunk*/*.tar
hdfs://haruna/home/byte_data_seed/lf_lq/speech/user/huangzhiying.92/data/bigtts/WFVAE_v2_labv3_punc_1879h/11labs/11labsBella_emotion/chunk*/*.tar
hdfs://haruna/home/byte_data_seed/lf_lq/speech/user/huangzhiying.92/data/bigtts/WFVAE_v2_labv3_punc_1879h/11labs/11labsDomi/chunk*/*.tar
hdfs://haruna/home/byte_data_seed/lf_lq/speech/user/huangzhiying.92/data/bigtts/WFVAE_v2_labv3_punc_1879h/11labs/11labsElli/chunk*/*.tar
hdfs://haruna/home/byte_data_seed/lf_lq/speech/user/huangzhiying.92/data/bigtts/WFVAE_v2_labv3_punc_1879h/11labs/11labsJosh/chunk*/*.tar
hdfs://haruna/home/byte_data_seed/lf_lq/speech/user/huangzhiying.92/data/bigtts/WFVAE_v2_labv3_punc_1879h/11labs/11labsRachel/chunk*/*.tar
hdfs://haruna/home/byte_data_seed/lf_lq/speech/user/huangzhiying.92/data/bigtts/WFVAE_v2_labv3_punc_1879h/11labs/11labsSam/chunk*/*.tar
hdfs://haruna/home/byte_data_seed/lf_lq/speech/user/huangzhiying.92/data/bigtts/WFVAE_v2_labv3_punc_1879h/11labs_794speaker/017qWkp2romTP1zmugJR/chunk*/*.tar
hdfs://haruna/home/byte_data_seed/lf_lq/speech/user/huangzhiying.92/data/bigtts/WFVAE_v2_labv3_punc_1879h/11labs_794speaker/06uqYLXBjrjnDoBUDnWL/chunk*/*.tar
hdfs://haruna/home/byte_data_seed/lf_lq/speech/user/huangzhiying.92/data/bigtts/WFVAE_v2_labv3_punc_1879h/11labs_794speaker/0a8qkBrRsudYcUuwjdG0/chunk*/*.tar
hdfs://haruna/home/byte_data_seed/lf_lq/speech/user/huangzhiying.92/data/bigtts/WFVAE_v2_labv3_punc_1879h/11labs_794speaker/0daA4dwVsGAw32hO9OTx/chunk*/*.tar
hdfs://haruna/home/byte_data_seed/lf_lq/speech/user/huangzhiying.92/data/bigtts/WFVAE_v2_labv3_punc_1879h/11labs_794speaker/0EA1U1sz8Y3hbn2gME3z/chunk*/*.tar
hdfs://haruna/home/byte_data_seed/lf_lq/speech/user/huangzhiying.92/data/bigtts/WFVAE_v2_labv3_punc_1879h/11labs_794speaker/0EoLPVqUbCwhnZLYPIA4/chunk*/*.tar
hdfs://haruna/home/byte_data_seed/lf_lq/speech/user/huangzhiying.92/data/bigtts/WFVAE_v2_labv3_punc_1879h/11labs_794speaker/0FN0no998fdcvbjLpo5h/chunk*/*.tar
hdfs://haruna/home/byte_data_seed/lf_lq/speech/user/huangzhiying.92/data/bigtts/WFVAE_v2_labv3_punc_1879h/11labs_794speaker/0ibYXaXZDHxTQLgcMj01/chunk*/*.tar
hdfs://haruna/home/byte_data_seed/lf_lq/speech/user/huangzhiying.92/data/bigtts/WFVAE_v2_labv3_punc_1879h/11labs_794speaker/0MHSGHIRYR8z7vgZcsD1/chunk*/*.tar
hdfs://haruna/home/byte_data_seed/lf_lq/speech/user/huangzhiying.92/data/bigtts/WFVAE_v2_labv3_punc_1879h/11labs_794speaker/0mYCprSBIIsMbK7kuUTq/chunk*/*.tar
hdfs://haruna/home/byte_data_seed/lf_lq/speech/user/huangzhiying.92/data/bigtts/WFVAE_v2_labv3_punc_1879h/11labs_794speaker/0n58dB7CGaW1QNNTVRZ8/chunk*/*.tar
hdfs://haruna/home/byte_data_seed/lf_lq/speech/user/huangzhiying.92/data/bigtts/WFVAE_v2_labv3_punc_1879h/11labs_794speaker/0oPJGn0OBJjjgTdMAXZW/chunk*/*.tar
hdfs://haruna/home/byte_data_seed/lf_lq/speech/user/huangzhiying.92/data/bigtts/WFVAE_v2_labv3_punc_1879h/11labs_794speaker/0Ov6HZJUKRDS3TbHUL0B/chunk*/*.tar
hdfs://haruna/home/byte_data_seed/lf_lq/speech/user/huangzhiying.92/data/bigtts/WFVAE_v2_labv3_punc_1879h/11labs_794speaker/0P87JdNkDsClUDzIv363/chunk*/*.tar
hdfs://haruna/home/byte_data_seed/lf_lq/speech/user/huangzhiying.92/data/bigtts/WFVAE_v2_labv3_punc_1879h/11labs_794speaker/0QLxIZc4QtPGKUEl7Ql1/chunk*/*.tar
hdfs://haruna/home/byte_data_seed/lf_lq/speech/user/huangzhiying.92/data/bigtts/WFVAE_v2_labv3_punc_1879h/11labs_794speaker/0Sd8ji0fhWUMq3hIz1li/chunk*/*.tar
hdfs://haruna/home/byte_data_seed/lf_lq/speech/user/huangzhiying.92/data/bigtts/WFVAE_v2_labv3_punc_1879h/11labs_794speaker/11aeG1JNI2Y1E4DvCisB/chunk*/*.tar
hdfs://haruna/home/byte_data_seed/lf_lq/speech/user/huangzhiying.92/data/bigtts/WFVAE_v2_labv3_punc_1879h/11labs_794speaker/1BxDIZ1MteY5AdF02dy8/chunk*/*.tar
hdfs://haruna/home/byte_data_seed/lf_lq/speech/user/huangzhiying.92/data/bigtts/WFVAE_v2_labv3_punc_1879h/11labs_794speaker/1EMy1FIh6S3KeVgV0Hgg/chunk*/*.tar
hdfs://haruna/home/byte_data_seed/lf_lq/speech/user/huangzhiying.92/data/bigtts/WFVAE_v2_labv3_punc_1879h/11labs_794speaker/1gG2uoro74ZSSbFzkxjk/chunk*/*.tar
hdfs://haruna/home/byte_data_seed/lf_lq/speech/user/huangzhiying.92/data/bigtts/WFVAE_v2_labv3_punc_1879h/11labs_794speaker/1PJtapsy3PlPUMbBdWdo/chunk*/*.tar
hdfs://haruna/home/byte_data_seed/lf_lq/speech/user/huangzhiying.92/data/bigtts/WFVAE_v2_labv3_punc_1879h/11labs_794speaker/1SPqTBUyf9c0VRnMAgIa/chunk*/*.tar
hdfs://haruna/home/byte_data_seed/lf_lq/speech/user/huangzhiying.92/data/bigtts/WFVAE_v2_labv3_punc_1879h/11labs_794speaker/1ukI0BkpKOh7Fw7BqUJ3/chunk*/*.tar
hdfs://haruna/home/byte_data_seed/lf_lq/speech/user/huangzhiying.92/data/bigtts/WFVAE_v2_labv3_punc_1879h/11labs_794speaker/1wdyVbvBOh79MI1LSxiz/chunk*/*.tar
hdfs://haruna/home/byte_data_seed/lf_lq/speech/user/huangzhiying.92/data/bigtts/WFVAE_v2_labv3_punc_1879h/11labs_794speaker/221YYEmh12hH902uZU9j/chunk*/*.tar
hdfs://haruna/home/byte_data_seed/lf_lq/speech/user/huangzhiying.92/data/bigtts/WFVAE_v2_labv3_punc_1879h/11labs_794speaker/29BUWGXNyrm0TXN4F0c2/chunk*/*.tar
hdfs://haruna/home/byte_data_seed/lf_lq/speech/user/huangzhiying.92/data/bigtts/WFVAE_v2_labv3_punc_1879h/11labs_794speaker/2AI0hGeVvmgWTZY7Pgoi/chunk*/*.tar
hdfs://haruna/home/byte_data_seed/lf_lq/speech/user/huangzhiying.92/data/bigtts/WFVAE_v2_labv3_punc_1879h/11labs_794speaker/2BtRMDy1Olg0OEpRuOfx/chunk*/*.tar
hdfs://haruna/home/byte_data_seed/lf_lq/speech/user/huangzhiying.92/data/bigtts/WFVAE_v2_labv3_punc_1879h/11labs_794speaker/2EYgWJ9vKvL60j8ivpfI/chunk*/*.tar
hdfs://haruna/home/byte_data_seed/lf_lq/speech/user/huangzhiying.92/data/bigtts/WFVAE_v2_labv3_punc_1879h/11labs_794speaker/2fLENAa6ugmJwilC2tGe/chunk*/*.tar
hdfs://haruna/home/byte_data_seed/lf_lq/speech/user/huangzhiying.92/data/bigtts/WFVAE_v2_labv3_punc_1879h/11labs_794speaker/2gC2aEAaniBk9CaZ7hvq/chunk*/*.tar
hdfs://haruna/home/byte_data_seed/lf_lq/speech/user/huangzhiying.92/data/bigtts/WFVAE_v2_labv3_punc_1879h/11labs_794speaker/2HGc4XQXQYDiLRFLaDKE/chunk*/*.tar
hdfs://haruna/home/byte_data_seed/lf_lq/speech/user/huangzhiying.92/data/bigtts/WFVAE_v2_labv3_punc_1879h/11labs_794speaker/2RfWdDFlSavnUo9l0CXe/chunk*/*.tar
hdfs://haruna/home/byte_data_seed/lf_lq/speech/user/huangzhiying.92/data/bigtts/WFVAE_v2_labv3_punc_1879h/11labs_794speaker/2tE8Vommf35s7ZeYhHyU/chunk*/*.tar
hdfs://haruna/home/byte_data_seed/lf_lq/speech/user/huangzhiying.92/data/bigtts/WFVAE_v2_labv3_punc_1879h/11labs_794speaker/2uSzRJgdwQc3WjUY1CDz/chunk*/*.tar
hdfs://haruna/home/byte_data_seed/lf_lq/speech/user/huangzhiying.92/data/bigtts/WFVAE_v2_labv3_punc_1879h/11labs_794speaker/2ZZRLfOnWW7SeoVrOI0v/chunk*/*.tar
hdfs://haruna/home/byte_data_seed/lf_lq/speech/user/huangzhiying.92/data/bigtts/WFVAE_v2_labv3_punc_1879h/11labs_794speaker/37qCZYi9FjPtzuD1n42E/chunk*/*.tar
hdfs://haruna/home/byte_data_seed/lf_lq/speech/user/huangzhiying.92/data/bigtts/WFVAE_v2_labv3_punc_1879h/11labs_794speaker/3fd9W9BzXbDbIVZWMBU3/chunk*/*.tar
hdfs://haruna/home/byte_data_seed/lf_lq/speech/user/huangzhiying.92/data/bigtts/WFVAE_v2_labv3_punc_1879h/11labs_794speaker/3ft0v1vsleoBBEvOTAx8/chunk*/*.tar
hdfs://haruna/home/byte_data_seed/lf_lq/speech/user/huangzhiying.92/data/bigtts/WFVAE_v2_labv3_punc_1879h/11labs_794speaker/3FyxJG9pvbPmFsZ8tqZ8/chunk*/*.tar
hdfs://haruna/home/byte_data_seed/lf_lq/speech/user/huangzhiying.92/data/bigtts/WFVAE_v2_labv3_punc_1879h/11labs_794speaker/3gENv6W27n4jjy7r8iWS/chunk*/*.tar
hdfs://haruna/home/byte_data_seed/lf_lq/speech/user/huangzhiying.92/data/bigtts/WFVAE_v2_labv3_punc_1879h/11labs_794speaker/3ilmCovqt3mAyMEKNo2U/chunk*/*.tar
hdfs://haruna/home/byte_data_seed/lf_lq/speech/user/huangzhiying.92/data/bigtts/WFVAE_v2_labv3_punc_1879h/11labs_794speaker/3kUvEiGPwObUq0gUczA7/chunk*/*.tar
hdfs://haruna/home/byte_data_seed/lf_lq/speech/user/huangzhiying.92/data/bigtts/WFVAE_v2_labv3_punc_1879h/11labs_794speaker/3Ny1xRywd6rd9I1KweFy/chunk*/*.tar
hdfs://haruna/home/byte_data_seed/lf_lq/speech/user/huangzhiying.92/data/bigtts/WFVAE_v2_labv3_punc_1879h/11labs_794speaker/3oieCVzB9iQlp28gj9yX/chunk*/*.tar
hdfs://haruna/home/byte_data_seed/lf_lq/speech/user/huangzhiying.92/data/bigtts/WFVAE_v2_labv3_punc_1879h/11labs_794speaker/3rNxun3OSA3Pjf061QRB/chunk*/*.tar
hdfs://haruna/home/byte_data_seed/lf_lq/speech/user/huangzhiying.92/data/bigtts/WFVAE_v2_labv3_punc_1879h/11labs_794speaker/3RtHZPrEL3G2MNdj0g2L/chunk*/*.tar
hdfs://haruna/home/byte_data_seed/lf_lq/speech/user/huangzhiying.92/data/bigtts/WFVAE_v2_labv3_punc_1879h/11labs_794speaker/3skTyRagH78TSBw0mGuo/chunk*/*.tar
hdfs://haruna/home/byte_data_seed/lf_lq/speech/user/huangzhiying.92/data/bigtts/WFVAE_v2_labv3_punc_1879h/11labs_794speaker/3TMfqzS9InCKX6iJ2cnr/chunk*/*.tar
hdfs://haruna/home/byte_data_seed/lf_lq/speech/user/huangzhiying.92/data/bigtts/WFVAE_v2_labv3_punc_1879h/11labs_794speaker/3XIl10YctAvKDdxGcSYE/chunk*/*.tar
hdfs://haruna/home/byte_data_seed/lf_lq/speech/user/huangzhiying.92/data/bigtts/WFVAE_v2_labv3_punc_1879h/11labs_794speaker/3yJwYtOkEh7JsDKboQkE/chunk*/*.tar
hdfs://haruna/home/byte_data_seed/lf_lq/speech/user/huangzhiying.92/data/bigtts/WFVAE_v2_labv3_punc_1879h/11labs_794speaker/4gmnPD9yjdCTiGFGvF2j/chunk*/*.tar
hdfs://haruna/home/byte_data_seed/lf_lq/speech/user/huangzhiying.92/data/bigtts/WFVAE_v2_labv3_punc_1879h/11labs_794speaker/4K1WrTri4v2z1Z7xlSQx/chunk*/*.tar
hdfs://haruna/home/byte_data_seed/lf_lq/speech/user/huangzhiying.92/data/bigtts/WFVAE_v2_labv3_punc_1879h/11labs_794speaker/4KCOhnRrACLOiVdDeKz4/chunk*/*.tar
hdfs://haruna/home/byte_data_seed/lf_lq/speech/user/huangzhiying.92/data/bigtts/WFVAE_v2_labv3_punc_1879h/11labs_794speaker/4MC1GFvMNa05OtMKkFCd/chunk*/*.tar
hdfs://haruna/home/byte_data_seed/lf_lq/speech/user/huangzhiying.92/data/bigtts/WFVAE_v2_labv3_punc_1879h/11labs_794speaker/4Myi6tHq0y3SF0OeMcl0/chunk*/*.tar
hdfs://haruna/home/byte_data_seed/lf_lq/speech/user/huangzhiying.92/data/bigtts/WFVAE_v2_labv3_punc_1879h/11labs_794speaker/4nVTXpOzsnS6JYYznAA2/chunk*/*.tar
hdfs://haruna/home/byte_data_seed/lf_lq/speech/user/huangzhiying.92/data/bigtts/WFVAE_v2_labv3_punc_1879h/11labs_794speaker/4OQRLNz2ggQTmmz44X1z/chunk*/*.tar
hdfs://haruna/home/byte_data_seed/lf_lq/speech/user/huangzhiying.92/data/bigtts/WFVAE_v2_labv3_punc_1879h/11labs_794speaker/4ph93TTMhYblwL361Ioh/chunk*/*.tar
hdfs://haruna/home/byte_data_seed/lf_lq/speech/user/huangzhiying.92/data/bigtts/WFVAE_v2_labv3_punc_1879h/11labs_794speaker/4Q3Yq4TCabfwVxI78EF6/chunk*/*.tar
hdfs://haruna/home/byte_data_seed/lf_lq/speech/user/huangzhiying.92/data/bigtts/WFVAE_v2_labv3_punc_1879h/11labs_794speaker/4seqxqRQHyG7qIVgZlHq/chunk*/*.tar
hdfs://haruna/home/byte_data_seed/lf_lq/speech/user/huangzhiying.92/data/bigtts/WFVAE_v2_labv3_punc_1879h/11labs_794speaker/4ue5HLfID0LfQSvDfxaa/chunk*/*.tar
hdfs://haruna/home/byte_data_seed/lf_lq/speech/user/huangzhiying.92/data/bigtts/WFVAE_v2_labv3_punc_1879h/11labs_794speaker/4YtUuWLRv9DXQVowvpkN/chunk*/*.tar
hdfs://haruna/home/byte_data_seed/lf_lq/speech/user/huangzhiying.92/data/bigtts/WFVAE_v2_labv3_punc_1879h/11labs_794speaker/4zn90RduYX2zkJOwIIo1/chunk*/*.tar
hdfs://haruna/home/byte_data_seed/lf_lq/speech/user/huangzhiying.92/data/bigtts/WFVAE_v2_labv3_punc_1879h/11labs_794speaker/4ZPjSp8O231eVf34VjTu/chunk*/*.tar
hdfs://haruna/home/byte_data_seed/lf_lq/speech/user/huangzhiying.92/data/bigtts/WFVAE_v2_labv3_punc_1879h/11labs_794speaker/53fsOjusoADwc18gkftd/chunk*/*.tar
hdfs://haruna/home/byte_data_seed/lf_lq/speech/user/huangzhiying.92/data/bigtts/WFVAE_v2_labv3_punc_1879h/11labs_794speaker/566eVhXGXCW8jGFdtHXK/chunk*/*.tar
hdfs://haruna/home/byte_data_seed/lf_lq/speech/user/huangzhiying.92/data/bigtts/WFVAE_v2_labv3_punc_1879h/11labs_794speaker/5a8cLDiSNXv9CuhkgfNs/chunk*/*.tar
hdfs://haruna/home/byte_data_seed/lf_lq/speech/user/huangzhiying.92/data/bigtts/WFVAE_v2_labv3_punc_1879h/11labs_794speaker/5AdfP0x1isYwz3NACtWV/chunk*/*.tar
hdfs://haruna/home/byte_data_seed/lf_lq/speech/user/huangzhiying.92/data/bigtts/WFVAE_v2_labv3_punc_1879h/11labs_794speaker/5aO3iXRuCHLcPnTzhy5K/chunk*/*.tar
hdfs://haruna/home/byte_data_seed/lf_lq/speech/user/huangzhiying.92/data/bigtts/WFVAE_v2_labv3_punc_1879h/11labs_794speaker/5bugJX2LhKOctVS1ntfB/chunk*/*.tar
hdfs://haruna/home/byte_data_seed/lf_lq/speech/user/huangzhiying.92/data/bigtts/WFVAE_v2_labv3_punc_1879h/11labs_794speaker/5Daqevrv6EcAIHJERl4m/chunk*/*.tar
hdfs://haruna/home/byte_data_seed/lf_lq/speech/user/huangzhiying.92/data/bigtts/WFVAE_v2_labv3_punc_1879h/11labs_794speaker/5gWuPaRR2Sg8gwh4KlfU/chunk*/*.tar
hdfs://haruna/home/byte_data_seed/lf_lq/speech/user/huangzhiying.92/data/bigtts/WFVAE_v2_labv3_punc_1879h/11labs_794speaker/5HCclFxK6ipgP9UWANGL/chunk*/*.tar
hdfs://haruna/home/byte_data_seed/lf_lq/speech/user/huangzhiying.92/data/bigtts/WFVAE_v2_labv3_punc_1879h/11labs_794speaker/5jmTjGFMVcysrK4tkLCv/chunk*/*.tar
hdfs://haruna/home/byte_data_seed/lf_lq/speech/user/huangzhiying.92/data/bigtts/WFVAE_v2_labv3_punc_1879h/11labs_794speaker/5LDdBCG3QQeWDZaOtBkQ/chunk*/*.tar
hdfs://haruna/home/byte_data_seed/lf_lq/speech/user/huangzhiying.92/data/bigtts/WFVAE_v2_labv3_punc_1879h/11labs_794speaker/5LgVmns630w9KV2uHeaS/chunk*/*.tar
hdfs://haruna/home/byte_data_seed/lf_lq/speech/user/huangzhiying.92/data/bigtts/WFVAE_v2_labv3_punc_1879h/11labs_794speaker/5rdN80AQ5K3RYZvTeFyT/chunk*/*.tar
hdfs://haruna/home/byte_data_seed/lf_lq/speech/user/huangzhiying.92/data/bigtts/WFVAE_v2_labv3_punc_1879h/11labs_794speaker/5rq4vfomJJ0kgWZC73s5/chunk*/*.tar
hdfs://haruna/home/byte_data_seed/lf_lq/speech/user/huangzhiying.92/data/bigtts/WFVAE_v2_labv3_punc_1879h/11labs_794speaker/5RXffTFXYj7kXax86THs/chunk*/*.tar
hdfs://haruna/home/byte_data_seed/lf_lq/speech/user/huangzhiying.92/data/bigtts/WFVAE_v2_labv3_punc_1879h/11labs_794speaker/5tJaMUCabqgugsEt7Qyp/chunk*/*.tar
hdfs://haruna/home/byte_data_seed/lf_lq/speech/user/huangzhiying.92/data/bigtts/WFVAE_v2_labv3_punc_1879h/11labs_794speaker/65YDXbDWwE03AoV8QwRt/chunk*/*.tar
hdfs://haruna/home/byte_data_seed/lf_lq/speech/user/huangzhiying.92/data/bigtts/WFVAE_v2_labv3_punc_1879h/11labs_794speaker/66cYzyx8RucjB1OwgPHz/chunk*/*.tar
hdfs://haruna/home/byte_data_seed/lf_lq/speech/user/huangzhiying.92/data/bigtts/WFVAE_v2_labv3_punc_1879h/11labs_794speaker/67xKPReHCsbF5GBPTx7s/chunk*/*.tar
hdfs://haruna/home/byte_data_seed/lf_lq/speech/user/huangzhiying.92/data/bigtts/WFVAE_v2_labv3_punc_1879h/11labs_794speaker/68LUOnTSy4TbHb2Dduk6/chunk*/*.tar
hdfs://haruna/home/byte_data_seed/lf_lq/speech/user/huangzhiying.92/data/bigtts/WFVAE_v2_labv3_punc_1879h/11labs_794speaker/6CkA1q8RbpyXH8OuuV6a/chunk*/*.tar
hdfs://haruna/home/byte_data_seed/lf_lq/speech/user/huangzhiying.92/data/bigtts/WFVAE_v2_labv3_punc_1879h/11labs_794speaker/6cvEgWq3gEp2G2tILuQp/chunk*/*.tar
hdfs://haruna/home/byte_data_seed/lf_lq/speech/user/huangzhiying.92/data/bigtts/WFVAE_v2_labv3_punc_1879h/11labs_794speaker/6HLL3ssI3a8ViXPZVzx8/chunk*/*.tar
hdfs://haruna/home/byte_data_seed/lf_lq/speech/user/huangzhiying.92/data/bigtts/WFVAE_v2_labv3_punc_1879h/11labs_794speaker/6OQ2NwzvK80guUGUbcU9/chunk*/*.tar
hdfs://haruna/home/byte_data_seed/lf_lq/speech/user/huangzhiying.92/data/bigtts/WFVAE_v2_labv3_punc_1879h/11labs_794speaker/6x72l3DgKbUYP2j837cg/chunk*/*.tar
hdfs://haruna/home/byte_data_seed/lf_lq/speech/user/huangzhiying.92/data/bigtts/WFVAE_v2_labv3_punc_1879h/11labs_794speaker/6yKkjWzkV0CBw1wfnXM5/chunk*/*.tar
hdfs://haruna/home/byte_data_seed/lf_lq/speech/user/huangzhiying.92/data/bigtts/WFVAE_v2_labv3_punc_1879h/11labs_794speaker/6yvWJxSuCcd1xMCz6JVn/chunk*/*.tar
hdfs://haruna/home/byte_data_seed/lf_lq/speech/user/huangzhiying.92/data/bigtts/WFVAE_v2_labv3_punc_1879h/11labs_794speaker/6ZCzNS7ojQbBzZcSd5p8/chunk*/*.tar
hdfs://haruna/home/byte_data_seed/lf_lq/speech/user/huangzhiying.92/data/bigtts/WFVAE_v2_labv3_punc_1879h/11labs_794speaker/74YR9h5cAYieHaFjYyjF/chunk*/*.tar
hdfs://haruna/home/byte_data_seed/lf_lq/speech/user/huangzhiying.92/data/bigtts/WFVAE_v2_labv3_punc_1879h/11labs_794speaker/7aYq8QUgGQHN1PIE0guW/chunk*/*.tar
hdfs://haruna/home/byte_data_seed/lf_lq/speech/user/huangzhiying.92/data/bigtts/WFVAE_v2_labv3_punc_1879h/11labs_794speaker/7EJNj5hhITHOAgxeDaO5/chunk*/*.tar
hdfs://haruna/home/byte_data_seed/lf_lq/speech/user/huangzhiying.92/data/bigtts/WFVAE_v2_labv3_punc_1879h/11labs_794speaker/7h9c7AxKcLJ5Lewq6Spw/chunk*/*.tar
hdfs://haruna/home/byte_data_seed/lf_lq/speech/user/huangzhiying.92/data/bigtts/WFVAE_v2_labv3_punc_1879h/11labs_794speaker/7HAXoumRh7rkY5Q6oMWd/chunk*/*.tar
hdfs://haruna/home/byte_data_seed/lf_lq/speech/user/huangzhiying.92/data/bigtts/WFVAE_v2_labv3_punc_1879h/11labs_794speaker/7iNwtH16eY1YbyXlAatq/chunk*/*.tar
hdfs://haruna/home/byte_data_seed/lf_lq/speech/user/huangzhiying.92/data/bigtts/WFVAE_v2_labv3_punc_1879h/11labs_794speaker/7jTtlD6rRJWwNttYzhk6/chunk*/*.tar
hdfs://haruna/home/byte_data_seed/lf_lq/speech/user/huangzhiying.92/data/bigtts/WFVAE_v2_labv3_punc_1879h/11labs_794speaker/7kB2alsFNmETLXgvdJoT/chunk*/*.tar
hdfs://haruna/home/byte_data_seed/lf_lq/speech/user/huangzhiying.92/data/bigtts/WFVAE_v2_labv3_punc_1879h/11labs_794speaker/7n6ddRDTXVJ3P4XwwPnh/chunk*/*.tar
hdfs://haruna/home/byte_data_seed/lf_lq/speech/user/huangzhiying.92/data/bigtts/WFVAE_v2_labv3_punc_1879h/11labs_794speaker/7PKso4dE21YtmPQnByhP/chunk*/*.tar
hdfs://haruna/home/byte_data_seed/lf_lq/speech/user/huangzhiying.92/data/bigtts/WFVAE_v2_labv3_punc_1879h/11labs_794speaker/7pksXJrkX4ecO15mfHd6/chunk*/*.tar
hdfs://haruna/home/byte_data_seed/lf_lq/speech/user/huangzhiying.92/data/bigtts/WFVAE_v2_labv3_punc_1879h/11labs_794speaker/7qzeID5wdkqI5KT6dg7M/chunk*/*.tar
hdfs://haruna/home/byte_data_seed/lf_lq/speech/user/huangzhiying.92/data/bigtts/WFVAE_v2_labv3_punc_1879h/11labs_794speaker/7RavALhnBGBtaIHlkeau/chunk*/*.tar
hdfs://haruna/home/byte_data_seed/lf_lq/speech/user/huangzhiying.92/data/bigtts/WFVAE_v2_labv3_punc_1879h/11labs_794speaker/7s0RN0TScDfUR40wooHK/chunk*/*.tar
hdfs://haruna/home/byte_data_seed/lf_lq/speech/user/huangzhiying.92/data/bigtts/WFVAE_v2_labv3_punc_1879h/11labs_794speaker/7sepCSd1tKv2r7Z1P5jG/chunk*/*.tar
hdfs://haruna/home/byte_data_seed/lf_lq/speech/user/huangzhiying.92/data/bigtts/WFVAE_v2_labv3_punc_1879h/11labs_794speaker/7SzGmAge0WvfMpluEgsc/chunk*/*.tar
hdfs://haruna/home/byte_data_seed/lf_lq/speech/user/huangzhiying.92/data/bigtts/WFVAE_v2_labv3_punc_1879h/11labs_794speaker/7ZxSJNIwGvjvx3gV29H7/chunk*/*.tar
hdfs://haruna/home/byte_data_seed/lf_lq/speech/user/huangzhiying.92/data/bigtts/WFVAE_v2_labv3_punc_1879h/11labs_794speaker/81lO9UQtAkMJmPvk3vBX/chunk*/*.tar
hdfs://haruna/home/byte_data_seed/lf_lq/speech/user/huangzhiying.92/data/bigtts/WFVAE_v2_labv3_punc_1879h/11labs_794speaker/81x4Y8wKLxnYLEn8cztK/chunk*/*.tar
hdfs://haruna/home/byte_data_seed/lf_lq/speech/user/huangzhiying.92/data/bigtts/WFVAE_v2_labv3_punc_1879h/11labs_794speaker/8f15NY1FdDAcBx9HY54p/chunk*/*.tar
hdfs://haruna/home/byte_data_seed/lf_lq/speech/user/huangzhiying.92/data/bigtts/WFVAE_v2_labv3_punc_1879h/11labs_794speaker/8itgX3Lfh8sPlCqRV1dC/chunk*/*.tar
hdfs://haruna/home/byte_data_seed/lf_lq/speech/user/huangzhiying.92/data/bigtts/WFVAE_v2_labv3_punc_1879h/11labs_794speaker/8IwuWyrvWidoPzmnQXDc/chunk*/*.tar
hdfs://haruna/home/byte_data_seed/lf_lq/speech/user/huangzhiying.92/data/bigtts/WFVAE_v2_labv3_punc_1879h/11labs_794speaker/8lVJXwoHBbVWIUi0hwwg/chunk*/*.tar
hdfs://haruna/home/byte_data_seed/lf_lq/speech/user/huangzhiying.92/data/bigtts/WFVAE_v2_labv3_punc_1879h/11labs_794speaker/8RelKuu94kXlPLnAyzn5/chunk*/*.tar
hdfs://haruna/home/byte_data_seed/lf_lq/speech/user/huangzhiying.92/data/bigtts/WFVAE_v2_labv3_punc_1879h/11labs_794speaker/8xHkNMWZ8OSE3yuAVjUt/chunk*/*.tar
hdfs://haruna/home/byte_data_seed/lf_lq/speech/user/huangzhiying.92/data/bigtts/WFVAE_v2_labv3_punc_1879h/11labs_794speaker/8z7PVidPxf2VtHM3OF4J/chunk*/*.tar
hdfs://haruna/home/byte_data_seed/lf_lq/speech/user/huangzhiying.92/data/bigtts/WFVAE_v2_labv3_punc_1879h/11labs_794speaker/8zrmpsPveBU57nX3wePM/chunk*/*.tar
hdfs://haruna/home/byte_data_seed/lf_lq/speech/user/huangzhiying.92/data/bigtts/WFVAE_v2_labv3_punc_1879h/11labs_794speaker/97nDTdCvjYQYNdTTiUth/chunk*/*.tar
hdfs://haruna/home/byte_data_seed/lf_lq/speech/user/huangzhiying.92/data/bigtts/WFVAE_v2_labv3_punc_1879h/11labs_794speaker/9EUicTnjlf2fv6nONuuT/chunk*/*.tar
hdfs://haruna/home/byte_data_seed/lf_lq/speech/user/huangzhiying.92/data/bigtts/WFVAE_v2_labv3_punc_1879h/11labs_794speaker/9f9aRO6wdstX9ycdGfxT/chunk*/*.tar
hdfs://haruna/home/byte_data_seed/lf_lq/speech/user/huangzhiying.92/data/bigtts/WFVAE_v2_labv3_punc_1879h/11labs_794speaker/9Fl0fn0ta0pSNJsCutJO/chunk*/*.tar
hdfs://haruna/home/byte_data_seed/lf_lq/speech/user/huangzhiying.92/data/bigtts/WFVAE_v2_labv3_punc_1879h/11labs_794speaker/9IEMdEKB71ZV5BTXK0X3/chunk*/*.tar
hdfs://haruna/home/byte_data_seed/lf_lq/speech/user/huangzhiying.92/data/bigtts/WFVAE_v2_labv3_punc_1879h/11labs_794speaker/9IW1MS4x5TDFxW5jKqw9/chunk*/*.tar
hdfs://haruna/home/byte_data_seed/lf_lq/speech/user/huangzhiying.92/data/bigtts/WFVAE_v2_labv3_punc_1879h/11labs_794speaker/9JBuzaWbWT3PD7cMD80J/chunk*/*.tar
hdfs://haruna/home/byte_data_seed/lf_lq/speech/user/huangzhiying.92/data/bigtts/WFVAE_v2_labv3_punc_1879h/11labs_794speaker/9l1UQ0wkCZWiujPJbNfk/chunk*/*.tar
hdfs://haruna/home/byte_data_seed/lf_lq/speech/user/huangzhiying.92/data/bigtts/WFVAE_v2_labv3_punc_1879h/11labs_794speaker/9mc85qVHK9TDZnUhBJAy/chunk*/*.tar
hdfs://haruna/home/byte_data_seed/lf_lq/speech/user/huangzhiying.92/data/bigtts/WFVAE_v2_labv3_punc_1879h/11labs_794speaker/9mSlynIcebdEeL2BwmOF/chunk*/*.tar
hdfs://haruna/home/byte_data_seed/lf_lq/speech/user/huangzhiying.92/data/bigtts/WFVAE_v2_labv3_punc_1879h/11labs_794speaker/9PKTUHwn54Z7YyNBP9zu/chunk*/*.tar
hdfs://haruna/home/byte_data_seed/lf_lq/speech/user/huangzhiying.92/data/bigtts/WFVAE_v2_labv3_punc_1879h/11labs_794speaker/9txFDexpmwbhEdIfVBbF/chunk*/*.tar
hdfs://haruna/home/byte_data_seed/lf_lq/speech/user/huangzhiying.92/data/bigtts/WFVAE_v2_labv3_punc_1879h/11labs_794speaker/9U7JwvWegj40NnOEQUkC/chunk*/*.tar
hdfs://haruna/home/byte_data_seed/lf_lq/speech/user/huangzhiying.92/data/bigtts/WFVAE_v2_labv3_punc_1879h/11labs_794speaker/9xb26L0TslEinlHAu3ex/chunk*/*.tar
hdfs://haruna/home/byte_data_seed/lf_lq/speech/user/huangzhiying.92/data/bigtts/WFVAE_v2_labv3_punc_1879h/11labs_794speaker/9yOWJnXdQ2fnQjMbuadf/chunk*/*.tar
hdfs://haruna/home/byte_data_seed/lf_lq/speech/user/huangzhiying.92/data/bigtts/WFVAE_v2_labv3_punc_1879h/11labs_794speaker/9zGunQvQzvariSZzBM9X/chunk*/*.tar
hdfs://haruna/home/byte_data_seed/lf_lq/speech/user/huangzhiying.92/data/bigtts/WFVAE_v2_labv3_punc_1879h/11labs_794speaker/a3IcDPeJTNMvO7rSMNGR/chunk*/*.tar
hdfs://haruna/home/byte_data_seed/lf_lq/speech/user/huangzhiying.92/data/bigtts/WFVAE_v2_labv3_punc_1879h/11labs_794speaker/A6eISIWUctPcurpro22a/chunk*/*.tar
hdfs://haruna/home/byte_data_seed/lf_lq/speech/user/huangzhiying.92/data/bigtts/WFVAE_v2_labv3_punc_1879h/11labs_794speaker/aaaPDhkiAfltqWCYeY45/chunk*/*.tar
hdfs://haruna/home/byte_data_seed/lf_lq/speech/user/huangzhiying.92/data/bigtts/WFVAE_v2_labv3_punc_1879h/11labs_794speaker/aBiQOhE8RdI18ivAoqgw/chunk*/*.tar
hdfs://haruna/home/byte_data_seed/lf_lq/speech/user/huangzhiying.92/data/bigtts/WFVAE_v2_labv3_punc_1879h/11labs_794speaker/ABZp58vX8BAwK6pvOhSN/chunk*/*.tar
hdfs://haruna/home/byte_data_seed/lf_lq/speech/user/huangzhiying.92/data/bigtts/WFVAE_v2_labv3_punc_1879h/11labs_794speaker/aEFdYAMJoEI1KCIImzBA/chunk*/*.tar
hdfs://haruna/home/byte_data_seed/lf_lq/speech/user/huangzhiying.92/data/bigtts/WFVAE_v2_labv3_punc_1879h/11labs_794speaker/aevVCnpVS6dy0rei2G0w/chunk*/*.tar
hdfs://haruna/home/byte_data_seed/lf_lq/speech/user/huangzhiying.92/data/bigtts/WFVAE_v2_labv3_punc_1879h/11labs_794speaker/AfCAj8LvP0qVJL2Agmou/chunk*/*.tar
hdfs://haruna/home/byte_data_seed/lf_lq/speech/user/huangzhiying.92/data/bigtts/WFVAE_v2_labv3_punc_1879h/11labs_794speaker/afLJBvhZOeXne2kbDzfW/chunk*/*.tar
hdfs://haruna/home/byte_data_seed/lf_lq/speech/user/huangzhiying.92/data/bigtts/WFVAE_v2_labv3_punc_1879h/11labs_794speaker/aGa6rupuwU53HXBtRoI2/chunk*/*.tar
hdfs://haruna/home/byte_data_seed/lf_lq/speech/user/huangzhiying.92/data/bigtts/WFVAE_v2_labv3_punc_1879h/11labs_794speaker/AGGDmwRxDBK9hM5NYWlK/chunk*/*.tar
hdfs://haruna/home/byte_data_seed/lf_lq/speech/user/huangzhiying.92/data/bigtts/WFVAE_v2_labv3_punc_1879h/11labs_794speaker/Ahdx1QwLG4yBOsfhDz93/chunk*/*.tar
hdfs://haruna/home/byte_data_seed/lf_lq/speech/user/huangzhiying.92/data/bigtts/WFVAE_v2_labv3_punc_1879h/11labs_794speaker/aHpEW8x8Q2V98DW5yNNU/chunk*/*.tar
hdfs://haruna/home/byte_data_seed/lf_lq/speech/user/huangzhiying.92/data/bigtts/WFVAE_v2_labv3_punc_1879h/11labs_794speaker/aKiVeio9VIevk3RPA1uf/chunk*/*.tar
hdfs://haruna/home/byte_data_seed/lf_lq/speech/user/huangzhiying.92/data/bigtts/WFVAE_v2_labv3_punc_1879h/11labs_794speaker/aMuVvFlaCM3aAy89Gs3y/chunk*/*.tar
hdfs://haruna/home/byte_data_seed/lf_lq/speech/user/huangzhiying.92/data/bigtts/WFVAE_v2_labv3_punc_1879h/11labs_794speaker/aoy0zox8GFp5qAO47qc2/chunk*/*.tar
hdfs://haruna/home/byte_data_seed/lf_lq/speech/user/huangzhiying.92/data/bigtts/WFVAE_v2_labv3_punc_1879h/11labs_794speaker/APaLUL2BYEmv2j4Qz0ag/chunk*/*.tar
hdfs://haruna/home/byte_data_seed/lf_lq/speech/user/huangzhiying.92/data/bigtts/WFVAE_v2_labv3_punc_1879h/11labs_794speaker/Ayf1lifpElxb1vI8r5mr/chunk*/*.tar
hdfs://haruna/home/byte_data_seed/lf_lq/speech/user/huangzhiying.92/data/bigtts/WFVAE_v2_labv3_punc_1879h/11labs_794speaker/aZWjJABmgWPYw5IK8Y42/chunk*/*.tar
hdfs://haruna/home/byte_data_seed/lf_lq/speech/user/huangzhiying.92/data/bigtts/WFVAE_v2_labv3_punc_1879h/11labs_794speaker/B2NJh7OZTMMaaQXE2mkY/chunk*/*.tar
hdfs://haruna/home/byte_data_seed/lf_lq/speech/user/huangzhiying.92/data/bigtts/WFVAE_v2_labv3_punc_1879h/11labs_794speaker/b2y6v8kilKV34j71HLFL/chunk*/*.tar
hdfs://haruna/home/byte_data_seed/lf_lq/speech/user/huangzhiying.92/data/bigtts/WFVAE_v2_labv3_punc_1879h/11labs_794speaker/b9c6DwyTklu8GoXuuvNT/chunk*/*.tar
hdfs://haruna/home/byte_data_seed/lf_lq/speech/user/huangzhiying.92/data/bigtts/WFVAE_v2_labv3_punc_1879h/11labs_794speaker/B9pa4X6YIIHV8IgG6Bb3/chunk*/*.tar
hdfs://haruna/home/byte_data_seed/lf_lq/speech/user/huangzhiying.92/data/bigtts/WFVAE_v2_labv3_punc_1879h/11labs_794speaker/BBFvbbGw0M6h1RW1UpYU/chunk*/*.tar
hdfs://haruna/home/byte_data_seed/lf_lq/speech/user/huangzhiying.92/data/bigtts/WFVAE_v2_labv3_punc_1879h/11labs_794speaker/bEloKZCoMqQkDBWgElq9/chunk*/*.tar
hdfs://haruna/home/byte_data_seed/lf_lq/speech/user/huangzhiying.92/data/bigtts/WFVAE_v2_labv3_punc_1879h/11labs_794speaker/BF2W6jMohVAOYuyZsA9S/chunk*/*.tar
hdfs://haruna/home/byte_data_seed/lf_lq/speech/user/huangzhiying.92/data/bigtts/WFVAE_v2_labv3_punc_1879h/11labs_794speaker/bGavecw3zBghRPCvtOM5/chunk*/*.tar
hdfs://haruna/home/byte_data_seed/lf_lq/speech/user/huangzhiying.92/data/bigtts/WFVAE_v2_labv3_punc_1879h/11labs_794speaker/BhoM7PetHEFsL7tTLg5A/chunk*/*.tar
hdfs://haruna/home/byte_data_seed/lf_lq/speech/user/huangzhiying.92/data/bigtts/WFVAE_v2_labv3_punc_1879h/11labs_794speaker/bjuFvxCiQOC7sdg1t0be/chunk*/*.tar
hdfs://haruna/home/byte_data_seed/lf_lq/speech/user/huangzhiying.92/data/bigtts/WFVAE_v2_labv3_punc_1879h/11labs_794speaker/BjwZySlSxoEult8uoWgN/chunk*/*.tar
hdfs://haruna/home/byte_data_seed/lf_lq/speech/user/huangzhiying.92/data/bigtts/WFVAE_v2_labv3_punc_1879h/11labs_794speaker/bKxzbyXgmZcpU2QNZp4T/chunk*/*.tar
hdfs://haruna/home/byte_data_seed/lf_lq/speech/user/huangzhiying.92/data/bigtts/WFVAE_v2_labv3_punc_1879h/11labs_794speaker/BmTRHyuaNLmOYRzmfzrF/chunk*/*.tar
hdfs://haruna/home/byte_data_seed/lf_lq/speech/user/huangzhiying.92/data/bigtts/WFVAE_v2_labv3_punc_1879h/11labs_794speaker/bmtSN8PjSfpTDlrSZcGZ/chunk*/*.tar
hdfs://haruna/home/byte_data_seed/lf_lq/speech/user/huangzhiying.92/data/bigtts/WFVAE_v2_labv3_punc_1879h/11labs_794speaker/BN0yZbiiHI42yzz0bQsM/chunk*/*.tar
hdfs://haruna/home/byte_data_seed/lf_lq/speech/user/huangzhiying.92/data/bigtts/WFVAE_v2_labv3_punc_1879h/11labs_794speaker/BneQqcGUgks9WoiOnkQc/chunk*/*.tar
hdfs://haruna/home/byte_data_seed/lf_lq/speech/user/huangzhiying.92/data/bigtts/WFVAE_v2_labv3_punc_1879h/11labs_794speaker/bOEoqWsnDI9ENpu9JFXr/chunk*/*.tar
hdfs://haruna/home/byte_data_seed/lf_lq/speech/user/huangzhiying.92/data/bigtts/WFVAE_v2_labv3_punc_1879h/11labs_794speaker/bqjpZeiYK9IOF6WkGHmB/chunk*/*.tar
hdfs://haruna/home/byte_data_seed/lf_lq/speech/user/huangzhiying.92/data/bigtts/WFVAE_v2_labv3_punc_1879h/11labs_794speaker/BSoIp4PqS5LsdEgAZfmE/chunk*/*.tar
hdfs://haruna/home/byte_data_seed/lf_lq/speech/user/huangzhiying.92/data/bigtts/WFVAE_v2_labv3_punc_1879h/11labs_794speaker/BtVN3r9TdGvXWIXHSUsW/chunk*/*.tar
hdfs://haruna/home/byte_data_seed/lf_lq/speech/user/huangzhiying.92/data/bigtts/WFVAE_v2_labv3_punc_1879h/11labs_794speaker/BVEtPPXkttRw5IjqjKri/chunk*/*.tar
hdfs://haruna/home/byte_data_seed/lf_lq/speech/user/huangzhiying.92/data/bigtts/WFVAE_v2_labv3_punc_1879h/11labs_794speaker/bwLyDU0qAfDeyanzH7Kk/chunk*/*.tar
hdfs://haruna/home/byte_data_seed/lf_lq/speech/user/huangzhiying.92/data/bigtts/WFVAE_v2_labv3_punc_1879h/11labs_794speaker/bxIX4mxva4yqeXnB5mBM/chunk*/*.tar
hdfs://haruna/home/byte_data_seed/lf_lq/speech/user/huangzhiying.92/data/bigtts/WFVAE_v2_labv3_punc_1879h/11labs_794speaker/Bxr8g7Xvmmpyr8UQOInv/chunk*/*.tar
hdfs://haruna/home/byte_data_seed/lf_lq/speech/user/huangzhiying.92/data/bigtts/WFVAE_v2_labv3_punc_1879h/11labs_794speaker/C4sm6ZKQQmJSNeKUr4aP/chunk*/*.tar
hdfs://haruna/home/byte_data_seed/lf_lq/speech/user/huangzhiying.92/data/bigtts/WFVAE_v2_labv3_punc_1879h/11labs_794speaker/c7dPZJN0UCjBZ4YCWM9G/chunk*/*.tar
hdfs://haruna/home/byte_data_seed/lf_lq/speech/user/huangzhiying.92/data/bigtts/WFVAE_v2_labv3_punc_1879h/11labs_794speaker/C7JTHEmQydj0S9Etcj68/chunk*/*.tar
hdfs://haruna/home/byte_data_seed/lf_lq/speech/user/huangzhiying.92/data/bigtts/WFVAE_v2_labv3_punc_1879h/11labs_794speaker/cAtY3eFFyq3kRgXmKZbi/chunk*/*.tar
hdfs://haruna/home/byte_data_seed/lf_lq/speech/user/huangzhiying.92/data/bigtts/WFVAE_v2_labv3_punc_1879h/11labs_794speaker/CBNLKZmMNIeqO6wRSGKL/chunk*/*.tar
hdfs://haruna/home/byte_data_seed/lf_lq/speech/user/huangzhiying.92/data/bigtts/WFVAE_v2_labv3_punc_1879h/11labs_794speaker/CCGoLnVAOHJvKBOZkbWo/chunk*/*.tar
hdfs://haruna/home/byte_data_seed/lf_lq/speech/user/huangzhiying.92/data/bigtts/WFVAE_v2_labv3_punc_1879h/11labs_794speaker/cf7hib0U0v7CCB1T88b1/chunk*/*.tar
hdfs://haruna/home/byte_data_seed/lf_lq/speech/user/huangzhiying.92/data/bigtts/WFVAE_v2_labv3_punc_1879h/11labs_794speaker/cfLOjhL0PqhQcwmLBioS/chunk*/*.tar
hdfs://haruna/home/byte_data_seed/lf_lq/speech/user/huangzhiying.92/data/bigtts/WFVAE_v2_labv3_punc_1879h/11labs_794speaker/chjs7AO1eEAJ3Nmg8aCh/chunk*/*.tar
hdfs://haruna/home/byte_data_seed/lf_lq/speech/user/huangzhiying.92/data/bigtts/WFVAE_v2_labv3_punc_1879h/11labs_794speaker/CHLiBYVhQmbbXdaq68aA/chunk*/*.tar
hdfs://haruna/home/byte_data_seed/lf_lq/speech/user/huangzhiying.92/data/bigtts/WFVAE_v2_labv3_punc_1879h/11labs_794speaker/chNOmx6c5FqO7VPoQ1b1/chunk*/*.tar
hdfs://haruna/home/byte_data_seed/lf_lq/speech/user/huangzhiying.92/data/bigtts/WFVAE_v2_labv3_punc_1879h/11labs_794speaker/CHvLlRSOIjz3l1nZyawY/chunk*/*.tar
hdfs://haruna/home/byte_data_seed/lf_lq/speech/user/huangzhiying.92/data/bigtts/WFVAE_v2_labv3_punc_1879h/11labs_794speaker/CIrYVEEWVnicuTxjyjNB/chunk*/*.tar
hdfs://haruna/home/byte_data_seed/lf_lq/speech/user/huangzhiying.92/data/bigtts/WFVAE_v2_labv3_punc_1879h/11labs_794speaker/CItyjBOBMQMK4EwKZVsG/chunk*/*.tar
hdfs://haruna/home/byte_data_seed/lf_lq/speech/user/huangzhiying.92/data/bigtts/WFVAE_v2_labv3_punc_1879h/11labs_794speaker/CjKmcHKDByHWKAzZJfIQ/chunk*/*.tar
hdfs://haruna/home/byte_data_seed/lf_lq/speech/user/huangzhiying.92/data/bigtts/WFVAE_v2_labv3_punc_1879h/11labs_794speaker/CjRmOK3i9pYgMoDLHpri/chunk*/*.tar
hdfs://haruna/home/byte_data_seed/lf_lq/speech/user/huangzhiying.92/data/bigtts/WFVAE_v2_labv3_punc_1879h/11labs_794speaker/cK3zOjOB7zFlAbmw99NM/chunk*/*.tar
hdfs://haruna/home/byte_data_seed/lf_lq/speech/user/huangzhiying.92/data/bigtts/WFVAE_v2_labv3_punc_1879h/11labs_794speaker/cQLHYeRwOoGG7eYp7yDA/chunk*/*.tar
hdfs://haruna/home/byte_data_seed/lf_lq/speech/user/huangzhiying.92/data/bigtts/WFVAE_v2_labv3_punc_1879h/11labs_794speaker/cr18s6ZVuuRIKhnIShti/chunk*/*.tar
hdfs://haruna/home/byte_data_seed/lf_lq/speech/user/huangzhiying.92/data/bigtts/WFVAE_v2_labv3_punc_1879h/11labs_794speaker/crznlXvY70C4qqmLPP75/chunk*/*.tar
hdfs://haruna/home/byte_data_seed/lf_lq/speech/user/huangzhiying.92/data/bigtts/WFVAE_v2_labv3_punc_1879h/11labs_794speaker/csDNhgM4J38OSUnNphZ7/chunk*/*.tar
hdfs://haruna/home/byte_data_seed/lf_lq/speech/user/huangzhiying.92/data/bigtts/WFVAE_v2_labv3_punc_1879h/11labs_794speaker/CstxKn1zYE1nmhGCKnCc/chunk*/*.tar
hdfs://haruna/home/byte_data_seed/lf_lq/speech/user/huangzhiying.92/data/bigtts/WFVAE_v2_labv3_punc_1879h/11labs_794speaker/CTAABzv785rOrhWxCKgG/chunk*/*.tar
hdfs://haruna/home/byte_data_seed/lf_lq/speech/user/huangzhiying.92/data/bigtts/WFVAE_v2_labv3_punc_1879h/11labs_794speaker/CTwnFLP5wqyplMBnYo7d/chunk*/*.tar
hdfs://haruna/home/byte_data_seed/lf_lq/speech/user/huangzhiying.92/data/bigtts/WFVAE_v2_labv3_punc_1879h/11labs_794speaker/cu1npdwZViXX0sEeoRoH/chunk*/*.tar
hdfs://haruna/home/byte_data_seed/lf_lq/speech/user/huangzhiying.92/data/bigtts/WFVAE_v2_labv3_punc_1879h/11labs_794speaker/CuhgPurhM865j71vrTsS/chunk*/*.tar
hdfs://haruna/home/byte_data_seed/lf_lq/speech/user/huangzhiying.92/data/bigtts/WFVAE_v2_labv3_punc_1879h/11labs_794speaker/cVtQXbG7i9IhvW7blPI7/chunk*/*.tar
hdfs://haruna/home/byte_data_seed/lf_lq/speech/user/huangzhiying.92/data/bigtts/WFVAE_v2_labv3_punc_1879h/11labs_794speaker/CxXeubDnnA1tyqK0LUwQ/chunk*/*.tar
hdfs://haruna/home/byte_data_seed/lf_lq/speech/user/huangzhiying.92/data/bigtts/WFVAE_v2_labv3_punc_1879h/11labs_794speaker/Cz3KxbnwtrPVkdVQPSuq/chunk*/*.tar
hdfs://haruna/home/byte_data_seed/lf_lq/speech/user/huangzhiying.92/data/bigtts/WFVAE_v2_labv3_punc_1879h/11labs_794speaker/CzR0jo8CznZa63MApdhV/chunk*/*.tar
hdfs://haruna/home/byte_data_seed/lf_lq/speech/user/huangzhiying.92/data/bigtts/WFVAE_v2_labv3_punc_1879h/11labs_794speaker/D050RNfMjErKZ2tZ68oK/chunk*/*.tar
hdfs://haruna/home/byte_data_seed/lf_lq/speech/user/huangzhiying.92/data/bigtts/WFVAE_v2_labv3_punc_1879h/11labs_794speaker/d0hzx4ftBBvOh5Rq3Yvf/chunk*/*.tar
hdfs://haruna/home/byte_data_seed/lf_lq/speech/user/huangzhiying.92/data/bigtts/WFVAE_v2_labv3_punc_1879h/11labs_794speaker/D2ofkxCxyKW0TN2vhdAc/chunk*/*.tar
hdfs://haruna/home/byte_data_seed/lf_lq/speech/user/huangzhiying.92/data/bigtts/WFVAE_v2_labv3_punc_1879h/11labs_794speaker/d3HMcCVJuGkVpTLw0dKh/chunk*/*.tar
hdfs://haruna/home/byte_data_seed/lf_lq/speech/user/huangzhiying.92/data/bigtts/WFVAE_v2_labv3_punc_1879h/11labs_794speaker/D4LQKPOWAXttKT2Mousa/chunk*/*.tar
hdfs://haruna/home/byte_data_seed/lf_lq/speech/user/huangzhiying.92/data/bigtts/WFVAE_v2_labv3_punc_1879h/11labs_794speaker/dbxHm7WOmvBLv9pABVoI/chunk*/*.tar
hdfs://haruna/home/byte_data_seed/lf_lq/speech/user/huangzhiying.92/data/bigtts/WFVAE_v2_labv3_punc_1879h/11labs_794speaker/DekQLFzjIr4NvX8GStlW/chunk*/*.tar
hdfs://haruna/home/byte_data_seed/lf_lq/speech/user/huangzhiying.92/data/bigtts/WFVAE_v2_labv3_punc_1879h/11labs_794speaker/deywXqFaRXjoBFXkJfWt/chunk*/*.tar
hdfs://haruna/home/byte_data_seed/lf_lq/speech/user/huangzhiying.92/data/bigtts/WFVAE_v2_labv3_punc_1879h/11labs_794speaker/DFb2M2o74oywvgxZYpQs/chunk*/*.tar
hdfs://haruna/home/byte_data_seed/lf_lq/speech/user/huangzhiying.92/data/bigtts/WFVAE_v2_labv3_punc_1879h/11labs_794speaker/dfV2XooOVeLre1FGuHAn/chunk*/*.tar
hdfs://haruna/home/byte_data_seed/lf_lq/speech/user/huangzhiying.92/data/bigtts/WFVAE_v2_labv3_punc_1879h/11labs_794speaker/dFvS7Hta7gq4euveBeIL/chunk*/*.tar
hdfs://haruna/home/byte_data_seed/lf_lq/speech/user/huangzhiying.92/data/bigtts/WFVAE_v2_labv3_punc_1879h/11labs_794speaker/DgAvn1T65UTkk1PoONZz/chunk*/*.tar
hdfs://haruna/home/byte_data_seed/lf_lq/speech/user/huangzhiying.92/data/bigtts/WFVAE_v2_labv3_punc_1879h/11labs_794speaker/DGYIeUBiCYqLPhGt3yGQ/chunk*/*.tar
hdfs://haruna/home/byte_data_seed/lf_lq/speech/user/huangzhiying.92/data/bigtts/WFVAE_v2_labv3_punc_1879h/11labs_794speaker/diBHoDKCTYuUQfqi2sqk/chunk*/*.tar
hdfs://haruna/home/byte_data_seed/lf_lq/speech/user/huangzhiying.92/data/bigtts/WFVAE_v2_labv3_punc_1879h/11labs_794speaker/DIGNnckNXJrltZuwfw7P/chunk*/*.tar
hdfs://haruna/home/byte_data_seed/lf_lq/speech/user/huangzhiying.92/data/bigtts/WFVAE_v2_labv3_punc_1879h/11labs_794speaker/djZn2rv8iex48OSunPS5/chunk*/*.tar
hdfs://haruna/home/byte_data_seed/lf_lq/speech/user/huangzhiying.92/data/bigtts/WFVAE_v2_labv3_punc_1879h/11labs_794speaker/DKyLJ4wgQg90XMFwHWAm/chunk*/*.tar
hdfs://haruna/home/byte_data_seed/lf_lq/speech/user/huangzhiying.92/data/bigtts/WFVAE_v2_labv3_punc_1879h/11labs_794speaker/DLrdleCmOKLYGIUZTbsy/chunk*/*.tar
hdfs://haruna/home/byte_data_seed/lf_lq/speech/user/huangzhiying.92/data/bigtts/WFVAE_v2_labv3_punc_1879h/11labs_794speaker/dlU2SkWXh7A5c7mooMGU/chunk*/*.tar
hdfs://haruna/home/byte_data_seed/lf_lq/speech/user/huangzhiying.92/data/bigtts/WFVAE_v2_labv3_punc_1879h/11labs_794speaker/dn3dxFLj1buMaTXPTFHw/chunk*/*.tar
hdfs://haruna/home/byte_data_seed/lf_lq/speech/user/huangzhiying.92/data/bigtts/WFVAE_v2_labv3_punc_1879h/11labs_794speaker/dNeKvHbcFRsFUzoi5IML/chunk*/*.tar
hdfs://haruna/home/byte_data_seed/lf_lq/speech/user/huangzhiying.92/data/bigtts/WFVAE_v2_labv3_punc_1879h/11labs_794speaker/DpEnzuJSvkaalKdrf0cw/chunk*/*.tar
hdfs://haruna/home/byte_data_seed/lf_lq/speech/user/huangzhiying.92/data/bigtts/WFVAE_v2_labv3_punc_1879h/11labs_794speaker/dqR0zuEZkOqufPtxwGdi/chunk*/*.tar
hdfs://haruna/home/byte_data_seed/lf_lq/speech/user/huangzhiying.92/data/bigtts/WFVAE_v2_labv3_punc_1879h/11labs_794speaker/DSeELIyoyFAivcZkMI3U/chunk*/*.tar
hdfs://haruna/home/byte_data_seed/lf_lq/speech/user/huangzhiying.92/data/bigtts/WFVAE_v2_labv3_punc_1879h/11labs_794speaker/DsoysGR5PQF2YVlFod8Y/chunk*/*.tar
hdfs://haruna/home/byte_data_seed/lf_lq/speech/user/huangzhiying.92/data/bigtts/WFVAE_v2_labv3_punc_1879h/11labs_794speaker/dSz6TspEFLO3VFbIBhNB/chunk*/*.tar
hdfs://haruna/home/byte_data_seed/lf_lq/speech/user/huangzhiying.92/data/bigtts/WFVAE_v2_labv3_punc_1879h/11labs_794speaker/DTB7oL6wvQ5AnsMTbsb6/chunk*/*.tar
hdfs://haruna/home/byte_data_seed/lf_lq/speech/user/huangzhiying.92/data/bigtts/WFVAE_v2_labv3_punc_1879h/11labs_794speaker/dThRfMEt96G7T7Bu0ScB/chunk*/*.tar
hdfs://haruna/home/byte_data_seed/lf_lq/speech/user/huangzhiying.92/data/bigtts/WFVAE_v2_labv3_punc_1879h/11labs_794speaker/DuA74JCuhRIEsUf9woW2/chunk*/*.tar
hdfs://haruna/home/byte_data_seed/lf_lq/speech/user/huangzhiying.92/data/bigtts/WFVAE_v2_labv3_punc_1879h/11labs_794speaker/DUOChGAJJBPFR7LHbCwe/chunk*/*.tar
hdfs://haruna/home/byte_data_seed/lf_lq/speech/user/huangzhiying.92/data/bigtts/WFVAE_v2_labv3_punc_1879h/11labs_794speaker/DuoSE8i9da1ZrNl1s8Wa/chunk*/*.tar
hdfs://haruna/home/byte_data_seed/lf_lq/speech/user/huangzhiying.92/data/bigtts/WFVAE_v2_labv3_punc_1879h/11labs_794speaker/E6X2qmgEdkDhvBDQhSog/chunk*/*.tar
hdfs://haruna/home/byte_data_seed/lf_lq/speech/user/huangzhiying.92/data/bigtts/WFVAE_v2_labv3_punc_1879h/11labs_794speaker/E8R2cve1j3n38tMzxFGL/chunk*/*.tar
hdfs://haruna/home/byte_data_seed/lf_lq/speech/user/huangzhiying.92/data/bigtts/WFVAE_v2_labv3_punc_1879h/11labs_794speaker/EA1qGTksiPo0yeN4vQrW/chunk*/*.tar
hdfs://haruna/home/byte_data_seed/lf_lq/speech/user/huangzhiying.92/data/bigtts/WFVAE_v2_labv3_punc_1879h/11labs_794speaker/eaR8HZ9H3TcE1gWeZrP5/chunk*/*.tar
hdfs://haruna/home/byte_data_seed/lf_lq/speech/user/huangzhiying.92/data/bigtts/WFVAE_v2_labv3_punc_1879h/11labs_794speaker/EauIVToaas1DnBPWMjKa/chunk*/*.tar
hdfs://haruna/home/byte_data_seed/lf_lq/speech/user/huangzhiying.92/data/bigtts/WFVAE_v2_labv3_punc_1879h/11labs_794speaker/eCIVswpzwCgjupv0H3uZ/chunk*/*.tar
hdfs://haruna/home/byte_data_seed/lf_lq/speech/user/huangzhiying.92/data/bigtts/WFVAE_v2_labv3_punc_1879h/11labs_794speaker/EFFOhDekgGKbg4odVNXC/chunk*/*.tar
hdfs://haruna/home/byte_data_seed/lf_lq/speech/user/huangzhiying.92/data/bigtts/WFVAE_v2_labv3_punc_1879h/11labs_794speaker/EIoADpAR4PibWMM1yg3v/chunk*/*.tar
hdfs://haruna/home/byte_data_seed/lf_lq/speech/user/huangzhiying.92/data/bigtts/WFVAE_v2_labv3_punc_1879h/11labs_794speaker/EjbtWEdJdtkI3SGK1v7B/chunk*/*.tar
hdfs://haruna/home/byte_data_seed/lf_lq/speech/user/huangzhiying.92/data/bigtts/WFVAE_v2_labv3_punc_1879h/11labs_794speaker/EjK9HW9RFGEqUhn7U5sG/chunk*/*.tar
hdfs://haruna/home/byte_data_seed/lf_lq/speech/user/huangzhiying.92/data/bigtts/WFVAE_v2_labv3_punc_1879h/11labs_794speaker/ejsadxA0PKpTG0gvabBS/chunk*/*.tar
hdfs://haruna/home/byte_data_seed/lf_lq/speech/user/huangzhiying.92/data/bigtts/WFVAE_v2_labv3_punc_1879h/11labs_794speaker/eKZzT3hDnd9WTBaPFruD/chunk*/*.tar
hdfs://haruna/home/byte_data_seed/lf_lq/speech/user/huangzhiying.92/data/bigtts/WFVAE_v2_labv3_punc_1879h/11labs_794speaker/ELe1flLpRnNReIPTBWB4/chunk*/*.tar
hdfs://haruna/home/byte_data_seed/lf_lq/speech/user/huangzhiying.92/data/bigtts/WFVAE_v2_labv3_punc_1879h/11labs_794speaker/emhWKNa7vnkK9RDbvDPF/chunk*/*.tar
hdfs://haruna/home/byte_data_seed/lf_lq/speech/user/huangzhiying.92/data/bigtts/WFVAE_v2_labv3_punc_1879h/11labs_794speaker/EmisxJF04odEzh1Dka1w/chunk*/*.tar
hdfs://haruna/home/byte_data_seed/lf_lq/speech/user/huangzhiying.92/data/bigtts/WFVAE_v2_labv3_punc_1879h/11labs_794speaker/ENlCIF4ZDS4EBlYW5ZDq/chunk*/*.tar
hdfs://haruna/home/byte_data_seed/lf_lq/speech/user/huangzhiying.92/data/bigtts/WFVAE_v2_labv3_punc_1879h/11labs_794speaker/EnTDR9ng9lcYWW4yiJgp/chunk*/*.tar
hdfs://haruna/home/byte_data_seed/lf_lq/speech/user/huangzhiying.92/data/bigtts/WFVAE_v2_labv3_punc_1879h/11labs_794speaker/ePCJZ6vZvskqtoBN8wT3/chunk*/*.tar
hdfs://haruna/home/byte_data_seed/lf_lq/speech/user/huangzhiying.92/data/bigtts/WFVAE_v2_labv3_punc_1879h/11labs_794speaker/EpDqx1c5ZlC9cIu7NaUc/chunk*/*.tar
hdfs://haruna/home/byte_data_seed/lf_lq/speech/user/huangzhiying.92/data/bigtts/WFVAE_v2_labv3_punc_1879h/11labs_794speaker/eQbNAm9GZT6fdZUGJFuE/chunk*/*.tar
hdfs://haruna/home/byte_data_seed/lf_lq/speech/user/huangzhiying.92/data/bigtts/WFVAE_v2_labv3_punc_1879h/11labs_794speaker/erOPdLNRhr4IYbrZCvr3/chunk*/*.tar
hdfs://haruna/home/byte_data_seed/lf_lq/speech/user/huangzhiying.92/data/bigtts/WFVAE_v2_labv3_punc_1879h/11labs_794speaker/Es6dla5t42WaIhMdMLb3/chunk*/*.tar
hdfs://haruna/home/byte_data_seed/lf_lq/speech/user/huangzhiying.92/data/bigtts/WFVAE_v2_labv3_punc_1879h/11labs_794speaker/EsmFouX7rwYy92pZ2FpH/chunk*/*.tar
hdfs://haruna/home/byte_data_seed/lf_lq/speech/user/huangzhiying.92/data/bigtts/WFVAE_v2_labv3_punc_1879h/11labs_794speaker/EtEa6gUqRCFmajCeqrpc/chunk*/*.tar
hdfs://haruna/home/byte_data_seed/lf_lq/speech/user/huangzhiying.92/data/bigtts/WFVAE_v2_labv3_punc_1879h/11labs_794speaker/Eu61SadfT7939ZdErj2p/chunk*/*.tar
hdfs://haruna/home/byte_data_seed/lf_lq/speech/user/huangzhiying.92/data/bigtts/WFVAE_v2_labv3_punc_1879h/11labs_794speaker/EunPFqgWqBEmehUAOMeu/chunk*/*.tar
hdfs://haruna/home/byte_data_seed/lf_lq/speech/user/huangzhiying.92/data/bigtts/WFVAE_v2_labv3_punc_1879h/11labs_794speaker/ex1MdPNxpdKEBqgAdOJW/chunk*/*.tar
hdfs://haruna/home/byte_data_seed/lf_lq/speech/user/huangzhiying.92/data/bigtts/WFVAE_v2_labv3_punc_1879h/11labs_794speaker/f0Jfagln3utiRH1uJZQx/chunk*/*.tar
hdfs://haruna/home/byte_data_seed/lf_lq/speech/user/huangzhiying.92/data/bigtts/WFVAE_v2_labv3_punc_1879h/11labs_794speaker/F1eVY1G35yhPJgATGUsN/chunk*/*.tar
hdfs://haruna/home/byte_data_seed/lf_lq/speech/user/huangzhiying.92/data/bigtts/WFVAE_v2_labv3_punc_1879h/11labs_794speaker/f2SKUKxni0kVB8InWSJR/chunk*/*.tar
hdfs://haruna/home/byte_data_seed/lf_lq/speech/user/huangzhiying.92/data/bigtts/WFVAE_v2_labv3_punc_1879h/11labs_794speaker/f4kdOYaftr8yNbM5rkhO/chunk*/*.tar
hdfs://haruna/home/byte_data_seed/lf_lq/speech/user/huangzhiying.92/data/bigtts/WFVAE_v2_labv3_punc_1879h/11labs_794speaker/faYkqmucznUhVFGp05nH/chunk*/*.tar
hdfs://haruna/home/byte_data_seed/lf_lq/speech/user/huangzhiying.92/data/bigtts/WFVAE_v2_labv3_punc_1879h/11labs_794speaker/FbcmKyGPYVhKBxGs3B4k/chunk*/*.tar
hdfs://haruna/home/byte_data_seed/lf_lq/speech/user/huangzhiying.92/data/bigtts/WFVAE_v2_labv3_punc_1879h/11labs_794speaker/FcMC4FFfaN9aUK7jlz11/chunk*/*.tar
hdfs://haruna/home/byte_data_seed/lf_lq/speech/user/huangzhiying.92/data/bigtts/WFVAE_v2_labv3_punc_1879h/11labs_794speaker/FcNPBpdGlS7ysQV6F35O/chunk*/*.tar
hdfs://haruna/home/byte_data_seed/lf_lq/speech/user/huangzhiying.92/data/bigtts/WFVAE_v2_labv3_punc_1879h/11labs_794speaker/fD6L4IMcEUet8tdhQwU1/chunk*/*.tar
hdfs://haruna/home/byte_data_seed/lf_lq/speech/user/huangzhiying.92/data/bigtts/WFVAE_v2_labv3_punc_1879h/11labs_794speaker/fdlGZfytL5nKj7y29GEd/chunk*/*.tar
hdfs://haruna/home/byte_data_seed/lf_lq/speech/user/huangzhiying.92/data/bigtts/WFVAE_v2_labv3_punc_1879h/11labs_794speaker/FEdFmy35tZxm5vW5Y4rv/chunk*/*.tar
hdfs://haruna/home/byte_data_seed/lf_lq/speech/user/huangzhiying.92/data/bigtts/WFVAE_v2_labv3_punc_1879h/11labs_794speaker/fjdSKaJnuned22queqVs/chunk*/*.tar
hdfs://haruna/home/byte_data_seed/lf_lq/speech/user/huangzhiying.92/data/bigtts/WFVAE_v2_labv3_punc_1879h/11labs_794speaker/fnjLaxp5uxS1ItwF4gQF/chunk*/*.tar
hdfs://haruna/home/byte_data_seed/lf_lq/speech/user/huangzhiying.92/data/bigtts/WFVAE_v2_labv3_punc_1879h/11labs_794speaker/fp0mshrdGXAfM9IhvWwO/chunk*/*.tar
hdfs://haruna/home/byte_data_seed/lf_lq/speech/user/huangzhiying.92/data/bigtts/WFVAE_v2_labv3_punc_1879h/11labs_794speaker/FP8r7N6KCiyVMJzxG31u/chunk*/*.tar
hdfs://haruna/home/byte_data_seed/lf_lq/speech/user/huangzhiying.92/data/bigtts/WFVAE_v2_labv3_punc_1879h/11labs_794speaker/fqhfwDCzRZWwpqEGouOr/chunk*/*.tar
hdfs://haruna/home/byte_data_seed/lf_lq/speech/user/huangzhiying.92/data/bigtts/WFVAE_v2_labv3_punc_1879h/11labs_794speaker/FrnxcBxGE7fTCtZJxH5U/chunk*/*.tar
hdfs://haruna/home/byte_data_seed/lf_lq/speech/user/huangzhiying.92/data/bigtts/WFVAE_v2_labv3_punc_1879h/11labs_794speaker/Fsr7qZTs3eOminMcavdZ/chunk*/*.tar
hdfs://haruna/home/byte_data_seed/lf_lq/speech/user/huangzhiying.92/data/bigtts/WFVAE_v2_labv3_punc_1879h/11labs_794speaker/fT0dsHyXNIdB4jUYSL6J/chunk*/*.tar
hdfs://haruna/home/byte_data_seed/lf_lq/speech/user/huangzhiying.92/data/bigtts/WFVAE_v2_labv3_punc_1879h/11labs_794speaker/FukZ4n4XwtvIpOTokVT1/chunk*/*.tar
hdfs://haruna/home/byte_data_seed/lf_lq/speech/user/huangzhiying.92/data/bigtts/WFVAE_v2_labv3_punc_1879h/11labs_794speaker/fY3vsxuXSdM1CHegoVDd/chunk*/*.tar
hdfs://haruna/home/byte_data_seed/lf_lq/speech/user/huangzhiying.92/data/bigtts/WFVAE_v2_labv3_punc_1879h/11labs_794speaker/g00CWSdhbV0hX3shzBmw/chunk*/*.tar
hdfs://haruna/home/byte_data_seed/lf_lq/speech/user/huangzhiying.92/data/bigtts/WFVAE_v2_labv3_punc_1879h/11labs_794speaker/G4EyRAqUrNhDf6NDDVVJ/chunk*/*.tar
hdfs://haruna/home/byte_data_seed/lf_lq/speech/user/huangzhiying.92/data/bigtts/WFVAE_v2_labv3_punc_1879h/11labs_794speaker/G7yTx51bCBGj7qM93IFh/chunk*/*.tar
hdfs://haruna/home/byte_data_seed/lf_lq/speech/user/huangzhiying.92/data/bigtts/WFVAE_v2_labv3_punc_1879h/11labs_794speaker/G8YvqPVHb1UHLCaSNz8J/chunk*/*.tar
hdfs://haruna/home/byte_data_seed/lf_lq/speech/user/huangzhiying.92/data/bigtts/WFVAE_v2_labv3_punc_1879h/11labs_794speaker/g9E2jb6f0Q5PcwXBqf4c/chunk*/*.tar
hdfs://haruna/home/byte_data_seed/lf_lq/speech/user/huangzhiying.92/data/bigtts/WFVAE_v2_labv3_punc_1879h/11labs_794speaker/gBjohb01SQP2D9JhiRqd/chunk*/*.tar
hdfs://haruna/home/byte_data_seed/lf_lq/speech/user/huangzhiying.92/data/bigtts/WFVAE_v2_labv3_punc_1879h/11labs_794speaker/GbMpk2TGcQxlh4XMtSfj/chunk*/*.tar
hdfs://haruna/home/byte_data_seed/lf_lq/speech/user/huangzhiying.92/data/bigtts/WFVAE_v2_labv3_punc_1879h/11labs_794speaker/GfLAjacCADDUrKUsZnSG/chunk*/*.tar
hdfs://haruna/home/byte_data_seed/lf_lq/speech/user/huangzhiying.92/data/bigtts/WFVAE_v2_labv3_punc_1879h/11labs_794speaker/gJqYlov5lP8rQIvgaKRb/chunk*/*.tar
hdfs://haruna/home/byte_data_seed/lf_lq/speech/user/huangzhiying.92/data/bigtts/WFVAE_v2_labv3_punc_1879h/11labs_794speaker/GkyiIUf42YTOKBogSOvy/chunk*/*.tar
hdfs://haruna/home/byte_data_seed/lf_lq/speech/user/huangzhiying.92/data/bigtts/WFVAE_v2_labv3_punc_1879h/11labs_794speaker/gKzjVzUnVWA4Mj4j94HG/chunk*/*.tar
hdfs://haruna/home/byte_data_seed/lf_lq/speech/user/huangzhiying.92/data/bigtts/WFVAE_v2_labv3_punc_1879h/11labs_794speaker/gLoH1fUK78JaOu2ySTJB/chunk*/*.tar
hdfs://haruna/home/byte_data_seed/lf_lq/speech/user/huangzhiying.92/data/bigtts/WFVAE_v2_labv3_punc_1879h/11labs_794speaker/gN0n0egkJaZ8Kd0hOFBZ/chunk*/*.tar
hdfs://haruna/home/byte_data_seed/lf_lq/speech/user/huangzhiying.92/data/bigtts/WFVAE_v2_labv3_punc_1879h/11labs_794speaker/GNe9MI3Lmw5vaQeww84j/chunk*/*.tar
hdfs://haruna/home/byte_data_seed/lf_lq/speech/user/huangzhiying.92/data/bigtts/WFVAE_v2_labv3_punc_1879h/11labs_794speaker/gq6BjkKtIRucoGOCLYxC/chunk*/*.tar
hdfs://haruna/home/byte_data_seed/lf_lq/speech/user/huangzhiying.92/data/bigtts/WFVAE_v2_labv3_punc_1879h/11labs_794speaker/gSdyuNKdm8fWJv08m9Xk/chunk*/*.tar
hdfs://haruna/home/byte_data_seed/lf_lq/speech/user/huangzhiying.92/data/bigtts/WFVAE_v2_labv3_punc_1879h/11labs_794speaker/gsMzfBoCzCRafMa0zSFJ/chunk*/*.tar
hdfs://haruna/home/byte_data_seed/lf_lq/speech/user/huangzhiying.92/data/bigtts/WFVAE_v2_labv3_punc_1879h/11labs_794speaker/GthQEFGLLbhlXdnv1olH/chunk*/*.tar
hdfs://haruna/home/byte_data_seed/lf_lq/speech/user/huangzhiying.92/data/bigtts/WFVAE_v2_labv3_punc_1879h/11labs_794speaker/gtIxYnkTZlBo7C28DQJU/chunk*/*.tar
hdfs://haruna/home/byte_data_seed/lf_lq/speech/user/huangzhiying.92/data/bigtts/WFVAE_v2_labv3_punc_1879h/11labs_794speaker/Gu1HoMHMKR3xV3SvDWzT/chunk*/*.tar
hdfs://haruna/home/byte_data_seed/lf_lq/speech/user/huangzhiying.92/data/bigtts/WFVAE_v2_labv3_punc_1879h/11labs_794speaker/gUBSpyxS9oLMFXtJhwlF/chunk*/*.tar
hdfs://haruna/home/byte_data_seed/lf_lq/speech/user/huangzhiying.92/data/bigtts/WFVAE_v2_labv3_punc_1879h/11labs_794speaker/gVj08xr1fnuDdugxv4rK/chunk*/*.tar
hdfs://haruna/home/byte_data_seed/lf_lq/speech/user/huangzhiying.92/data/bigtts/WFVAE_v2_labv3_punc_1879h/11labs_794speaker/GVJK7ccg0FO31FNHJAqO/chunk*/*.tar
hdfs://haruna/home/byte_data_seed/lf_lq/speech/user/huangzhiying.92/data/bigtts/WFVAE_v2_labv3_punc_1879h/11labs_794speaker/gWFe8R1THLVBqaSYKe8b/chunk*/*.tar
hdfs://haruna/home/byte_data_seed/lf_lq/speech/user/huangzhiying.92/data/bigtts/WFVAE_v2_labv3_punc_1879h/11labs_794speaker/gwsmuJd8WPI3FpTPhrZ7/chunk*/*.tar
hdfs://haruna/home/byte_data_seed/lf_lq/speech/user/huangzhiying.92/data/bigtts/WFVAE_v2_labv3_punc_1879h/11labs_794speaker/GWTmBCr46WDgkviu6QHC/chunk*/*.tar
hdfs://haruna/home/byte_data_seed/lf_lq/speech/user/huangzhiying.92/data/bigtts/WFVAE_v2_labv3_punc_1879h/11labs_794speaker/gx48ZcTAA7nex7WuoUH6/chunk*/*.tar
hdfs://haruna/home/byte_data_seed/lf_lq/speech/user/huangzhiying.92/data/bigtts/WFVAE_v2_labv3_punc_1879h/11labs_794speaker/GzdUsmnLH3wFT2tVNtfd/chunk*/*.tar
hdfs://haruna/home/byte_data_seed/lf_lq/speech/user/huangzhiying.92/data/bigtts/WFVAE_v2_labv3_punc_1879h/11labs_794speaker/gZssAgJWeAtpVwsQ3CpA/chunk*/*.tar
hdfs://haruna/home/byte_data_seed/lf_lq/speech/user/huangzhiying.92/data/bigtts/WFVAE_v2_labv3_punc_1879h/11labs_794speaker/h10RoO9GDcI4jHMTmsXg/chunk*/*.tar
hdfs://haruna/home/byte_data_seed/lf_lq/speech/user/huangzhiying.92/data/bigtts/WFVAE_v2_labv3_punc_1879h/11labs_794speaker/h2Bq7ManzC6bolCIL5t1/chunk*/*.tar
hdfs://haruna/home/byte_data_seed/lf_lq/speech/user/huangzhiying.92/data/bigtts/WFVAE_v2_labv3_punc_1879h/11labs_794speaker/h2GQnmUHDjM1cVNbGiVp/chunk*/*.tar
hdfs://haruna/home/byte_data_seed/lf_lq/speech/user/huangzhiying.92/data/bigtts/WFVAE_v2_labv3_punc_1879h/11labs_794speaker/H2nsl2VPczM5tZcRA4JO/chunk*/*.tar
hdfs://haruna/home/byte_data_seed/lf_lq/speech/user/huangzhiying.92/data/bigtts/WFVAE_v2_labv3_punc_1879h/11labs_794speaker/h3UArb2aSOdJMFA32VLK/chunk*/*.tar
hdfs://haruna/home/byte_data_seed/lf_lq/speech/user/huangzhiying.92/data/bigtts/WFVAE_v2_labv3_punc_1879h/11labs_794speaker/H6rCMVhsU00h5qM1w8gV/chunk*/*.tar
hdfs://haruna/home/byte_data_seed/lf_lq/speech/user/huangzhiying.92/data/bigtts/WFVAE_v2_labv3_punc_1879h/11labs_794speaker/h9pLpXxPBnu38EiQnSez/chunk*/*.tar
hdfs://haruna/home/byte_data_seed/lf_lq/speech/user/huangzhiying.92/data/bigtts/WFVAE_v2_labv3_punc_1879h/11labs_794speaker/HaFx2RtfkTwdWsXUefbT/chunk*/*.tar
hdfs://haruna/home/byte_data_seed/lf_lq/speech/user/huangzhiying.92/data/bigtts/WFVAE_v2_labv3_punc_1879h/11labs_794speaker/hANj3aPoKM8RlUoE8Y2S/chunk*/*.tar
hdfs://haruna/home/byte_data_seed/lf_lq/speech/user/huangzhiying.92/data/bigtts/WFVAE_v2_labv3_punc_1879h/11labs_794speaker/HAt88VhuVDHY4dAWTCQU/chunk*/*.tar
hdfs://haruna/home/byte_data_seed/lf_lq/speech/user/huangzhiying.92/data/bigtts/WFVAE_v2_labv3_punc_1879h/11labs_794speaker/hePXqSvKqn9qKC1KDWtB/chunk*/*.tar
hdfs://haruna/home/byte_data_seed/lf_lq/speech/user/huangzhiying.92/data/bigtts/WFVAE_v2_labv3_punc_1879h/11labs_794speaker/hIx7IEKIuNLQpRx4yA16/chunk*/*.tar
hdfs://haruna/home/byte_data_seed/lf_lq/speech/user/huangzhiying.92/data/bigtts/WFVAE_v2_labv3_punc_1879h/11labs_794speaker/HJ4l6gRfOlkzqLpWWsPo/chunk*/*.tar
hdfs://haruna/home/byte_data_seed/lf_lq/speech/user/huangzhiying.92/data/bigtts/WFVAE_v2_labv3_punc_1879h/11labs_794speaker/HKwlzdk40ThdlawuaO2F/chunk*/*.tar
hdfs://haruna/home/byte_data_seed/lf_lq/speech/user/huangzhiying.92/data/bigtts/WFVAE_v2_labv3_punc_1879h/11labs_794speaker/HNmEwJ9xUZEggYv5qmPW/chunk*/*.tar
hdfs://haruna/home/byte_data_seed/lf_lq/speech/user/huangzhiying.92/data/bigtts/WFVAE_v2_labv3_punc_1879h/11labs_794speaker/HNpLhKMeUB8JH4pjD470/chunk*/*.tar
hdfs://haruna/home/byte_data_seed/lf_lq/speech/user/huangzhiying.92/data/bigtts/WFVAE_v2_labv3_punc_1879h/11labs_794speaker/HNXqG15dup7vZpMlt1Mb/chunk*/*.tar
hdfs://haruna/home/byte_data_seed/lf_lq/speech/user/huangzhiying.92/data/bigtts/WFVAE_v2_labv3_punc_1879h/11labs_794speaker/hOjZ62G4eXgmRR0weBTi/chunk*/*.tar
hdfs://haruna/home/byte_data_seed/lf_lq/speech/user/huangzhiying.92/data/bigtts/WFVAE_v2_labv3_punc_1879h/11labs_794speaker/hs6LU515LG1xwqiSJ3YZ/chunk*/*.tar
hdfs://haruna/home/byte_data_seed/lf_lq/speech/user/huangzhiying.92/data/bigtts/WFVAE_v2_labv3_punc_1879h/11labs_794speaker/HsEtBfwXjLEaX1AbUUHZ/chunk*/*.tar
hdfs://haruna/home/byte_data_seed/lf_lq/speech/user/huangzhiying.92/data/bigtts/WFVAE_v2_labv3_punc_1879h/11labs_794speaker/htUH0OvPKTgSfN1YWqHg/chunk*/*.tar
hdfs://haruna/home/byte_data_seed/lf_lq/speech/user/huangzhiying.92/data/bigtts/WFVAE_v2_labv3_punc_1879h/11labs_794speaker/HuRdex3XlsOJseOLOMvK/chunk*/*.tar
hdfs://haruna/home/byte_data_seed/lf_lq/speech/user/huangzhiying.92/data/bigtts/WFVAE_v2_labv3_punc_1879h/11labs_794speaker/HvGvZAqHpMUh30LIwtqu/chunk*/*.tar
hdfs://haruna/home/byte_data_seed/lf_lq/speech/user/huangzhiying.92/data/bigtts/WFVAE_v2_labv3_punc_1879h/11labs_794speaker/HVHwZt1xlgmhOcyPQHPB/chunk*/*.tar
hdfs://haruna/home/byte_data_seed/lf_lq/speech/user/huangzhiying.92/data/bigtts/WFVAE_v2_labv3_punc_1879h/11labs_794speaker/hvj9j2qKekAMkib0u3cB/chunk*/*.tar
hdfs://haruna/home/byte_data_seed/lf_lq/speech/user/huangzhiying.92/data/bigtts/WFVAE_v2_labv3_punc_1879h/11labs_794speaker/hWIJubFUSzcPKQqxpYvg/chunk*/*.tar
hdfs://haruna/home/byte_data_seed/lf_lq/speech/user/huangzhiying.92/data/bigtts/WFVAE_v2_labv3_punc_1879h/11labs_794speaker/HwkHMVaHWWqVrAIhSvH7/chunk*/*.tar
hdfs://haruna/home/byte_data_seed/lf_lq/speech/user/huangzhiying.92/data/bigtts/WFVAE_v2_labv3_punc_1879h/11labs_794speaker/hyBp9ZfX6GMhIX7gTqQL/chunk*/*.tar
hdfs://haruna/home/byte_data_seed/lf_lq/speech/user/huangzhiying.92/data/bigtts/WFVAE_v2_labv3_punc_1879h/11labs_794speaker/hyXJAqADw3US2oDsBFtO/chunk*/*.tar
hdfs://haruna/home/byte_data_seed/lf_lq/speech/user/huangzhiying.92/data/bigtts/WFVAE_v2_labv3_punc_1879h/11labs_794speaker/i41JOEAOnN59RT3DtTDm/chunk*/*.tar
hdfs://haruna/home/byte_data_seed/lf_lq/speech/user/huangzhiying.92/data/bigtts/WFVAE_v2_labv3_punc_1879h/11labs_794speaker/I7GeKDHYcbQVO0lmzJgN/chunk*/*.tar
hdfs://haruna/home/byte_data_seed/lf_lq/speech/user/huangzhiying.92/data/bigtts/WFVAE_v2_labv3_punc_1879h/11labs_794speaker/i8sONCCtcm2b77O4LKrT/chunk*/*.tar
hdfs://haruna/home/byte_data_seed/lf_lq/speech/user/huangzhiying.92/data/bigtts/WFVAE_v2_labv3_punc_1879h/11labs_794speaker/I9a196hT7iNmdOvOsIMk/chunk*/*.tar
hdfs://haruna/home/byte_data_seed/lf_lq/speech/user/huangzhiying.92/data/bigtts/WFVAE_v2_labv3_punc_1879h/11labs_794speaker/IALz6I7WL1NHSNGgw1S5/chunk*/*.tar
hdfs://haruna/home/byte_data_seed/lf_lq/speech/user/huangzhiying.92/data/bigtts/WFVAE_v2_labv3_punc_1879h/11labs_794speaker/IBI1BiHFTO4rgXBVIOKE/chunk*/*.tar
hdfs://haruna/home/byte_data_seed/lf_lq/speech/user/huangzhiying.92/data/bigtts/WFVAE_v2_labv3_punc_1879h/11labs_794speaker/IfkK6fQxjDxpMkRjImG0/chunk*/*.tar
hdfs://haruna/home/byte_data_seed/lf_lq/speech/user/huangzhiying.92/data/bigtts/WFVAE_v2_labv3_punc_1879h/11labs_794speaker/IG82MXAIj3XQrxeBSfBZ/chunk*/*.tar
hdfs://haruna/home/byte_data_seed/lf_lq/speech/user/huangzhiying.92/data/bigtts/WFVAE_v2_labv3_punc_1879h/11labs_794speaker/iGs6saMGFtO66CCtHKEm/chunk*/*.tar
hdfs://haruna/home/byte_data_seed/lf_lq/speech/user/huangzhiying.92/data/bigtts/WFVAE_v2_labv3_punc_1879h/11labs_794speaker/iipYXJMVMgSZ54hySoqL/chunk*/*.tar
hdfs://haruna/home/byte_data_seed/lf_lq/speech/user/huangzhiying.92/data/bigtts/WFVAE_v2_labv3_punc_1879h/11labs_794speaker/Iks0fcn6LCa6hX4x6VfG/chunk*/*.tar
hdfs://haruna/home/byte_data_seed/lf_lq/speech/user/huangzhiying.92/data/bigtts/WFVAE_v2_labv3_punc_1879h/11labs_794speaker/iN3KdR9uTRAlWXZFA5pR/chunk*/*.tar
hdfs://haruna/home/byte_data_seed/lf_lq/speech/user/huangzhiying.92/data/bigtts/WFVAE_v2_labv3_punc_1879h/11labs_794speaker/iNFAG1RTznDfaMPnCuCt/chunk*/*.tar
hdfs://haruna/home/byte_data_seed/lf_lq/speech/user/huangzhiying.92/data/bigtts/WFVAE_v2_labv3_punc_1879h/11labs_794speaker/inTrmLH9U3JfBH4mBIvv/chunk*/*.tar
hdfs://haruna/home/byte_data_seed/lf_lq/speech/user/huangzhiying.92/data/bigtts/WFVAE_v2_labv3_punc_1879h/11labs_794speaker/Inx1QuIjB4cDp1lFxZ4c/chunk*/*.tar
hdfs://haruna/home/byte_data_seed/lf_lq/speech/user/huangzhiying.92/data/bigtts/WFVAE_v2_labv3_punc_1879h/11labs_794speaker/iPnK5AGhsNHW64b4sR3u/chunk*/*.tar
hdfs://haruna/home/byte_data_seed/lf_lq/speech/user/huangzhiying.92/data/bigtts/WFVAE_v2_labv3_punc_1879h/11labs_794speaker/IROmb3EHERRSmr2t1kEq/chunk*/*.tar
hdfs://haruna/home/byte_data_seed/lf_lq/speech/user/huangzhiying.92/data/bigtts/WFVAE_v2_labv3_punc_1879h/11labs_794speaker/isonSYLB2CIzPQvko6vO/chunk*/*.tar
hdfs://haruna/home/byte_data_seed/lf_lq/speech/user/huangzhiying.92/data/bigtts/WFVAE_v2_labv3_punc_1879h/11labs_794speaker/IStAzHxUHaTWHnFob20B/chunk*/*.tar
hdfs://haruna/home/byte_data_seed/lf_lq/speech/user/huangzhiying.92/data/bigtts/WFVAE_v2_labv3_punc_1879h/11labs_794speaker/itlIBSEtsO55fCqLZmnm/chunk*/*.tar
hdfs://haruna/home/byte_data_seed/lf_lq/speech/user/huangzhiying.92/data/bigtts/WFVAE_v2_labv3_punc_1879h/11labs_794speaker/iZiwW0yjKyo9yq7PSWaR/chunk*/*.tar
hdfs://haruna/home/byte_data_seed/lf_lq/speech/user/huangzhiying.92/data/bigtts/WFVAE_v2_labv3_punc_1879h/11labs_794speaker/IZv8bCn4hrutKfwmfdCq/chunk*/*.tar
hdfs://haruna/home/byte_data_seed/lf_lq/speech/user/huangzhiying.92/data/bigtts/WFVAE_v2_labv3_punc_1879h/11labs_794speaker/J3FfmvN5RiNO42QdlHG5/chunk*/*.tar
hdfs://haruna/home/byte_data_seed/lf_lq/speech/user/huangzhiying.92/data/bigtts/WFVAE_v2_labv3_punc_1879h/11labs_794speaker/J55efoH8v9RdzzNVtx0o/chunk*/*.tar
hdfs://haruna/home/byte_data_seed/lf_lq/speech/user/huangzhiying.92/data/bigtts/WFVAE_v2_labv3_punc_1879h/11labs_794speaker/jAorykJxYyHdSYJAkL53/chunk*/*.tar
hdfs://haruna/home/byte_data_seed/lf_lq/speech/user/huangzhiying.92/data/bigtts/WFVAE_v2_labv3_punc_1879h/11labs_794speaker/jc73JugYFD8OaV6fONQk/chunk*/*.tar
hdfs://haruna/home/byte_data_seed/lf_lq/speech/user/huangzhiying.92/data/bigtts/WFVAE_v2_labv3_punc_1879h/11labs_794speaker/Jc9zaNziOP1I5xzCyf43/chunk*/*.tar
hdfs://haruna/home/byte_data_seed/lf_lq/speech/user/huangzhiying.92/data/bigtts/WFVAE_v2_labv3_punc_1879h/11labs_794speaker/jcyBm35wqb8jlj4cJurP/chunk*/*.tar
hdfs://haruna/home/byte_data_seed/lf_lq/speech/user/huangzhiying.92/data/bigtts/WFVAE_v2_labv3_punc_1879h/11labs_794speaker/jFoG1n3xWVkyKPvJgmb8/chunk*/*.tar
hdfs://haruna/home/byte_data_seed/lf_lq/speech/user/huangzhiying.92/data/bigtts/WFVAE_v2_labv3_punc_1879h/11labs_794speaker/jfP0E7EyrhiJyjw6ba7K/chunk*/*.tar
hdfs://haruna/home/byte_data_seed/lf_lq/speech/user/huangzhiying.92/data/bigtts/WFVAE_v2_labv3_punc_1879h/11labs_794speaker/jgMvh9uigQnbgGE6RI00/chunk*/*.tar
hdfs://haruna/home/byte_data_seed/lf_lq/speech/user/huangzhiying.92/data/bigtts/WFVAE_v2_labv3_punc_1879h/11labs_794speaker/jhFevHFsl73zIWhALchn/chunk*/*.tar
hdfs://haruna/home/byte_data_seed/lf_lq/speech/user/huangzhiying.92/data/bigtts/WFVAE_v2_labv3_punc_1879h/11labs_794speaker/JIByewAlxFGhvI8oepvc/chunk*/*.tar
hdfs://haruna/home/byte_data_seed/lf_lq/speech/user/huangzhiying.92/data/bigtts/WFVAE_v2_labv3_punc_1879h/11labs_794speaker/jIfhoh1i3YqNwsLcMFXi/chunk*/*.tar
hdfs://haruna/home/byte_data_seed/lf_lq/speech/user/huangzhiying.92/data/bigtts/WFVAE_v2_labv3_punc_1879h/11labs_794speaker/jiHlmwQrxXlYfGsZAWG7/chunk*/*.tar
hdfs://haruna/home/byte_data_seed/lf_lq/speech/user/huangzhiying.92/data/bigtts/WFVAE_v2_labv3_punc_1879h/11labs_794speaker/jIYWvAJ7Y3CfwV3Cbp2a/chunk*/*.tar
hdfs://haruna/home/byte_data_seed/lf_lq/speech/user/huangzhiying.92/data/bigtts/WFVAE_v2_labv3_punc_1879h/11labs_794speaker/jkUxhiYwD9pc7Pfy0ATK/chunk*/*.tar
hdfs://haruna/home/byte_data_seed/lf_lq/speech/user/huangzhiying.92/data/bigtts/WFVAE_v2_labv3_punc_1879h/11labs_794speaker/jNCwgo2EfRuDDos0emUv/chunk*/*.tar
hdfs://haruna/home/byte_data_seed/lf_lq/speech/user/huangzhiying.92/data/bigtts/WFVAE_v2_labv3_punc_1879h/11labs_794speaker/jOLpUocSsWZJFrR1xg0Q/chunk*/*.tar
hdfs://haruna/home/byte_data_seed/lf_lq/speech/user/huangzhiying.92/data/bigtts/WFVAE_v2_labv3_punc_1879h/11labs_794speaker/jPPj29u0vck17WwlKUzq/chunk*/*.tar
hdfs://haruna/home/byte_data_seed/lf_lq/speech/user/huangzhiying.92/data/bigtts/WFVAE_v2_labv3_punc_1879h/11labs_794speaker/JpSsSm53lMthzznZXxl1/chunk*/*.tar
hdfs://haruna/home/byte_data_seed/lf_lq/speech/user/huangzhiying.92/data/bigtts/WFVAE_v2_labv3_punc_1879h/11labs_794speaker/JR7nf4fwBZns076t5IdO/chunk*/*.tar
hdfs://haruna/home/byte_data_seed/lf_lq/speech/user/huangzhiying.92/data/bigtts/WFVAE_v2_labv3_punc_1879h/11labs_794speaker/jUUoOtDIj6Vu6B0cyvp8/chunk*/*.tar
hdfs://haruna/home/byte_data_seed/lf_lq/speech/user/huangzhiying.92/data/bigtts/WFVAE_v2_labv3_punc_1879h/11labs_794speaker/JV4vyDfS7zoiLWylN22C/chunk*/*.tar
hdfs://haruna/home/byte_data_seed/lf_lq/speech/user/huangzhiying.92/data/bigtts/WFVAE_v2_labv3_punc_1879h/11labs_794speaker/Jz8IyCXtplZVoSA0PbhU/chunk*/*.tar
hdfs://haruna/home/byte_data_seed/lf_lq/speech/user/huangzhiying.92/data/bigtts/WFVAE_v2_labv3_punc_1879h/11labs_794speaker/JzOtEsPCiNSLKl7YTHoy/chunk*/*.tar
hdfs://haruna/home/byte_data_seed/lf_lq/speech/user/huangzhiying.92/data/bigtts/WFVAE_v2_labv3_punc_1879h/11labs_794speaker/K3g6HFIFoyUgP7zu9kK4/chunk*/*.tar
hdfs://haruna/home/byte_data_seed/lf_lq/speech/user/huangzhiying.92/data/bigtts/WFVAE_v2_labv3_punc_1879h/11labs_794speaker/K437tVi6iMgXHq9o5Ckf/chunk*/*.tar
hdfs://haruna/home/byte_data_seed/lf_lq/speech/user/huangzhiying.92/data/bigtts/WFVAE_v2_labv3_punc_1879h/11labs_794speaker/k4OhZ6R9nSYcWKF9m92d/chunk*/*.tar
hdfs://haruna/home/byte_data_seed/lf_lq/speech/user/huangzhiying.92/data/bigtts/WFVAE_v2_labv3_punc_1879h/11labs_794speaker/k4Q7P5ChbZn2numspSW2/chunk*/*.tar
hdfs://haruna/home/byte_data_seed/lf_lq/speech/user/huangzhiying.92/data/bigtts/WFVAE_v2_labv3_punc_1879h/11labs_794speaker/K5tbQr28Oat3W3exKJyu/chunk*/*.tar
hdfs://haruna/home/byte_data_seed/lf_lq/speech/user/huangzhiying.92/data/bigtts/WFVAE_v2_labv3_punc_1879h/11labs_794speaker/k7jbI6MQ4sfwaIX6iU3G/chunk*/*.tar
hdfs://haruna/home/byte_data_seed/lf_lq/speech/user/huangzhiying.92/data/bigtts/WFVAE_v2_labv3_punc_1879h/11labs_794speaker/KaA15tq3bqUwIQEtxujv/chunk*/*.tar
hdfs://haruna/home/byte_data_seed/lf_lq/speech/user/huangzhiying.92/data/bigtts/WFVAE_v2_labv3_punc_1879h/11labs_794speaker/KbVu4i0Mmd7nAwZnQXgF/chunk*/*.tar
hdfs://haruna/home/byte_data_seed/lf_lq/speech/user/huangzhiying.92/data/bigtts/WFVAE_v2_labv3_punc_1879h/11labs_794speaker/kCeB5lUxEjoJmDb4Hh2w/chunk*/*.tar
hdfs://haruna/home/byte_data_seed/lf_lq/speech/user/huangzhiying.92/data/bigtts/WFVAE_v2_labv3_punc_1879h/11labs_794speaker/kDHiSgE1RejxLzIgoy7D/chunk*/*.tar
hdfs://haruna/home/byte_data_seed/lf_lq/speech/user/huangzhiying.92/data/bigtts/WFVAE_v2_labv3_punc_1879h/11labs_794speaker/KFNemnCJUa5gYwSOA6rP/chunk*/*.tar
hdfs://haruna/home/byte_data_seed/lf_lq/speech/user/huangzhiying.92/data/bigtts/WFVAE_v2_labv3_punc_1879h/11labs_794speaker/KgCV2lFms9q43omvUSWi/chunk*/*.tar
hdfs://haruna/home/byte_data_seed/lf_lq/speech/user/huangzhiying.92/data/bigtts/WFVAE_v2_labv3_punc_1879h/11labs_794speaker/KHw7lO2OfxkXwebR0ROJ/chunk*/*.tar
hdfs://haruna/home/byte_data_seed/lf_lq/speech/user/huangzhiying.92/data/bigtts/WFVAE_v2_labv3_punc_1879h/11labs_794speaker/kIigT5tQ93jmTtQm2Nw0/chunk*/*.tar
hdfs://haruna/home/byte_data_seed/lf_lq/speech/user/huangzhiying.92/data/bigtts/WFVAE_v2_labv3_punc_1879h/11labs_794speaker/kl5TtRhlv8rEPOBxge1H/chunk*/*.tar
hdfs://haruna/home/byte_data_seed/lf_lq/speech/user/huangzhiying.92/data/bigtts/WFVAE_v2_labv3_punc_1879h/11labs_794speaker/KlGbxhi8Ql5fSG0NUwU9/chunk*/*.tar
hdfs://haruna/home/byte_data_seed/lf_lq/speech/user/huangzhiying.92/data/bigtts/WFVAE_v2_labv3_punc_1879h/11labs_794speaker/klGReZyZmRlscscXVUdL/chunk*/*.tar
hdfs://haruna/home/byte_data_seed/lf_lq/speech/user/huangzhiying.92/data/bigtts/WFVAE_v2_labv3_punc_1879h/11labs_794speaker/KLuXFr6yRLXmAL4vETrO/chunk*/*.tar
hdfs://haruna/home/byte_data_seed/lf_lq/speech/user/huangzhiying.92/data/bigtts/WFVAE_v2_labv3_punc_1879h/11labs_794speaker/KMCD8r1GBFaAjHGTfpt9/chunk*/*.tar
hdfs://haruna/home/byte_data_seed/lf_lq/speech/user/huangzhiying.92/data/bigtts/WFVAE_v2_labv3_punc_1879h/11labs_794speaker/kPI2vgUlZO52RdLhbX4t/chunk*/*.tar
hdfs://haruna/home/byte_data_seed/lf_lq/speech/user/huangzhiying.92/data/bigtts/WFVAE_v2_labv3_punc_1879h/11labs_794speaker/kpoBzr20TpnJ4eGsVOHO/chunk*/*.tar
hdfs://haruna/home/byte_data_seed/lf_lq/speech/user/huangzhiying.92/data/bigtts/WFVAE_v2_labv3_punc_1879h/11labs_794speaker/KPyXMciWsVBkK8okNQK8/chunk*/*.tar
hdfs://haruna/home/byte_data_seed/lf_lq/speech/user/huangzhiying.92/data/bigtts/WFVAE_v2_labv3_punc_1879h/11labs_794speaker/KrMsKBSEI4rIjwQjGcv8/chunk*/*.tar
hdfs://haruna/home/byte_data_seed/lf_lq/speech/user/huangzhiying.92/data/bigtts/WFVAE_v2_labv3_punc_1879h/11labs_794speaker/KRsZKRyL0PJX0nAXFf1B/chunk*/*.tar
hdfs://haruna/home/byte_data_seed/lf_lq/speech/user/huangzhiying.92/data/bigtts/WFVAE_v2_labv3_punc_1879h/11labs_794speaker/KS6WLhhDV7oS2FB5KrxO/chunk*/*.tar
hdfs://haruna/home/byte_data_seed/lf_lq/speech/user/huangzhiying.92/data/bigtts/WFVAE_v2_labv3_punc_1879h/11labs_794speaker/kSvTUoSqDlToA3hcGDHH/chunk*/*.tar
hdfs://haruna/home/byte_data_seed/lf_lq/speech/user/huangzhiying.92/data/bigtts/WFVAE_v2_labv3_punc_1879h/11labs_794speaker/kTrPp78mLPjJf7pT5lXx/chunk*/*.tar
hdfs://haruna/home/byte_data_seed/lf_lq/speech/user/huangzhiying.92/data/bigtts/WFVAE_v2_labv3_punc_1879h/11labs_794speaker/KUSupuu9PX55gBlysHfi/chunk*/*.tar
hdfs://haruna/home/byte_data_seed/lf_lq/speech/user/huangzhiying.92/data/bigtts/WFVAE_v2_labv3_punc_1879h/11labs_794speaker/KvgiJz9Xaz7gA9rm7RrE/chunk*/*.tar
hdfs://haruna/home/byte_data_seed/lf_lq/speech/user/huangzhiying.92/data/bigtts/WFVAE_v2_labv3_punc_1879h/11labs_794speaker/kwwLHVL0bHje1iFKdSFc/chunk*/*.tar
hdfs://haruna/home/byte_data_seed/lf_lq/speech/user/huangzhiying.92/data/bigtts/WFVAE_v2_labv3_punc_1879h/11labs_794speaker/KXAoch0Jzgfz9vnMJHzb/chunk*/*.tar
hdfs://haruna/home/byte_data_seed/lf_lq/speech/user/huangzhiying.92/data/bigtts/WFVAE_v2_labv3_punc_1879h/11labs_794speaker/kygmhAczAY9MoCZr2S8a/chunk*/*.tar
hdfs://haruna/home/byte_data_seed/lf_lq/speech/user/huangzhiying.92/data/bigtts/WFVAE_v2_labv3_punc_1879h/11labs_794speaker/KYivREKNy1gpyZP7WmOS/chunk*/*.tar
hdfs://haruna/home/byte_data_seed/lf_lq/speech/user/huangzhiying.92/data/bigtts/WFVAE_v2_labv3_punc_1879h/11labs_794speaker/kYm91SG0cD5k52k0cE37/chunk*/*.tar
hdfs://haruna/home/byte_data_seed/lf_lq/speech/user/huangzhiying.92/data/bigtts/WFVAE_v2_labv3_punc_1879h/11labs_794speaker/l1J8owvSufKsWh5LOME4/chunk*/*.tar
hdfs://haruna/home/byte_data_seed/lf_lq/speech/user/huangzhiying.92/data/bigtts/WFVAE_v2_labv3_punc_1879h/11labs_794speaker/L3bkIkCpHXwulYNkrUyR/chunk*/*.tar
hdfs://haruna/home/byte_data_seed/lf_lq/speech/user/huangzhiying.92/data/bigtts/WFVAE_v2_labv3_punc_1879h/11labs_794speaker/l5nSxM4V1FYKIuxzVdaB/chunk*/*.tar
hdfs://haruna/home/byte_data_seed/lf_lq/speech/user/huangzhiying.92/data/bigtts/WFVAE_v2_labv3_punc_1879h/11labs_794speaker/l6jsxd1n5HBhsNlJs1SD/chunk*/*.tar
hdfs://haruna/home/byte_data_seed/lf_lq/speech/user/huangzhiying.92/data/bigtts/WFVAE_v2_labv3_punc_1879h/11labs_794speaker/l8J9Bwv7DJlAL0q9Dfck/chunk*/*.tar
hdfs://haruna/home/byte_data_seed/lf_lq/speech/user/huangzhiying.92/data/bigtts/WFVAE_v2_labv3_punc_1879h/11labs_794speaker/lBWtzXfaoXEXsFRPvv2G/chunk*/*.tar
hdfs://haruna/home/byte_data_seed/lf_lq/speech/user/huangzhiying.92/data/bigtts/WFVAE_v2_labv3_punc_1879h/11labs_794speaker/LcyIjgmOa55WwIcOpEKr/chunk*/*.tar
hdfs://haruna/home/byte_data_seed/lf_lq/speech/user/huangzhiying.92/data/bigtts/WFVAE_v2_labv3_punc_1879h/11labs_794speaker/LDAm50dcclCBeTNb84Y5/chunk*/*.tar
hdfs://haruna/home/byte_data_seed/lf_lq/speech/user/huangzhiying.92/data/bigtts/WFVAE_v2_labv3_punc_1879h/11labs_794speaker/lEW6GefZWjNE6iH3hpVs/chunk*/*.tar
hdfs://haruna/home/byte_data_seed/lf_lq/speech/user/huangzhiying.92/data/bigtts/WFVAE_v2_labv3_punc_1879h/11labs_794speaker/LjB2ggszAMKqsI90TMRn/chunk*/*.tar
hdfs://haruna/home/byte_data_seed/lf_lq/speech/user/huangzhiying.92/data/bigtts/WFVAE_v2_labv3_punc_1879h/11labs_794speaker/lKF4ILhw8Rq1YazaSF9l/chunk*/*.tar
hdfs://haruna/home/byte_data_seed/lf_lq/speech/user/huangzhiying.92/data/bigtts/WFVAE_v2_labv3_punc_1879h/11labs_794speaker/ll81waN9rTn2B5WjxQBx/chunk*/*.tar
hdfs://haruna/home/byte_data_seed/lf_lq/speech/user/huangzhiying.92/data/bigtts/WFVAE_v2_labv3_punc_1879h/11labs_794speaker/lNX6eGgh6l6GVCg3R62b/chunk*/*.tar
hdfs://haruna/home/byte_data_seed/lf_lq/speech/user/huangzhiying.92/data/bigtts/WFVAE_v2_labv3_punc_1879h/11labs_794speaker/LohED0lofvWqscMrQxi5/chunk*/*.tar
hdfs://haruna/home/byte_data_seed/lf_lq/speech/user/huangzhiying.92/data/bigtts/WFVAE_v2_labv3_punc_1879h/11labs_794speaker/LsBXd17ULlYKSQEtxXju/chunk*/*.tar
hdfs://haruna/home/byte_data_seed/lf_lq/speech/user/huangzhiying.92/data/bigtts/WFVAE_v2_labv3_punc_1879h/11labs_794speaker/lShGmZyCIZuDKQrYhN99/chunk*/*.tar
hdfs://haruna/home/byte_data_seed/lf_lq/speech/user/huangzhiying.92/data/bigtts/WFVAE_v2_labv3_punc_1879h/11labs_794speaker/LURvlxPhVS8BoJ045may/chunk*/*.tar
hdfs://haruna/home/byte_data_seed/lf_lq/speech/user/huangzhiying.92/data/bigtts/WFVAE_v2_labv3_punc_1879h/11labs_794speaker/lvfTQi11gLxvnWhF6gls/chunk*/*.tar
hdfs://haruna/home/byte_data_seed/lf_lq/speech/user/huangzhiying.92/data/bigtts/WFVAE_v2_labv3_punc_1879h/11labs_794speaker/lW3ZLHCb1U58plMJ5SfX/chunk*/*.tar
hdfs://haruna/home/byte_data_seed/lf_lq/speech/user/huangzhiying.92/data/bigtts/WFVAE_v2_labv3_punc_1879h/11labs_794speaker/M06zSSOmIshc0BfLUMOb/chunk*/*.tar
hdfs://haruna/home/byte_data_seed/lf_lq/speech/user/huangzhiying.92/data/bigtts/WFVAE_v2_labv3_punc_1879h/11labs_794speaker/M2J3MoahNjshsRIRZjJS/chunk*/*.tar
hdfs://haruna/home/byte_data_seed/lf_lq/speech/user/huangzhiying.92/data/bigtts/WFVAE_v2_labv3_punc_1879h/11labs_794speaker/m4ZmD8FubyVgRyt2ea25/chunk*/*.tar
hdfs://haruna/home/byte_data_seed/lf_lq/speech/user/huangzhiying.92/data/bigtts/WFVAE_v2_labv3_punc_1879h/11labs_794speaker/M5d7GK1daREFjxVILTI7/chunk*/*.tar
hdfs://haruna/home/byte_data_seed/lf_lq/speech/user/huangzhiying.92/data/bigtts/WFVAE_v2_labv3_punc_1879h/11labs_794speaker/M60vy3riH6Ju7G6eYtGe/chunk*/*.tar
hdfs://haruna/home/byte_data_seed/lf_lq/speech/user/huangzhiying.92/data/bigtts/WFVAE_v2_labv3_punc_1879h/11labs_794speaker/mBWi3FzSPnkmMbtSP1Sp/chunk*/*.tar
hdfs://haruna/home/byte_data_seed/lf_lq/speech/user/huangzhiying.92/data/bigtts/WFVAE_v2_labv3_punc_1879h/11labs_794speaker/md0TwAUf8ESsnfNNG6Bk/chunk*/*.tar
hdfs://haruna/home/byte_data_seed/lf_lq/speech/user/huangzhiying.92/data/bigtts/WFVAE_v2_labv3_punc_1879h/11labs_794speaker/Me7NKxwUYsbOOhqPTemB/chunk*/*.tar
hdfs://haruna/home/byte_data_seed/lf_lq/speech/user/huangzhiying.92/data/bigtts/WFVAE_v2_labv3_punc_1879h/11labs_794speaker/MfZeZfxQwk0o1Z5UaYBm/chunk*/*.tar
hdfs://haruna/home/byte_data_seed/lf_lq/speech/user/huangzhiying.92/data/bigtts/WFVAE_v2_labv3_punc_1879h/11labs_794speaker/mgAgvljzm9FnTaBsAUgD/chunk*/*.tar
hdfs://haruna/home/byte_data_seed/lf_lq/speech/user/huangzhiying.92/data/bigtts/WFVAE_v2_labv3_punc_1879h/11labs_794speaker/Mh6lsveaHBlQ0kuntS3S/chunk*/*.tar
hdfs://haruna/home/byte_data_seed/lf_lq/speech/user/huangzhiying.92/data/bigtts/WFVAE_v2_labv3_punc_1879h/11labs_794speaker/mhxbZiK6OFHo0zUYBrMh/chunk*/*.tar
hdfs://haruna/home/byte_data_seed/lf_lq/speech/user/huangzhiying.92/data/bigtts/WFVAE_v2_labv3_punc_1879h/11labs_794speaker/MjWp66Mj8mz2suKF8qGj/chunk*/*.tar
hdfs://haruna/home/byte_data_seed/lf_lq/speech/user/huangzhiying.92/data/bigtts/WFVAE_v2_labv3_punc_1879h/11labs_794speaker/mLKEw9YLMFc47Bx8Oabd/chunk*/*.tar
hdfs://haruna/home/byte_data_seed/lf_lq/speech/user/huangzhiying.92/data/bigtts/WFVAE_v2_labv3_punc_1879h/11labs_794speaker/MlPhFhdBdX8KsQ08SFc6/chunk*/*.tar
hdfs://haruna/home/byte_data_seed/lf_lq/speech/user/huangzhiying.92/data/bigtts/WFVAE_v2_labv3_punc_1879h/11labs_794speaker/Mml6iKaSh5AJV0bftD3U/chunk*/*.tar
hdfs://haruna/home/byte_data_seed/lf_lq/speech/user/huangzhiying.92/data/bigtts/WFVAE_v2_labv3_punc_1879h/11labs_794speaker/mMmrdc0A8JxsmIIXy6IB/chunk*/*.tar
hdfs://haruna/home/byte_data_seed/lf_lq/speech/user/huangzhiying.92/data/bigtts/WFVAE_v2_labv3_punc_1879h/11labs_794speaker/mNSIp8XbuZX7ST57XxD3/chunk*/*.tar
hdfs://haruna/home/byte_data_seed/lf_lq/speech/user/huangzhiying.92/data/bigtts/WFVAE_v2_labv3_punc_1879h/11labs_794speaker/mOD1D5EuqH7HErzO8jJG/chunk*/*.tar
hdfs://haruna/home/byte_data_seed/lf_lq/speech/user/huangzhiying.92/data/bigtts/WFVAE_v2_labv3_punc_1879h/11labs_794speaker/molCAjEABhRAdQQOu5Wj/chunk*/*.tar
hdfs://haruna/home/byte_data_seed/lf_lq/speech/user/huangzhiying.92/data/bigtts/WFVAE_v2_labv3_punc_1879h/11labs_794speaker/MpbAwjfYdVZYqqoljbTg/chunk*/*.tar
hdfs://haruna/home/byte_data_seed/lf_lq/speech/user/huangzhiying.92/data/bigtts/WFVAE_v2_labv3_punc_1879h/11labs_794speaker/MqHj7rEVcB8YZihy18Da/chunk*/*.tar
hdfs://haruna/home/byte_data_seed/lf_lq/speech/user/huangzhiying.92/data/bigtts/WFVAE_v2_labv3_punc_1879h/11labs_794speaker/MRJvQX3Pd6WtLOGwYzQ2/chunk*/*.tar
hdfs://haruna/home/byte_data_seed/lf_lq/speech/user/huangzhiying.92/data/bigtts/WFVAE_v2_labv3_punc_1879h/11labs_794speaker/MUaL4vcvC3AstdIvKmex/chunk*/*.tar
hdfs://haruna/home/byte_data_seed/lf_lq/speech/user/huangzhiying.92/data/bigtts/WFVAE_v2_labv3_punc_1879h/11labs_794speaker/MuvJL82ZorCAXpLlQMI3/chunk*/*.tar
hdfs://haruna/home/byte_data_seed/lf_lq/speech/user/huangzhiying.92/data/bigtts/WFVAE_v2_labv3_punc_1879h/11labs_794speaker/MxFnEq0lA2AO7A7bEVJT/chunk*/*.tar
hdfs://haruna/home/byte_data_seed/lf_lq/speech/user/huangzhiying.92/data/bigtts/WFVAE_v2_labv3_punc_1879h/11labs_794speaker/N3KCIYUxBmrYvbu7veup/chunk*/*.tar
hdfs://haruna/home/byte_data_seed/lf_lq/speech/user/huangzhiying.92/data/bigtts/WFVAE_v2_labv3_punc_1879h/11labs_794speaker/n6kgITxSIAN7yaENsLJf/chunk*/*.tar
hdfs://haruna/home/byte_data_seed/lf_lq/speech/user/huangzhiying.92/data/bigtts/WFVAE_v2_labv3_punc_1879h/11labs_794speaker/nA4iAwY5VzNlaMoLwE6T/chunk*/*.tar
hdfs://haruna/home/byte_data_seed/lf_lq/speech/user/huangzhiying.92/data/bigtts/WFVAE_v2_labv3_punc_1879h/11labs_794speaker/nBrzqICggrzTQrVCD0NK/chunk*/*.tar
hdfs://haruna/home/byte_data_seed/lf_lq/speech/user/huangzhiying.92/data/bigtts/WFVAE_v2_labv3_punc_1879h/11labs_794speaker/nC5xhk5PeOYJlRo7txBl/chunk*/*.tar
hdfs://haruna/home/byte_data_seed/lf_lq/speech/user/huangzhiying.92/data/bigtts/WFVAE_v2_labv3_punc_1879h/11labs_794speaker/nFo2XGDGRJ7LrdbF0usc/chunk*/*.tar
hdfs://haruna/home/byte_data_seed/lf_lq/speech/user/huangzhiying.92/data/bigtts/WFVAE_v2_labv3_punc_1879h/11labs_794speaker/ng3NTN1dQk4yd1cJ9Flt/chunk*/*.tar
hdfs://haruna/home/byte_data_seed/lf_lq/speech/user/huangzhiying.92/data/bigtts/WFVAE_v2_labv3_punc_1879h/11labs_794speaker/nHI8V7i6C53acxLR6t2D/chunk*/*.tar
hdfs://haruna/home/byte_data_seed/lf_lq/speech/user/huangzhiying.92/data/bigtts/WFVAE_v2_labv3_punc_1879h/11labs_794speaker/nkwDxujSougXHHd3blRM/chunk*/*.tar
hdfs://haruna/home/byte_data_seed/lf_lq/speech/user/huangzhiying.92/data/bigtts/WFVAE_v2_labv3_punc_1879h/11labs_794speaker/NljNZZQHaQlh9ZwnbGyx/chunk*/*.tar
hdfs://haruna/home/byte_data_seed/lf_lq/speech/user/huangzhiying.92/data/bigtts/WFVAE_v2_labv3_punc_1879h/11labs_794speaker/NNGP8fciGALwPEG4OKxW/chunk*/*.tar
hdfs://haruna/home/byte_data_seed/lf_lq/speech/user/huangzhiying.92/data/bigtts/WFVAE_v2_labv3_punc_1879h/11labs_794speaker/NniUABMWDl6WiiH9L5w8/chunk*/*.tar
hdfs://haruna/home/byte_data_seed/lf_lq/speech/user/huangzhiying.92/data/bigtts/WFVAE_v2_labv3_punc_1879h/11labs_794speaker/NnXkX39XZZ07p1RG2qGi/chunk*/*.tar
hdfs://haruna/home/byte_data_seed/lf_lq/speech/user/huangzhiying.92/data/bigtts/WFVAE_v2_labv3_punc_1879h/11labs_794speaker/nNzePLfYRXz3NOZ4dilr/chunk*/*.tar
hdfs://haruna/home/byte_data_seed/lf_lq/speech/user/huangzhiying.92/data/bigtts/WFVAE_v2_labv3_punc_1879h/11labs_794speaker/nOpR7DJptHsAJKVBttHm/chunk*/*.tar
hdfs://haruna/home/byte_data_seed/lf_lq/speech/user/huangzhiying.92/data/bigtts/WFVAE_v2_labv3_punc_1879h/11labs_794speaker/nq1rIk185KaEaObyEfOb/chunk*/*.tar
hdfs://haruna/home/byte_data_seed/lf_lq/speech/user/huangzhiying.92/data/bigtts/WFVAE_v2_labv3_punc_1879h/11labs_794speaker/nQDpOeGDhhVjOJBU3vzY/chunk*/*.tar
hdfs://haruna/home/byte_data_seed/lf_lq/speech/user/huangzhiying.92/data/bigtts/WFVAE_v2_labv3_punc_1879h/11labs_794speaker/nr9WVBkW6fTvQCk1Qu69/chunk*/*.tar
hdfs://haruna/home/byte_data_seed/lf_lq/speech/user/huangzhiying.92/data/bigtts/WFVAE_v2_labv3_punc_1879h/11labs_794speaker/NSb5nJ9gEPhL9FZ6lat0/chunk*/*.tar
hdfs://haruna/home/byte_data_seed/lf_lq/speech/user/huangzhiying.92/data/bigtts/WFVAE_v2_labv3_punc_1879h/11labs_794speaker/NSquP43dasGoXECyQQ5A/chunk*/*.tar
hdfs://haruna/home/byte_data_seed/lf_lq/speech/user/huangzhiying.92/data/bigtts/WFVAE_v2_labv3_punc_1879h/11labs_794speaker/ntjM5sKlg7mV4onWNquf/chunk*/*.tar
hdfs://haruna/home/byte_data_seed/lf_lq/speech/user/huangzhiying.92/data/bigtts/WFVAE_v2_labv3_punc_1879h/11labs_794speaker/NTXeLwbNGWS0iXxFj8Ax/chunk*/*.tar
hdfs://haruna/home/byte_data_seed/lf_lq/speech/user/huangzhiying.92/data/bigtts/WFVAE_v2_labv3_punc_1879h/11labs_794speaker/Nuk60Dit5eBEbDeypqau/chunk*/*.tar
hdfs://haruna/home/byte_data_seed/lf_lq/speech/user/huangzhiying.92/data/bigtts/WFVAE_v2_labv3_punc_1879h/11labs_794speaker/NVmw72JNrV8IY3kqIZFn/chunk*/*.tar
hdfs://haruna/home/byte_data_seed/lf_lq/speech/user/huangzhiying.92/data/bigtts/WFVAE_v2_labv3_punc_1879h/11labs_794speaker/nVsfZJ1poOpRsWIosRg6/chunk*/*.tar
hdfs://haruna/home/byte_data_seed/lf_lq/speech/user/huangzhiying.92/data/bigtts/WFVAE_v2_labv3_punc_1879h/11labs_794speaker/nvTmljUtpK8IVevRjkrZ/chunk*/*.tar
hdfs://haruna/home/byte_data_seed/lf_lq/speech/user/huangzhiying.92/data/bigtts/WFVAE_v2_labv3_punc_1879h/11labs_794speaker/NvYJMsQ02TneDnxZe5K6/chunk*/*.tar
hdfs://haruna/home/byte_data_seed/lf_lq/speech/user/huangzhiying.92/data/bigtts/WFVAE_v2_labv3_punc_1879h/11labs_794speaker/NwrBKRi62foPiP7vuJoO/chunk*/*.tar
hdfs://haruna/home/byte_data_seed/lf_lq/speech/user/huangzhiying.92/data/bigtts/WFVAE_v2_labv3_punc_1879h/11labs_794speaker/Nz6btCX3U972OIy9xXGZ/chunk*/*.tar
hdfs://haruna/home/byte_data_seed/lf_lq/speech/user/huangzhiying.92/data/bigtts/WFVAE_v2_labv3_punc_1879h/11labs_794speaker/o4E0IHtUAIz2cYmo9QLo/chunk*/*.tar
hdfs://haruna/home/byte_data_seed/lf_lq/speech/user/huangzhiying.92/data/bigtts/WFVAE_v2_labv3_punc_1879h/11labs_794speaker/O5oZZUJ39g7hvrIC3Htz/chunk*/*.tar
hdfs://haruna/home/byte_data_seed/lf_lq/speech/user/huangzhiying.92/data/bigtts/WFVAE_v2_labv3_punc_1879h/11labs_794speaker/O5Tp2I4azdu8k84t8iJQ/chunk*/*.tar
hdfs://haruna/home/byte_data_seed/lf_lq/speech/user/huangzhiying.92/data/bigtts/WFVAE_v2_labv3_punc_1879h/11labs_794speaker/o60xpstF2yQFTsfbHDCf/chunk*/*.tar
hdfs://haruna/home/byte_data_seed/lf_lq/speech/user/huangzhiying.92/data/bigtts/WFVAE_v2_labv3_punc_1879h/11labs_794speaker/O7DvPe1Wyil10PsZC3ap/chunk*/*.tar
hdfs://haruna/home/byte_data_seed/lf_lq/speech/user/huangzhiying.92/data/bigtts/WFVAE_v2_labv3_punc_1879h/11labs_794speaker/O9gIaGdsJn8HmM5wpiWh/chunk*/*.tar
hdfs://haruna/home/byte_data_seed/lf_lq/speech/user/huangzhiying.92/data/bigtts/WFVAE_v2_labv3_punc_1879h/11labs_794speaker/OaZvNCS4XagaUE34pWZc/chunk*/*.tar
hdfs://haruna/home/byte_data_seed/lf_lq/speech/user/huangzhiying.92/data/bigtts/WFVAE_v2_labv3_punc_1879h/11labs_794speaker/oc9RvDKFl9SwmxRBSu1g/chunk*/*.tar
hdfs://haruna/home/byte_data_seed/lf_lq/speech/user/huangzhiying.92/data/bigtts/WFVAE_v2_labv3_punc_1879h/11labs_794speaker/oEOFuz1LySDtOIkiDcyn/chunk*/*.tar
hdfs://haruna/home/byte_data_seed/lf_lq/speech/user/huangzhiying.92/data/bigtts/WFVAE_v2_labv3_punc_1879h/11labs_794speaker/oGIzyVQ22iYdp1g9bjmv/chunk*/*.tar
hdfs://haruna/home/byte_data_seed/lf_lq/speech/user/huangzhiying.92/data/bigtts/WFVAE_v2_labv3_punc_1879h/11labs_794speaker/Oi2gM7QyvuuHOA3qPLnK/chunk*/*.tar
hdfs://haruna/home/byte_data_seed/lf_lq/speech/user/huangzhiying.92/data/bigtts/WFVAE_v2_labv3_punc_1879h/11labs_794speaker/Onkh4gsVFDLFp20lA1q1/chunk*/*.tar
hdfs://haruna/home/byte_data_seed/lf_lq/speech/user/huangzhiying.92/data/bigtts/WFVAE_v2_labv3_punc_1879h/11labs_794speaker/oqmtAzDDGJW1kUXkDGig/chunk*/*.tar
hdfs://haruna/home/byte_data_seed/lf_lq/speech/user/huangzhiying.92/data/bigtts/WFVAE_v2_labv3_punc_1879h/11labs_794speaker/Or4qsb0ZxKbvvXOPq51o/chunk*/*.tar
hdfs://haruna/home/byte_data_seed/lf_lq/speech/user/huangzhiying.92/data/bigtts/WFVAE_v2_labv3_punc_1879h/11labs_794speaker/orkdeobIom6XUyYC5bwW/chunk*/*.tar
hdfs://haruna/home/byte_data_seed/lf_lq/speech/user/huangzhiying.92/data/bigtts/WFVAE_v2_labv3_punc_1879h/11labs_794speaker/OrZw5B31RimX5L49ZDgF/chunk*/*.tar
hdfs://haruna/home/byte_data_seed/lf_lq/speech/user/huangzhiying.92/data/bigtts/WFVAE_v2_labv3_punc_1879h/11labs_794speaker/osQYoPXVDhAQ7sy9HxI5/chunk*/*.tar
hdfs://haruna/home/byte_data_seed/lf_lq/speech/user/huangzhiying.92/data/bigtts/WFVAE_v2_labv3_punc_1879h/11labs_794speaker/oTNqjPt1m2yfbdQhknFE/chunk*/*.tar
hdfs://haruna/home/byte_data_seed/lf_lq/speech/user/huangzhiying.92/data/bigtts/WFVAE_v2_labv3_punc_1879h/11labs_794speaker/OTs1KaGxS247kvriFnp5/chunk*/*.tar
hdfs://haruna/home/byte_data_seed/lf_lq/speech/user/huangzhiying.92/data/bigtts/WFVAE_v2_labv3_punc_1879h/11labs_794speaker/oTtIYdhB2u6OjAFLRv3O/chunk*/*.tar
hdfs://haruna/home/byte_data_seed/lf_lq/speech/user/huangzhiying.92/data/bigtts/WFVAE_v2_labv3_punc_1879h/11labs_794speaker/ou61DcTUlAng6jDF9PjZ/chunk*/*.tar
hdfs://haruna/home/byte_data_seed/lf_lq/speech/user/huangzhiying.92/data/bigtts/WFVAE_v2_labv3_punc_1879h/11labs_794speaker/oV1uDu65sEpfpM1PdanT/chunk*/*.tar
hdfs://haruna/home/byte_data_seed/lf_lq/speech/user/huangzhiying.92/data/bigtts/WFVAE_v2_labv3_punc_1879h/11labs_794speaker/ovI8qrf9g0YugH7dkL1H/chunk*/*.tar
hdfs://haruna/home/byte_data_seed/lf_lq/speech/user/huangzhiying.92/data/bigtts/WFVAE_v2_labv3_punc_1879h/11labs_794speaker/owBcQSs3XW7AxwaFAPbe/chunk*/*.tar
hdfs://haruna/home/byte_data_seed/lf_lq/speech/user/huangzhiying.92/data/bigtts/WFVAE_v2_labv3_punc_1879h/11labs_794speaker/OWJwdYZp6UQ01dbQ3OCk/chunk*/*.tar
hdfs://haruna/home/byte_data_seed/lf_lq/speech/user/huangzhiying.92/data/bigtts/WFVAE_v2_labv3_punc_1879h/11labs_794speaker/OXC1WXJboDgEM4ghxQuK/chunk*/*.tar
hdfs://haruna/home/byte_data_seed/lf_lq/speech/user/huangzhiying.92/data/bigtts/WFVAE_v2_labv3_punc_1879h/11labs_794speaker/oZLJST1cLiz5JbVtl4kY/chunk*/*.tar
hdfs://haruna/home/byte_data_seed/lf_lq/speech/user/huangzhiying.92/data/bigtts/WFVAE_v2_labv3_punc_1879h/11labs_794speaker/oZSegWxl2LfTMrjPOVVN/chunk*/*.tar
hdfs://haruna/home/byte_data_seed/lf_lq/speech/user/huangzhiying.92/data/bigtts/WFVAE_v2_labv3_punc_1879h/11labs_794speaker/P6FaeeQCcg6ocaSMsuJJ/chunk*/*.tar
hdfs://haruna/home/byte_data_seed/lf_lq/speech/user/huangzhiying.92/data/bigtts/WFVAE_v2_labv3_punc_1879h/11labs_794speaker/p7VYR5O3MNoSmclV2S4A/chunk*/*.tar
hdfs://haruna/home/byte_data_seed/lf_lq/speech/user/huangzhiying.92/data/bigtts/WFVAE_v2_labv3_punc_1879h/11labs_794speaker/Pb05JIWKWno0c6ZCXOeF/chunk*/*.tar
hdfs://haruna/home/byte_data_seed/lf_lq/speech/user/huangzhiying.92/data/bigtts/WFVAE_v2_labv3_punc_1879h/11labs_794speaker/pb663lVqYct5qAC45Knp/chunk*/*.tar
hdfs://haruna/home/byte_data_seed/lf_lq/speech/user/huangzhiying.92/data/bigtts/WFVAE_v2_labv3_punc_1879h/11labs_794speaker/pbQ5M8BBDModchef0V6z/chunk*/*.tar
hdfs://haruna/home/byte_data_seed/lf_lq/speech/user/huangzhiying.92/data/bigtts/WFVAE_v2_labv3_punc_1879h/11labs_794speaker/PfeIWfB2YTKfn0bKziVm/chunk*/*.tar
hdfs://haruna/home/byte_data_seed/lf_lq/speech/user/huangzhiying.92/data/bigtts/WFVAE_v2_labv3_punc_1879h/11labs_794speaker/PFmhfELDsd6m0y8H6WOp/chunk*/*.tar
hdfs://haruna/home/byte_data_seed/lf_lq/speech/user/huangzhiying.92/data/bigtts/WFVAE_v2_labv3_punc_1879h/11labs_794speaker/PG6dtwcmhSDuXn60ncPd/chunk*/*.tar
hdfs://haruna/home/byte_data_seed/lf_lq/speech/user/huangzhiying.92/data/bigtts/WFVAE_v2_labv3_punc_1879h/11labs_794speaker/pHVDIGiR0rmQnEB1XLmU/chunk*/*.tar
hdfs://haruna/home/byte_data_seed/lf_lq/speech/user/huangzhiying.92/data/bigtts/WFVAE_v2_labv3_punc_1879h/11labs_794speaker/pI6kmOmDIGHsOegHfHLY/chunk*/*.tar
hdfs://haruna/home/byte_data_seed/lf_lq/speech/user/huangzhiying.92/data/bigtts/WFVAE_v2_labv3_punc_1879h/11labs_794speaker/pIm5tniGaIYC3swbrRJZ/chunk*/*.tar
hdfs://haruna/home/byte_data_seed/lf_lq/speech/user/huangzhiying.92/data/bigtts/WFVAE_v2_labv3_punc_1879h/11labs_794speaker/pirCHGHRBSikIjlN4zqF/chunk*/*.tar
hdfs://haruna/home/byte_data_seed/lf_lq/speech/user/huangzhiying.92/data/bigtts/WFVAE_v2_labv3_punc_1879h/11labs_794speaker/pKp2HW91js83VFghfYsY/chunk*/*.tar
hdfs://haruna/home/byte_data_seed/lf_lq/speech/user/huangzhiying.92/data/bigtts/WFVAE_v2_labv3_punc_1879h/11labs_794speaker/pm6tCyeqnZ3iWbxzCnRQ/chunk*/*.tar
hdfs://haruna/home/byte_data_seed/lf_lq/speech/user/huangzhiying.92/data/bigtts/WFVAE_v2_labv3_punc_1879h/11labs_794speaker/PNgh0bltjFstNqdsmeeI/chunk*/*.tar
hdfs://haruna/home/byte_data_seed/lf_lq/speech/user/huangzhiying.92/data/bigtts/WFVAE_v2_labv3_punc_1879h/11labs_794speaker/poeymWoqyN343WR4hA67/chunk*/*.tar
hdfs://haruna/home/byte_data_seed/lf_lq/speech/user/huangzhiying.92/data/bigtts/WFVAE_v2_labv3_punc_1879h/11labs_794speaker/pPTUYxoquJWfP8B9jBEA/chunk*/*.tar
hdfs://haruna/home/byte_data_seed/lf_lq/speech/user/huangzhiying.92/data/bigtts/WFVAE_v2_labv3_punc_1879h/11labs_794speaker/PqVO1XESLGBkNfLBDNiq/chunk*/*.tar
hdfs://haruna/home/byte_data_seed/lf_lq/speech/user/huangzhiying.92/data/bigtts/WFVAE_v2_labv3_punc_1879h/11labs_794speaker/ptgAT6BMYWhSoV5HD0KM/chunk*/*.tar
hdfs://haruna/home/byte_data_seed/lf_lq/speech/user/huangzhiying.92/data/bigtts/WFVAE_v2_labv3_punc_1879h/11labs_794speaker/pyFF5M1qDfpSVd2WJqBc/chunk*/*.tar
hdfs://haruna/home/byte_data_seed/lf_lq/speech/user/huangzhiying.92/data/bigtts/WFVAE_v2_labv3_punc_1879h/11labs_794speaker/PZ6uygN626MinfEcAM7i/chunk*/*.tar
hdfs://haruna/home/byte_data_seed/lf_lq/speech/user/huangzhiying.92/data/bigtts/WFVAE_v2_labv3_punc_1879h/11labs_794speaker/PzxqoOA5SK5xC7RPNvgg/chunk*/*.tar
hdfs://haruna/home/byte_data_seed/lf_lq/speech/user/huangzhiying.92/data/bigtts/WFVAE_v2_labv3_punc_1879h/11labs_794speaker/q0iT4Hox45Wh6WLKmS1z/chunk*/*.tar
hdfs://haruna/home/byte_data_seed/lf_lq/speech/user/huangzhiying.92/data/bigtts/WFVAE_v2_labv3_punc_1879h/11labs_794speaker/q5AyNVCnHaqCpdlPpo6S/chunk*/*.tar
hdfs://haruna/home/byte_data_seed/lf_lq/speech/user/huangzhiying.92/data/bigtts/WFVAE_v2_labv3_punc_1879h/11labs_794speaker/Q5TJSQu9i5XrUVo1vRoy/chunk*/*.tar
hdfs://haruna/home/byte_data_seed/lf_lq/speech/user/huangzhiying.92/data/bigtts/WFVAE_v2_labv3_punc_1879h/11labs_794speaker/QAXQeQB1PY1fXiyQjkbf/chunk*/*.tar
hdfs://haruna/home/byte_data_seed/lf_lq/speech/user/huangzhiying.92/data/bigtts/WFVAE_v2_labv3_punc_1879h/11labs_794speaker/QBKIGarqnDoHJ0fVoW4I/chunk*/*.tar
hdfs://haruna/home/byte_data_seed/lf_lq/speech/user/huangzhiying.92/data/bigtts/WFVAE_v2_labv3_punc_1879h/11labs_794speaker/Qbx4grPqWQXgWMNpdni3/chunk*/*.tar
hdfs://haruna/home/byte_data_seed/lf_lq/speech/user/huangzhiying.92/data/bigtts/WFVAE_v2_labv3_punc_1879h/11labs_794speaker/QdAfTkJGL7YNFlj0efmo/chunk*/*.tar
hdfs://haruna/home/byte_data_seed/lf_lq/speech/user/huangzhiying.92/data/bigtts/WFVAE_v2_labv3_punc_1879h/11labs_794speaker/qeDpeZEzZzsSEbF8h0ZL/chunk*/*.tar
hdfs://haruna/home/byte_data_seed/lf_lq/speech/user/huangzhiying.92/data/bigtts/WFVAE_v2_labv3_punc_1879h/11labs_794speaker/QFDjuVMxGced1u9IiO5P/chunk*/*.tar
hdfs://haruna/home/byte_data_seed/lf_lq/speech/user/huangzhiying.92/data/bigtts/WFVAE_v2_labv3_punc_1879h/11labs_794speaker/QGcei0NCDfOEgjvip084/chunk*/*.tar
hdfs://haruna/home/byte_data_seed/lf_lq/speech/user/huangzhiying.92/data/bigtts/WFVAE_v2_labv3_punc_1879h/11labs_794speaker/qGEcNAy75QUVigtOUGWi/chunk*/*.tar
hdfs://haruna/home/byte_data_seed/lf_lq/speech/user/huangzhiying.92/data/bigtts/WFVAE_v2_labv3_punc_1879h/11labs_794speaker/QgNrIuh5MIZtTrfTStT9/chunk*/*.tar
hdfs://haruna/home/byte_data_seed/lf_lq/speech/user/huangzhiying.92/data/bigtts/WFVAE_v2_labv3_punc_1879h/11labs_794speaker/qlLaRMm9XQfnA2EpF3P8/chunk*/*.tar
hdfs://haruna/home/byte_data_seed/lf_lq/speech/user/huangzhiying.92/data/bigtts/WFVAE_v2_labv3_punc_1879h/11labs_794speaker/Qnmx09Er10j5ILy4Ul5c/chunk*/*.tar
hdfs://haruna/home/byte_data_seed/lf_lq/speech/user/huangzhiying.92/data/bigtts/WFVAE_v2_labv3_punc_1879h/11labs_794speaker/QNRA4FFbsvovNlcT7W9C/chunk*/*.tar
hdfs://haruna/home/byte_data_seed/lf_lq/speech/user/huangzhiying.92/data/bigtts/WFVAE_v2_labv3_punc_1879h/11labs_794speaker/qprCHj7rJCk81PzNQdmI/chunk*/*.tar
hdfs://haruna/home/byte_data_seed/lf_lq/speech/user/huangzhiying.92/data/bigtts/WFVAE_v2_labv3_punc_1879h/11labs_794speaker/qPxTZ5D5QdYBXZFoSJqT/chunk*/*.tar
hdfs://haruna/home/byte_data_seed/lf_lq/speech/user/huangzhiying.92/data/bigtts/WFVAE_v2_labv3_punc_1879h/11labs_794speaker/qq8SNDEuqKWaDgA1MM26/chunk*/*.tar
hdfs://haruna/home/byte_data_seed/lf_lq/speech/user/huangzhiying.92/data/bigtts/WFVAE_v2_labv3_punc_1879h/11labs_794speaker/qrdphZjRQAPPnY8xqBOU/chunk*/*.tar
hdfs://haruna/home/byte_data_seed/lf_lq/speech/user/huangzhiying.92/data/bigtts/WFVAE_v2_labv3_punc_1879h/11labs_794speaker/qsoUOrZOqNfU443dNCvi/chunk*/*.tar
hdfs://haruna/home/byte_data_seed/lf_lq/speech/user/huangzhiying.92/data/bigtts/WFVAE_v2_labv3_punc_1879h/11labs_794speaker/Qwhfy9FrjY6mIOoJ0r8R/chunk*/*.tar
hdfs://haruna/home/byte_data_seed/lf_lq/speech/user/huangzhiying.92/data/bigtts/WFVAE_v2_labv3_punc_1879h/11labs_794speaker/qwT92ncMdi9f5WYuw04y/chunk*/*.tar
hdfs://haruna/home/byte_data_seed/lf_lq/speech/user/huangzhiying.92/data/bigtts/WFVAE_v2_labv3_punc_1879h/11labs_794speaker/QWWYt1o88z7ly3AnZYqP/chunk*/*.tar
hdfs://haruna/home/byte_data_seed/lf_lq/speech/user/huangzhiying.92/data/bigtts/WFVAE_v2_labv3_punc_1879h/11labs_794speaker/qxHumkfhvL6kkwO63kIY/chunk*/*.tar
hdfs://haruna/home/byte_data_seed/lf_lq/speech/user/huangzhiying.92/data/bigtts/WFVAE_v2_labv3_punc_1879h/11labs_794speaker/Qy0PV1ViLGs4TIeXjvbB/chunk*/*.tar
hdfs://haruna/home/byte_data_seed/lf_lq/speech/user/huangzhiying.92/data/bigtts/WFVAE_v2_labv3_punc_1879h/11labs_794speaker/qy6cDFxzGgGShXp0IjOA/chunk*/*.tar
hdfs://haruna/home/byte_data_seed/lf_lq/speech/user/huangzhiying.92/data/bigtts/WFVAE_v2_labv3_punc_1879h/11labs_794speaker/qYQI7It7BJh52ia0CU3X/chunk*/*.tar
hdfs://haruna/home/byte_data_seed/lf_lq/speech/user/huangzhiying.92/data/bigtts/WFVAE_v2_labv3_punc_1879h/11labs_794speaker/QzvSOqmqJovUJKHIeV6O/chunk*/*.tar
hdfs://haruna/home/byte_data_seed/lf_lq/speech/user/huangzhiying.92/data/bigtts/WFVAE_v2_labv3_punc_1879h/11labs_794speaker/r02MXyTSAln6K2WUrNMX/chunk*/*.tar
hdfs://haruna/home/byte_data_seed/lf_lq/speech/user/huangzhiying.92/data/bigtts/WFVAE_v2_labv3_punc_1879h/11labs_794speaker/r1Dzlc7oKS9AIQTl5uAh/chunk*/*.tar
hdfs://haruna/home/byte_data_seed/lf_lq/speech/user/huangzhiying.92/data/bigtts/WFVAE_v2_labv3_punc_1879h/11labs_794speaker/r428jm4LeOYwgmXkxjE6/chunk*/*.tar
hdfs://haruna/home/byte_data_seed/lf_lq/speech/user/huangzhiying.92/data/bigtts/WFVAE_v2_labv3_punc_1879h/11labs_794speaker/R5IuVbzfHmQgW2Ji6kgW/chunk*/*.tar
hdfs://haruna/home/byte_data_seed/lf_lq/speech/user/huangzhiying.92/data/bigtts/WFVAE_v2_labv3_punc_1879h/11labs_794speaker/r5mz0VwRYknU4D3ArKDi/chunk*/*.tar
hdfs://haruna/home/byte_data_seed/lf_lq/speech/user/huangzhiying.92/data/bigtts/WFVAE_v2_labv3_punc_1879h/11labs_794speaker/r6JyaO4jf1kP7BxqAs5A/chunk*/*.tar
hdfs://haruna/home/byte_data_seed/lf_lq/speech/user/huangzhiying.92/data/bigtts/WFVAE_v2_labv3_punc_1879h/11labs_794speaker/r6qHAPRSjG6GMY2CHPhx/chunk*/*.tar
hdfs://haruna/home/byte_data_seed/lf_lq/speech/user/huangzhiying.92/data/bigtts/WFVAE_v2_labv3_punc_1879h/11labs_794speaker/r6VS2TICXdysDGPWrksT/chunk*/*.tar
hdfs://haruna/home/byte_data_seed/lf_lq/speech/user/huangzhiying.92/data/bigtts/WFVAE_v2_labv3_punc_1879h/11labs_794speaker/RbChbNoVff8bymEhC0jc/chunk*/*.tar
hdfs://haruna/home/byte_data_seed/lf_lq/speech/user/huangzhiying.92/data/bigtts/WFVAE_v2_labv3_punc_1879h/11labs_794speaker/rchN8Hcqxh3aGv4TNF6L/chunk*/*.tar
hdfs://haruna/home/byte_data_seed/lf_lq/speech/user/huangzhiying.92/data/bigtts/WFVAE_v2_labv3_punc_1879h/11labs_794speaker/RddXMhSGrBrWZQBS29Kz/chunk*/*.tar
hdfs://haruna/home/byte_data_seed/lf_lq/speech/user/huangzhiying.92/data/bigtts/WFVAE_v2_labv3_punc_1879h/11labs_794speaker/RExkOtM3TL04JRcBgtGT/chunk*/*.tar
hdfs://haruna/home/byte_data_seed/lf_lq/speech/user/huangzhiying.92/data/bigtts/WFVAE_v2_labv3_punc_1879h/11labs_794speaker/REXm2nJpEpsuHbniR1J0/chunk*/*.tar
hdfs://haruna/home/byte_data_seed/lf_lq/speech/user/huangzhiying.92/data/bigtts/WFVAE_v2_labv3_punc_1879h/11labs_794speaker/rFHlBk0oRPqSDNUYhmkB/chunk*/*.tar
hdfs://haruna/home/byte_data_seed/lf_lq/speech/user/huangzhiying.92/data/bigtts/WFVAE_v2_labv3_punc_1879h/11labs_794speaker/RFZwDDvujIREyOvi1OXh/chunk*/*.tar
hdfs://haruna/home/byte_data_seed/lf_lq/speech/user/huangzhiying.92/data/bigtts/WFVAE_v2_labv3_punc_1879h/11labs_794speaker/rgBCPKI1s5jUos9k4bYO/chunk*/*.tar
hdfs://haruna/home/byte_data_seed/lf_lq/speech/user/huangzhiying.92/data/bigtts/WFVAE_v2_labv3_punc_1879h/11labs_794speaker/RgEbNhOuoWNkGGh0ZdeA/chunk*/*.tar
hdfs://haruna/home/byte_data_seed/lf_lq/speech/user/huangzhiying.92/data/bigtts/WFVAE_v2_labv3_punc_1879h/11labs_794speaker/RgsQsbEp7FmAiQnOlBHk/chunk*/*.tar
hdfs://haruna/home/byte_data_seed/lf_lq/speech/user/huangzhiying.92/data/bigtts/WFVAE_v2_labv3_punc_1879h/11labs_794speaker/RIsCrDATyjAo1xbVuIzs/chunk*/*.tar
hdfs://haruna/home/byte_data_seed/lf_lq/speech/user/huangzhiying.92/data/bigtts/WFVAE_v2_labv3_punc_1879h/11labs_794speaker/Rk45xh6FJrrgeh87zqLb/chunk*/*.tar
hdfs://haruna/home/byte_data_seed/lf_lq/speech/user/huangzhiying.92/data/bigtts/WFVAE_v2_labv3_punc_1879h/11labs_794speaker/RmY6BNmUbHDYsnwqSn90/chunk*/*.tar
hdfs://haruna/home/byte_data_seed/lf_lq/speech/user/huangzhiying.92/data/bigtts/WFVAE_v2_labv3_punc_1879h/11labs_794speaker/RNgXR0PdjUEcUuEwVUT2/chunk*/*.tar
hdfs://haruna/home/byte_data_seed/lf_lq/speech/user/huangzhiying.92/data/bigtts/WFVAE_v2_labv3_punc_1879h/11labs_794speaker/rNk3UYkudt4ieEDcHWXv/chunk*/*.tar
hdfs://haruna/home/byte_data_seed/lf_lq/speech/user/huangzhiying.92/data/bigtts/WFVAE_v2_labv3_punc_1879h/11labs_794speaker/RovywqWKVyTciKe2byKw/chunk*/*.tar
hdfs://haruna/home/byte_data_seed/lf_lq/speech/user/huangzhiying.92/data/bigtts/WFVAE_v2_labv3_punc_1879h/11labs_794speaker/Rp4LoBfdTH83IqKrY770/chunk*/*.tar
hdfs://haruna/home/byte_data_seed/lf_lq/speech/user/huangzhiying.92/data/bigtts/WFVAE_v2_labv3_punc_1879h/11labs_794speaker/rpuqtyToCDnkCDwv8oDT/chunk*/*.tar
hdfs://haruna/home/byte_data_seed/lf_lq/speech/user/huangzhiying.92/data/bigtts/WFVAE_v2_labv3_punc_1879h/11labs_794speaker/RQRpP1q6XQxNLzxX4vlb/chunk*/*.tar
hdfs://haruna/home/byte_data_seed/lf_lq/speech/user/huangzhiying.92/data/bigtts/WFVAE_v2_labv3_punc_1879h/11labs_794speaker/RSe9Ni3MShfHBQNpNfpn/chunk*/*.tar
hdfs://haruna/home/byte_data_seed/lf_lq/speech/user/huangzhiying.92/data/bigtts/WFVAE_v2_labv3_punc_1879h/11labs_794speaker/rsp7cPZifZTeugHsyZfk/chunk*/*.tar
hdfs://haruna/home/byte_data_seed/lf_lq/speech/user/huangzhiying.92/data/bigtts/WFVAE_v2_labv3_punc_1879h/11labs_794speaker/rTBsuZjnS0ObxtVyEK2c/chunk*/*.tar
hdfs://haruna/home/byte_data_seed/lf_lq/speech/user/huangzhiying.92/data/bigtts/WFVAE_v2_labv3_punc_1879h/11labs_794speaker/rtrmpexSWhd2glzW1u8W/chunk*/*.tar
hdfs://haruna/home/byte_data_seed/lf_lq/speech/user/huangzhiying.92/data/bigtts/WFVAE_v2_labv3_punc_1879h/11labs_794speaker/rVL2jUBTyuJtcqHsz1gT/chunk*/*.tar
hdfs://haruna/home/byte_data_seed/lf_lq/speech/user/huangzhiying.92/data/bigtts/WFVAE_v2_labv3_punc_1879h/11labs_794speaker/rwSPZWXdqhnwGstAowFA/chunk*/*.tar
hdfs://haruna/home/byte_data_seed/lf_lq/speech/user/huangzhiying.92/data/bigtts/WFVAE_v2_labv3_punc_1879h/11labs_794speaker/RwZfBIUzh8HzvsEWI1rp/chunk*/*.tar
hdfs://haruna/home/byte_data_seed/lf_lq/speech/user/huangzhiying.92/data/bigtts/WFVAE_v2_labv3_punc_1879h/11labs_794speaker/rxy7ZH5I0jCBwdM8Ou5E/chunk*/*.tar
hdfs://haruna/home/byte_data_seed/lf_lq/speech/user/huangzhiying.92/data/bigtts/WFVAE_v2_labv3_punc_1879h/11labs_794speaker/S2n2SENjal6lHfxJKAQk/chunk*/*.tar
hdfs://haruna/home/byte_data_seed/lf_lq/speech/user/huangzhiying.92/data/bigtts/WFVAE_v2_labv3_punc_1879h/11labs_794speaker/s52Gc8EUBzwugYyvyngD/chunk*/*.tar
hdfs://haruna/home/byte_data_seed/lf_lq/speech/user/huangzhiying.92/data/bigtts/WFVAE_v2_labv3_punc_1879h/11labs_794speaker/s878GvEXWWODSEnDwVyy/chunk*/*.tar
hdfs://haruna/home/byte_data_seed/lf_lq/speech/user/huangzhiying.92/data/bigtts/WFVAE_v2_labv3_punc_1879h/11labs_794speaker/S9PaosP5ayhpAniYw1Kd/chunk*/*.tar
hdfs://haruna/home/byte_data_seed/lf_lq/speech/user/huangzhiying.92/data/bigtts/WFVAE_v2_labv3_punc_1879h/11labs_794speaker/SaCPngpf9ZfaWIzM4y0J/chunk*/*.tar
hdfs://haruna/home/byte_data_seed/lf_lq/speech/user/huangzhiying.92/data/bigtts/WFVAE_v2_labv3_punc_1879h/11labs_794speaker/SAPeY2y5H3NZ4Hn0YH46/chunk*/*.tar
hdfs://haruna/home/byte_data_seed/lf_lq/speech/user/huangzhiying.92/data/bigtts/WFVAE_v2_labv3_punc_1879h/11labs_794speaker/Sba5l4FelAj8y6eXDXKE/chunk*/*.tar
hdfs://haruna/home/byte_data_seed/lf_lq/speech/user/huangzhiying.92/data/bigtts/WFVAE_v2_labv3_punc_1879h/11labs_794speaker/SD9xws96jLatBnWPJ8Jk/chunk*/*.tar
hdfs://haruna/home/byte_data_seed/lf_lq/speech/user/huangzhiying.92/data/bigtts/WFVAE_v2_labv3_punc_1879h/11labs_794speaker/Se6C2WELY39r7uWQtSqa/chunk*/*.tar
hdfs://haruna/home/byte_data_seed/lf_lq/speech/user/huangzhiying.92/data/bigtts/WFVAE_v2_labv3_punc_1879h/11labs_794speaker/sEEl0pqybxCqQeMC2kTa/chunk*/*.tar
hdfs://haruna/home/byte_data_seed/lf_lq/speech/user/huangzhiying.92/data/bigtts/WFVAE_v2_labv3_punc_1879h/11labs_794speaker/SEyexI7xdlPIQHknbBVJ/chunk*/*.tar
hdfs://haruna/home/byte_data_seed/lf_lq/speech/user/huangzhiying.92/data/bigtts/WFVAE_v2_labv3_punc_1879h/11labs_794speaker/SfFRfmJlIsDwOxwF131x/chunk*/*.tar
hdfs://haruna/home/byte_data_seed/lf_lq/speech/user/huangzhiying.92/data/bigtts/WFVAE_v2_labv3_punc_1879h/11labs_794speaker/sFvechG6vf4T4GCOW6pW/chunk*/*.tar
hdfs://haruna/home/byte_data_seed/lf_lq/speech/user/huangzhiying.92/data/bigtts/WFVAE_v2_labv3_punc_1879h/11labs_794speaker/Sg1cDm8lXtiIxE0bSHQo/chunk*/*.tar
hdfs://haruna/home/byte_data_seed/lf_lq/speech/user/huangzhiying.92/data/bigtts/WFVAE_v2_labv3_punc_1879h/11labs_794speaker/sgKL8GSHHdNk7yMRzzuW/chunk*/*.tar
hdfs://haruna/home/byte_data_seed/lf_lq/speech/user/huangzhiying.92/data/bigtts/WFVAE_v2_labv3_punc_1879h/11labs_794speaker/shq1spHYXAZ8mglNowuL/chunk*/*.tar
hdfs://haruna/home/byte_data_seed/lf_lq/speech/user/huangzhiying.92/data/bigtts/WFVAE_v2_labv3_punc_1879h/11labs_794speaker/sJyqNcsvBGWIgQhUraIz/chunk*/*.tar
hdfs://haruna/home/byte_data_seed/lf_lq/speech/user/huangzhiying.92/data/bigtts/WFVAE_v2_labv3_punc_1879h/11labs_794speaker/skLJayK3zxrBNs8fthxl/chunk*/*.tar
hdfs://haruna/home/byte_data_seed/lf_lq/speech/user/huangzhiying.92/data/bigtts/WFVAE_v2_labv3_punc_1879h/11labs_794speaker/sLaz0CAsulgKF6Mqihu0/chunk*/*.tar
hdfs://haruna/home/byte_data_seed/lf_lq/speech/user/huangzhiying.92/data/bigtts/WFVAE_v2_labv3_punc_1879h/11labs_794speaker/slFyXLg6SYN7WioROhXz/chunk*/*.tar
hdfs://haruna/home/byte_data_seed/lf_lq/speech/user/huangzhiying.92/data/bigtts/WFVAE_v2_labv3_punc_1879h/11labs_794speaker/sR3rbGqh2rhkni9oSs4H/chunk*/*.tar
hdfs://haruna/home/byte_data_seed/lf_lq/speech/user/huangzhiying.92/data/bigtts/WFVAE_v2_labv3_punc_1879h/11labs_794speaker/sRc84Y6l37NAa0e3WBeC/chunk*/*.tar
hdfs://haruna/home/byte_data_seed/lf_lq/speech/user/huangzhiying.92/data/bigtts/WFVAE_v2_labv3_punc_1879h/11labs_794speaker/SRJs3c9dvb3NTfOy5CF5/chunk*/*.tar
hdfs://haruna/home/byte_data_seed/lf_lq/speech/user/huangzhiying.92/data/bigtts/WFVAE_v2_labv3_punc_1879h/11labs_794speaker/SSiCUHrocZpznHz4GkJn/chunk*/*.tar
hdfs://haruna/home/byte_data_seed/lf_lq/speech/user/huangzhiying.92/data/bigtts/WFVAE_v2_labv3_punc_1879h/11labs_794speaker/SuT2HK4g6y0Jj1bJdb4m/chunk*/*.tar
hdfs://haruna/home/byte_data_seed/lf_lq/speech/user/huangzhiying.92/data/bigtts/WFVAE_v2_labv3_punc_1879h/11labs_794speaker/t5Dop2NzFC7IUoSxcdWE/chunk*/*.tar
hdfs://haruna/home/byte_data_seed/lf_lq/speech/user/huangzhiying.92/data/bigtts/WFVAE_v2_labv3_punc_1879h/11labs_794speaker/Ta5KOXXakpjUsiGYoN7A/chunk*/*.tar
hdfs://haruna/home/byte_data_seed/lf_lq/speech/user/huangzhiying.92/data/bigtts/WFVAE_v2_labv3_punc_1879h/11labs_794speaker/TbB9M8gkFvjS9I3FOgDE/chunk*/*.tar
hdfs://haruna/home/byte_data_seed/lf_lq/speech/user/huangzhiying.92/data/bigtts/WFVAE_v2_labv3_punc_1879h/11labs_794speaker/tCW8Jk3HImfUEKzUDtbp/chunk*/*.tar
hdfs://haruna/home/byte_data_seed/lf_lq/speech/user/huangzhiying.92/data/bigtts/WFVAE_v2_labv3_punc_1879h/11labs_794speaker/TdcswQcMzSnZyrgOszS4/chunk*/*.tar
hdfs://haruna/home/byte_data_seed/lf_lq/speech/user/huangzhiying.92/data/bigtts/WFVAE_v2_labv3_punc_1879h/11labs_794speaker/tEgb8Un15tMMWVqVRa2Y/chunk*/*.tar
hdfs://haruna/home/byte_data_seed/lf_lq/speech/user/huangzhiying.92/data/bigtts/WFVAE_v2_labv3_punc_1879h/11labs_794speaker/THwMgonT4bLw2ID36Iq5/chunk*/*.tar
hdfs://haruna/home/byte_data_seed/lf_lq/speech/user/huangzhiying.92/data/bigtts/WFVAE_v2_labv3_punc_1879h/11labs_794speaker/tjxm9vL1Ha2N7pLJkhTn/chunk*/*.tar
hdfs://haruna/home/byte_data_seed/lf_lq/speech/user/huangzhiying.92/data/bigtts/WFVAE_v2_labv3_punc_1879h/11labs_794speaker/tkdcch0pBstcydCNC5H8/chunk*/*.tar
hdfs://haruna/home/byte_data_seed/lf_lq/speech/user/huangzhiying.92/data/bigtts/WFVAE_v2_labv3_punc_1879h/11labs_794speaker/TkHtVHk787pepVc2jdKR/chunk*/*.tar
hdfs://haruna/home/byte_data_seed/lf_lq/speech/user/huangzhiying.92/data/bigtts/WFVAE_v2_labv3_punc_1879h/11labs_794speaker/TKvN9N72zLIDJEztdi8X/chunk*/*.tar
hdfs://haruna/home/byte_data_seed/lf_lq/speech/user/huangzhiying.92/data/bigtts/WFVAE_v2_labv3_punc_1879h/11labs_794speaker/TkzFY6D48iQOJnioBFRj/chunk*/*.tar
hdfs://haruna/home/byte_data_seed/lf_lq/speech/user/huangzhiying.92/data/bigtts/WFVAE_v2_labv3_punc_1879h/11labs_794speaker/tMnzAJc02WzOPEtPRdKP/chunk*/*.tar
hdfs://haruna/home/byte_data_seed/lf_lq/speech/user/huangzhiying.92/data/bigtts/WFVAE_v2_labv3_punc_1879h/11labs_794speaker/tpgDFanRDjELSOTsHXDY/chunk*/*.tar
hdfs://haruna/home/byte_data_seed/lf_lq/speech/user/huangzhiying.92/data/bigtts/WFVAE_v2_labv3_punc_1879h/11labs_794speaker/tQW7ugqMKQHbwQcZUr9G/chunk*/*.tar
hdfs://haruna/home/byte_data_seed/lf_lq/speech/user/huangzhiying.92/data/bigtts/WFVAE_v2_labv3_punc_1879h/11labs_794speaker/TrUu5pVTlSQlchk0s18y/chunk*/*.tar
hdfs://haruna/home/byte_data_seed/lf_lq/speech/user/huangzhiying.92/data/bigtts/WFVAE_v2_labv3_punc_1879h/11labs_794speaker/tuA09X6yj9XrC92jFP5x/chunk*/*.tar
hdfs://haruna/home/byte_data_seed/lf_lq/speech/user/huangzhiying.92/data/bigtts/WFVAE_v2_labv3_punc_1879h/11labs_794speaker/tv0j9UYyRCmpMLumFUwC/chunk*/*.tar
hdfs://haruna/home/byte_data_seed/lf_lq/speech/user/huangzhiying.92/data/bigtts/WFVAE_v2_labv3_punc_1879h/11labs_794speaker/tvJiBzaTJDG5Bplrd8gw/chunk*/*.tar
hdfs://haruna/home/byte_data_seed/lf_lq/speech/user/huangzhiying.92/data/bigtts/WFVAE_v2_labv3_punc_1879h/11labs_794speaker/tWXPSDtJ50lhIDLPpZXg/chunk*/*.tar
hdfs://haruna/home/byte_data_seed/lf_lq/speech/user/huangzhiying.92/data/bigtts/WFVAE_v2_labv3_punc_1879h/11labs_794speaker/TX0klZ8MLZTEWcfxyK7E/chunk*/*.tar
hdfs://haruna/home/byte_data_seed/lf_lq/speech/user/huangzhiying.92/data/bigtts/WFVAE_v2_labv3_punc_1879h/11labs_794speaker/TxXxzGwqSeBrwhv5uosg/chunk*/*.tar
hdfs://haruna/home/byte_data_seed/lf_lq/speech/user/huangzhiying.92/data/bigtts/WFVAE_v2_labv3_punc_1879h/11labs_794speaker/tZCaCaW5nlMSidZlFgXA/chunk*/*.tar
hdfs://haruna/home/byte_data_seed/lf_lq/speech/user/huangzhiying.92/data/bigtts/WFVAE_v2_labv3_punc_1879h/11labs_794speaker/TZVd8bfL6WkRv2guFIu1/chunk*/*.tar
hdfs://haruna/home/byte_data_seed/lf_lq/speech/user/huangzhiying.92/data/bigtts/WFVAE_v2_labv3_punc_1879h/11labs_794speaker/U2fI8Jdvfo6hVrJQeQaN/chunk*/*.tar
hdfs://haruna/home/byte_data_seed/lf_lq/speech/user/huangzhiying.92/data/bigtts/WFVAE_v2_labv3_punc_1879h/11labs_794speaker/U35ubCNC9seGybhFQi9E/chunk*/*.tar
hdfs://haruna/home/byte_data_seed/lf_lq/speech/user/huangzhiying.92/data/bigtts/WFVAE_v2_labv3_punc_1879h/11labs_794speaker/U4oSXvroUCr8DkCbmx3C/chunk*/*.tar
hdfs://haruna/home/byte_data_seed/lf_lq/speech/user/huangzhiying.92/data/bigtts/WFVAE_v2_labv3_punc_1879h/11labs_794speaker/U7bkRdpMauyNHEat7aXf/chunk*/*.tar
hdfs://haruna/home/byte_data_seed/lf_lq/speech/user/huangzhiying.92/data/bigtts/WFVAE_v2_labv3_punc_1879h/11labs_794speaker/u9qQm9XPa47DQ52Umxvw/chunk*/*.tar
hdfs://haruna/home/byte_data_seed/lf_lq/speech/user/huangzhiying.92/data/bigtts/WFVAE_v2_labv3_punc_1879h/11labs_794speaker/ubF5rKQzVwlyMPfUV1rZ/chunk*/*.tar
hdfs://haruna/home/byte_data_seed/lf_lq/speech/user/huangzhiying.92/data/bigtts/WFVAE_v2_labv3_punc_1879h/11labs_794speaker/ubgIO4B6ihiUJ0MO3YMU/chunk*/*.tar
hdfs://haruna/home/byte_data_seed/lf_lq/speech/user/huangzhiying.92/data/bigtts/WFVAE_v2_labv3_punc_1879h/11labs_794speaker/UbIe8TrzoqBs9rMrTh2N/chunk*/*.tar
hdfs://haruna/home/byte_data_seed/lf_lq/speech/user/huangzhiying.92/data/bigtts/WFVAE_v2_labv3_punc_1879h/11labs_794speaker/udolWZq5h5aZ6WruNWLJ/chunk*/*.tar
hdfs://haruna/home/byte_data_seed/lf_lq/speech/user/huangzhiying.92/data/bigtts/WFVAE_v2_labv3_punc_1879h/11labs_794speaker/UhDmUGla0Xs4gxOdcqJv/chunk*/*.tar
hdfs://haruna/home/byte_data_seed/lf_lq/speech/user/huangzhiying.92/data/bigtts/WFVAE_v2_labv3_punc_1879h/11labs_794speaker/uHZ1wzqCR2ZXocaj3uYa/chunk*/*.tar
hdfs://haruna/home/byte_data_seed/lf_lq/speech/user/huangzhiying.92/data/bigtts/WFVAE_v2_labv3_punc_1879h/11labs_794speaker/uIqImIl6Y4PbBhq17V8x/chunk*/*.tar
hdfs://haruna/home/byte_data_seed/lf_lq/speech/user/huangzhiying.92/data/bigtts/WFVAE_v2_labv3_punc_1879h/11labs_794speaker/uJJ0xbFbenPTmoBNkGbJ/chunk*/*.tar
hdfs://haruna/home/byte_data_seed/lf_lq/speech/user/huangzhiying.92/data/bigtts/WFVAE_v2_labv3_punc_1879h/11labs_794speaker/uLSJRZTxIkDKep2dTaEb/chunk*/*.tar
hdfs://haruna/home/byte_data_seed/lf_lq/speech/user/huangzhiying.92/data/bigtts/WFVAE_v2_labv3_punc_1879h/11labs_794speaker/uM4ZwOo2OzGeJbDjACGr/chunk*/*.tar
hdfs://haruna/home/byte_data_seed/lf_lq/speech/user/huangzhiying.92/data/bigtts/WFVAE_v2_labv3_punc_1879h/11labs_794speaker/uMi91CZEuwuwiguoBxey/chunk*/*.tar
hdfs://haruna/home/byte_data_seed/lf_lq/speech/user/huangzhiying.92/data/bigtts/WFVAE_v2_labv3_punc_1879h/11labs_794speaker/UmzaTvxAP2uIBnkkWVOJ/chunk*/*.tar
hdfs://haruna/home/byte_data_seed/lf_lq/speech/user/huangzhiying.92/data/bigtts/WFVAE_v2_labv3_punc_1879h/11labs_794speaker/UNa8Bk4wPmiaQ4s0swQ0/chunk*/*.tar
hdfs://haruna/home/byte_data_seed/lf_lq/speech/user/huangzhiying.92/data/bigtts/WFVAE_v2_labv3_punc_1879h/11labs_794speaker/uohP1TXHoI7u9OUbR9fh/chunk*/*.tar
hdfs://haruna/home/byte_data_seed/lf_lq/speech/user/huangzhiying.92/data/bigtts/WFVAE_v2_labv3_punc_1879h/11labs_794speaker/uryTRgodaXFFXEPE4FEO/chunk*/*.tar
hdfs://haruna/home/byte_data_seed/lf_lq/speech/user/huangzhiying.92/data/bigtts/WFVAE_v2_labv3_punc_1879h/11labs_794speaker/uUXelC3MKoWEVrhSB8nq/chunk*/*.tar
hdfs://haruna/home/byte_data_seed/lf_lq/speech/user/huangzhiying.92/data/bigtts/WFVAE_v2_labv3_punc_1879h/11labs_794speaker/UwzGyZOxArJDybnre9l5/chunk*/*.tar
hdfs://haruna/home/byte_data_seed/lf_lq/speech/user/huangzhiying.92/data/bigtts/WFVAE_v2_labv3_punc_1879h/11labs_794speaker/uXMjFO78hvwJTF7k6QfM/chunk*/*.tar
hdfs://haruna/home/byte_data_seed/lf_lq/speech/user/huangzhiying.92/data/bigtts/WFVAE_v2_labv3_punc_1879h/11labs_794speaker/UXpYCfaMm3DeRQU7dUqh/chunk*/*.tar
hdfs://haruna/home/byte_data_seed/lf_lq/speech/user/huangzhiying.92/data/bigtts/WFVAE_v2_labv3_punc_1879h/11labs_794speaker/UzhVbz5vamW5dfvp9Xbz/chunk*/*.tar
hdfs://haruna/home/byte_data_seed/lf_lq/speech/user/huangzhiying.92/data/bigtts/WFVAE_v2_labv3_punc_1879h/11labs_794speaker/v1Y1vXY5F9kw136E0Ubu/chunk*/*.tar
hdfs://haruna/home/byte_data_seed/lf_lq/speech/user/huangzhiying.92/data/bigtts/WFVAE_v2_labv3_punc_1879h/11labs_794speaker/v2mVYiCghyMzq0eeXDvt/chunk*/*.tar
hdfs://haruna/home/byte_data_seed/lf_lq/speech/user/huangzhiying.92/data/bigtts/WFVAE_v2_labv3_punc_1879h/11labs_794speaker/V2Si7Y1wfeFvR8TKOfjX/chunk*/*.tar
hdfs://haruna/home/byte_data_seed/lf_lq/speech/user/huangzhiying.92/data/bigtts/WFVAE_v2_labv3_punc_1879h/11labs_794speaker/V3Ctr2DSIlxCgmuXwqcM/chunk*/*.tar
hdfs://haruna/home/byte_data_seed/lf_lq/speech/user/huangzhiying.92/data/bigtts/WFVAE_v2_labv3_punc_1879h/11labs_794speaker/V41lZYMVB48hgMPwvXh5/chunk*/*.tar
hdfs://haruna/home/byte_data_seed/lf_lq/speech/user/huangzhiying.92/data/bigtts/WFVAE_v2_labv3_punc_1879h/11labs_794speaker/V53c1MhuIZPw5lZexyeg/chunk*/*.tar
hdfs://haruna/home/byte_data_seed/lf_lq/speech/user/huangzhiying.92/data/bigtts/WFVAE_v2_labv3_punc_1879h/11labs_794speaker/v6PB37C67jtN0mAhZnL0/chunk*/*.tar
hdfs://haruna/home/byte_data_seed/lf_lq/speech/user/huangzhiying.92/data/bigtts/WFVAE_v2_labv3_punc_1879h/11labs_794speaker/V6yExJ14KH3x8rAOSZBw/chunk*/*.tar
hdfs://haruna/home/byte_data_seed/lf_lq/speech/user/huangzhiying.92/data/bigtts/WFVAE_v2_labv3_punc_1879h/11labs_794speaker/v74i7PSJgJOvKj3BNgjl/chunk*/*.tar
hdfs://haruna/home/byte_data_seed/lf_lq/speech/user/huangzhiying.92/data/bigtts/WFVAE_v2_labv3_punc_1879h/11labs_794speaker/v8icMfjsIbcZrPpSi1gQ/chunk*/*.tar
hdfs://haruna/home/byte_data_seed/lf_lq/speech/user/huangzhiying.92/data/bigtts/WFVAE_v2_labv3_punc_1879h/11labs_794speaker/vAKORNFfc8M3fWUKo1L3/chunk*/*.tar
hdfs://haruna/home/byte_data_seed/lf_lq/speech/user/huangzhiying.92/data/bigtts/WFVAE_v2_labv3_punc_1879h/11labs_794speaker/vBs5c88AhmbWYVpJv2aJ/chunk*/*.tar
hdfs://haruna/home/byte_data_seed/lf_lq/speech/user/huangzhiying.92/data/bigtts/WFVAE_v2_labv3_punc_1879h/11labs_794speaker/vczNt9JKu0EYZ0TdP3iw/chunk*/*.tar
hdfs://haruna/home/byte_data_seed/lf_lq/speech/user/huangzhiying.92/data/bigtts/WFVAE_v2_labv3_punc_1879h/11labs_794speaker/vFLrfpUwIQnjl5l81IIn/chunk*/*.tar
hdfs://haruna/home/byte_data_seed/lf_lq/speech/user/huangzhiying.92/data/bigtts/WFVAE_v2_labv3_punc_1879h/11labs_794speaker/vfP2s3fkaVF6ZqBdDhGD/chunk*/*.tar
hdfs://haruna/home/byte_data_seed/lf_lq/speech/user/huangzhiying.92/data/bigtts/WFVAE_v2_labv3_punc_1879h/11labs_794speaker/vGIrgWcPsoOFQIe3sUxU/chunk*/*.tar
hdfs://haruna/home/byte_data_seed/lf_lq/speech/user/huangzhiying.92/data/bigtts/WFVAE_v2_labv3_punc_1879h/11labs_794speaker/ViIUSGMfIgDmKyvBq3Qs/chunk*/*.tar
hdfs://haruna/home/byte_data_seed/lf_lq/speech/user/huangzhiying.92/data/bigtts/WFVAE_v2_labv3_punc_1879h/11labs_794speaker/VIpuSdOdKm1JrR4huVpJ/chunk*/*.tar
hdfs://haruna/home/byte_data_seed/lf_lq/speech/user/huangzhiying.92/data/bigtts/WFVAE_v2_labv3_punc_1879h/11labs_794speaker/vIYbQdu9DNtLXTEIq5YH/chunk*/*.tar
hdfs://haruna/home/byte_data_seed/lf_lq/speech/user/huangzhiying.92/data/bigtts/WFVAE_v2_labv3_punc_1879h/11labs_794speaker/VjBQzupIgxtCIzI3dt3Q/chunk*/*.tar
hdfs://haruna/home/byte_data_seed/lf_lq/speech/user/huangzhiying.92/data/bigtts/WFVAE_v2_labv3_punc_1879h/11labs_794speaker/vJIm2HAV6qpm8vyYQbTr/chunk*/*.tar
hdfs://haruna/home/byte_data_seed/lf_lq/speech/user/huangzhiying.92/data/bigtts/WFVAE_v2_labv3_punc_1879h/11labs_794speaker/vjLc8mqt4WpD45Ht171k/chunk*/*.tar
hdfs://haruna/home/byte_data_seed/lf_lq/speech/user/huangzhiying.92/data/bigtts/WFVAE_v2_labv3_punc_1879h/11labs_794speaker/VjPR8G7p5O4Rva5rf7QR/chunk*/*.tar
hdfs://haruna/home/byte_data_seed/lf_lq/speech/user/huangzhiying.92/data/bigtts/WFVAE_v2_labv3_punc_1879h/11labs_794speaker/vKX4Y8uOtwcF6nHmGjwC/chunk*/*.tar
hdfs://haruna/home/byte_data_seed/lf_lq/speech/user/huangzhiying.92/data/bigtts/WFVAE_v2_labv3_punc_1879h/11labs_794speaker/VlrSTDTVs9WkkUPOfB93/chunk*/*.tar
hdfs://haruna/home/byte_data_seed/lf_lq/speech/user/huangzhiying.92/data/bigtts/WFVAE_v2_labv3_punc_1879h/11labs_794speaker/vMCHEAYXSvJ6bo5F3VKY/chunk*/*.tar
hdfs://haruna/home/byte_data_seed/lf_lq/speech/user/huangzhiying.92/data/bigtts/WFVAE_v2_labv3_punc_1879h/11labs_794speaker/VMHDe1eBVml5HQIRe3yl/chunk*/*.tar
hdfs://haruna/home/byte_data_seed/lf_lq/speech/user/huangzhiying.92/data/bigtts/WFVAE_v2_labv3_punc_1879h/11labs_794speaker/VnaR6PnUT4RYBdGadFaS/chunk*/*.tar
hdfs://haruna/home/byte_data_seed/lf_lq/speech/user/huangzhiying.92/data/bigtts/WFVAE_v2_labv3_punc_1879h/11labs_794speaker/VoCVHhKyBindMvSkTuwu/chunk*/*.tar
hdfs://haruna/home/byte_data_seed/lf_lq/speech/user/huangzhiying.92/data/bigtts/WFVAE_v2_labv3_punc_1879h/11labs_794speaker/VoYq1Vb0kQG1aCM0QeL1/chunk*/*.tar
hdfs://haruna/home/byte_data_seed/lf_lq/speech/user/huangzhiying.92/data/bigtts/WFVAE_v2_labv3_punc_1879h/11labs_794speaker/VU6DWNVdNqfsxlMohIL3/chunk*/*.tar
hdfs://haruna/home/byte_data_seed/lf_lq/speech/user/huangzhiying.92/data/bigtts/WFVAE_v2_labv3_punc_1879h/11labs_794speaker/VufZk4lNZAk1mccovK9A/chunk*/*.tar
hdfs://haruna/home/byte_data_seed/lf_lq/speech/user/huangzhiying.92/data/bigtts/WFVAE_v2_labv3_punc_1879h/11labs_794speaker/vUnwpKvE3PdsRV6xWhMo/chunk*/*.tar
hdfs://haruna/home/byte_data_seed/lf_lq/speech/user/huangzhiying.92/data/bigtts/WFVAE_v2_labv3_punc_1879h/11labs_794speaker/VuwQ8tmJJxc4bUnNjJiB/chunk*/*.tar
hdfs://haruna/home/byte_data_seed/lf_lq/speech/user/huangzhiying.92/data/bigtts/WFVAE_v2_labv3_punc_1879h/11labs_794speaker/VXfZgUGNK78RbtcO90P4/chunk*/*.tar
hdfs://haruna/home/byte_data_seed/lf_lq/speech/user/huangzhiying.92/data/bigtts/WFVAE_v2_labv3_punc_1879h/11labs_794speaker/VXr7dMN8rXxlBL2gSVvj/chunk*/*.tar
hdfs://haruna/home/byte_data_seed/lf_lq/speech/user/huangzhiying.92/data/bigtts/WFVAE_v2_labv3_punc_1879h/11labs_794speaker/vZ0Fn2XUALXV5Kl3ID4q/chunk*/*.tar
hdfs://haruna/home/byte_data_seed/lf_lq/speech/user/huangzhiying.92/data/bigtts/WFVAE_v2_labv3_punc_1879h/11labs_794speaker/w0pV6EhdicbR4qED3jYl/chunk*/*.tar
hdfs://haruna/home/byte_data_seed/lf_lq/speech/user/huangzhiying.92/data/bigtts/WFVAE_v2_labv3_punc_1879h/11labs_794speaker/W3jR40ADmOMXvBc6aawe/chunk*/*.tar
hdfs://haruna/home/byte_data_seed/lf_lq/speech/user/huangzhiying.92/data/bigtts/WFVAE_v2_labv3_punc_1879h/11labs_794speaker/w6lu3GwebUmb3c8W2Lff/chunk*/*.tar
hdfs://haruna/home/byte_data_seed/lf_lq/speech/user/huangzhiying.92/data/bigtts/WFVAE_v2_labv3_punc_1879h/11labs_794speaker/W7X3oEQPv2Z1fwGF40FX/chunk*/*.tar
hdfs://haruna/home/byte_data_seed/lf_lq/speech/user/huangzhiying.92/data/bigtts/WFVAE_v2_labv3_punc_1879h/11labs_794speaker/W9ix3hHQgyWTwVXGMm74/chunk*/*.tar
hdfs://haruna/home/byte_data_seed/lf_lq/speech/user/huangzhiying.92/data/bigtts/WFVAE_v2_labv3_punc_1879h/11labs_794speaker/WBfMP7PdjPVSiwkeZSmS/chunk*/*.tar
hdfs://haruna/home/byte_data_seed/lf_lq/speech/user/huangzhiying.92/data/bigtts/WFVAE_v2_labv3_punc_1879h/11labs_794speaker/WBZwPUYv52pbhcF5npSs/chunk*/*.tar
hdfs://haruna/home/byte_data_seed/lf_lq/speech/user/huangzhiying.92/data/bigtts/WFVAE_v2_labv3_punc_1879h/11labs_794speaker/WDllMDENC2zxcxxaOvwB/chunk*/*.tar
hdfs://haruna/home/byte_data_seed/lf_lq/speech/user/huangzhiying.92/data/bigtts/WFVAE_v2_labv3_punc_1879h/11labs_794speaker/WgT0br62RkSn59vvDh33/chunk*/*.tar
hdfs://haruna/home/byte_data_seed/lf_lq/speech/user/huangzhiying.92/data/bigtts/WFVAE_v2_labv3_punc_1879h/11labs_794speaker/WieCh8n5WSs9dyfJzVVd/chunk*/*.tar
hdfs://haruna/home/byte_data_seed/lf_lq/speech/user/huangzhiying.92/data/bigtts/WFVAE_v2_labv3_punc_1879h/11labs_794speaker/wljCr82xN4Vv2NIJEJik/chunk*/*.tar
hdfs://haruna/home/byte_data_seed/lf_lq/speech/user/huangzhiying.92/data/bigtts/WFVAE_v2_labv3_punc_1879h/11labs_794speaker/WLWOR7B3Qri0PJ9LXoOC/chunk*/*.tar
hdfs://haruna/home/byte_data_seed/lf_lq/speech/user/huangzhiying.92/data/bigtts/WFVAE_v2_labv3_punc_1879h/11labs_794speaker/WNLJnQK4ljEJ3rSrIrwO/chunk*/*.tar
hdfs://haruna/home/byte_data_seed/lf_lq/speech/user/huangzhiying.92/data/bigtts/WFVAE_v2_labv3_punc_1879h/11labs_794speaker/wOEwMFIzkhedZmb1pFG0/chunk*/*.tar
hdfs://haruna/home/byte_data_seed/lf_lq/speech/user/huangzhiying.92/data/bigtts/WFVAE_v2_labv3_punc_1879h/11labs_794speaker/Wr5oGIgfuugy6gMCBerJ/chunk*/*.tar
hdfs://haruna/home/byte_data_seed/lf_lq/speech/user/huangzhiying.92/data/bigtts/WFVAE_v2_labv3_punc_1879h/11labs_794speaker/wshfbt3yUo2qbXe6OY1U/chunk*/*.tar
hdfs://haruna/home/byte_data_seed/lf_lq/speech/user/huangzhiying.92/data/bigtts/WFVAE_v2_labv3_punc_1879h/11labs_794speaker/WTeGyc5BGV5GBEH0dvpB/chunk*/*.tar
hdfs://haruna/home/byte_data_seed/lf_lq/speech/user/huangzhiying.92/data/bigtts/WFVAE_v2_labv3_punc_1879h/11labs_794speaker/wTsjXMWDwcj6VuptwNyT/chunk*/*.tar
hdfs://haruna/home/byte_data_seed/lf_lq/speech/user/huangzhiying.92/data/bigtts/WFVAE_v2_labv3_punc_1879h/11labs_794speaker/WXoznEWJ0NMcVMPhl413/chunk*/*.tar
hdfs://haruna/home/byte_data_seed/lf_lq/speech/user/huangzhiying.92/data/bigtts/WFVAE_v2_labv3_punc_1879h/11labs_794speaker/X22AYzpQ1bmTtE3IfY22/chunk*/*.tar
hdfs://haruna/home/byte_data_seed/lf_lq/speech/user/huangzhiying.92/data/bigtts/WFVAE_v2_labv3_punc_1879h/11labs_794speaker/X3ZCFz6g65CXGzB1K4hg/chunk*/*.tar
hdfs://haruna/home/byte_data_seed/lf_lq/speech/user/huangzhiying.92/data/bigtts/WFVAE_v2_labv3_punc_1879h/11labs_794speaker/xa0UgRzUbnY6QsbmQ1sy/chunk*/*.tar
hdfs://haruna/home/byte_data_seed/lf_lq/speech/user/huangzhiying.92/data/bigtts/WFVAE_v2_labv3_punc_1879h/11labs_794speaker/XFMkkYbyccjpOVjFjwGg/chunk*/*.tar
hdfs://haruna/home/byte_data_seed/lf_lq/speech/user/huangzhiying.92/data/bigtts/WFVAE_v2_labv3_punc_1879h/11labs_794speaker/XHsa0l1pFCgI0EhfPTug/chunk*/*.tar
hdfs://haruna/home/byte_data_seed/lf_lq/speech/user/huangzhiying.92/data/bigtts/WFVAE_v2_labv3_punc_1879h/11labs_794speaker/Xi6MrCtgQcmLPgqOngmM/chunk*/*.tar
hdfs://haruna/home/byte_data_seed/lf_lq/speech/user/huangzhiying.92/data/bigtts/WFVAE_v2_labv3_punc_1879h/11labs_794speaker/xlTtAq4LrsCoZ47K2wGm/chunk*/*.tar
hdfs://haruna/home/byte_data_seed/lf_lq/speech/user/huangzhiying.92/data/bigtts/WFVAE_v2_labv3_punc_1879h/11labs_794speaker/xM5Xddqsglq14JMM5QHy/chunk*/*.tar
hdfs://haruna/home/byte_data_seed/lf_lq/speech/user/huangzhiying.92/data/bigtts/WFVAE_v2_labv3_punc_1879h/11labs_794speaker/xMFiICWoIXvg1rdqRhRT/chunk*/*.tar
hdfs://haruna/home/byte_data_seed/lf_lq/speech/user/huangzhiying.92/data/bigtts/WFVAE_v2_labv3_punc_1879h/11labs_794speaker/XrmBu5o9iHHNhvlfblVw/chunk*/*.tar
hdfs://haruna/home/byte_data_seed/lf_lq/speech/user/huangzhiying.92/data/bigtts/WFVAE_v2_labv3_punc_1879h/11labs_794speaker/XRV5E3JuSLf7OgjMuuqO/chunk*/*.tar
hdfs://haruna/home/byte_data_seed/lf_lq/speech/user/huangzhiying.92/data/bigtts/WFVAE_v2_labv3_punc_1879h/11labs_794speaker/XSpZnt6GOQ5KCg25suVb/chunk*/*.tar
hdfs://haruna/home/byte_data_seed/lf_lq/speech/user/huangzhiying.92/data/bigtts/WFVAE_v2_labv3_punc_1879h/11labs_794speaker/XtdkpJ5AP13HfQT4CRyc/chunk*/*.tar
hdfs://haruna/home/byte_data_seed/lf_lq/speech/user/huangzhiying.92/data/bigtts/WFVAE_v2_labv3_punc_1879h/11labs_794speaker/XtJMc36wutIvEDEAeooZ/chunk*/*.tar
hdfs://haruna/home/byte_data_seed/lf_lq/speech/user/huangzhiying.92/data/bigtts/WFVAE_v2_labv3_punc_1879h/11labs_794speaker/xw0BnBLFyKFt744wbI6C/chunk*/*.tar
hdfs://haruna/home/byte_data_seed/lf_lq/speech/user/huangzhiying.92/data/bigtts/WFVAE_v2_labv3_punc_1879h/11labs_794speaker/XwdXYYgF8Qe9cOOw9ASn/chunk*/*.tar
hdfs://haruna/home/byte_data_seed/lf_lq/speech/user/huangzhiying.92/data/bigtts/WFVAE_v2_labv3_punc_1879h/11labs_794speaker/XyduGtmCb1Ghu4ZoNFSL/chunk*/*.tar
hdfs://haruna/home/byte_data_seed/lf_lq/speech/user/huangzhiying.92/data/bigtts/WFVAE_v2_labv3_punc_1879h/11labs_794speaker/XzdckubqzHd24ExOfO3I/chunk*/*.tar
hdfs://haruna/home/byte_data_seed/lf_lq/speech/user/huangzhiying.92/data/bigtts/WFVAE_v2_labv3_punc_1879h/11labs_794speaker/y0KYbvf4O6Kjf5hN7JA3/chunk*/*.tar
hdfs://haruna/home/byte_data_seed/lf_lq/speech/user/huangzhiying.92/data/bigtts/WFVAE_v2_labv3_punc_1879h/11labs_794speaker/Y33KZMkG0qrwCYKPf3yf/chunk*/*.tar
hdfs://haruna/home/byte_data_seed/lf_lq/speech/user/huangzhiying.92/data/bigtts/WFVAE_v2_labv3_punc_1879h/11labs_794speaker/Y4JkyTu4FXl3JTnf7U56/chunk*/*.tar
hdfs://haruna/home/byte_data_seed/lf_lq/speech/user/huangzhiying.92/data/bigtts/WFVAE_v2_labv3_punc_1879h/11labs_794speaker/y5VEQ1WasGr9JARekxuJ/chunk*/*.tar
hdfs://haruna/home/byte_data_seed/lf_lq/speech/user/huangzhiying.92/data/bigtts/WFVAE_v2_labv3_punc_1879h/11labs_794speaker/YAdzfiC7yZlnAl4RSqbA/chunk*/*.tar
hdfs://haruna/home/byte_data_seed/lf_lq/speech/user/huangzhiying.92/data/bigtts/WFVAE_v2_labv3_punc_1879h/11labs_794speaker/YAxfpqKfRS2QFeQG8LP2/chunk*/*.tar
hdfs://haruna/home/byte_data_seed/lf_lq/speech/user/huangzhiying.92/data/bigtts/WFVAE_v2_labv3_punc_1879h/11labs_794speaker/Yeo9WtwfxWLn1WAR1YUq/chunk*/*.tar
hdfs://haruna/home/byte_data_seed/lf_lq/speech/user/huangzhiying.92/data/bigtts/WFVAE_v2_labv3_punc_1879h/11labs_794speaker/Yg6ghsHw5VBaDPpKls5L/chunk*/*.tar
hdfs://haruna/home/byte_data_seed/lf_lq/speech/user/huangzhiying.92/data/bigtts/WFVAE_v2_labv3_punc_1879h/11labs_794speaker/Yg6y7PzXpdkdAAWzkppc/chunk*/*.tar
hdfs://haruna/home/byte_data_seed/lf_lq/speech/user/huangzhiying.92/data/bigtts/WFVAE_v2_labv3_punc_1879h/11labs_794speaker/ylQEIDrQn6xmkSe4UQfW/chunk*/*.tar
hdfs://haruna/home/byte_data_seed/lf_lq/speech/user/huangzhiying.92/data/bigtts/WFVAE_v2_labv3_punc_1879h/11labs_794speaker/YOouxJ2lKzeLrEdzMyVD/chunk*/*.tar
hdfs://haruna/home/byte_data_seed/lf_lq/speech/user/huangzhiying.92/data/bigtts/WFVAE_v2_labv3_punc_1879h/11labs_794speaker/YpDOMx9Py3DqHhKpzmeV/chunk*/*.tar
hdfs://haruna/home/byte_data_seed/lf_lq/speech/user/huangzhiying.92/data/bigtts/WFVAE_v2_labv3_punc_1879h/11labs_794speaker/yrnpptVm95lXsffyk4yh/chunk*/*.tar
hdfs://haruna/home/byte_data_seed/lf_lq/speech/user/huangzhiying.92/data/bigtts/WFVAE_v2_labv3_punc_1879h/11labs_794speaker/YS2VaHY2FthbD9erAGoS/chunk*/*.tar
hdfs://haruna/home/byte_data_seed/lf_lq/speech/user/huangzhiying.92/data/bigtts/WFVAE_v2_labv3_punc_1879h/11labs_794speaker/YT9cMlqV8mTt1ryxau0D/chunk*/*.tar
hdfs://haruna/home/byte_data_seed/lf_lq/speech/user/huangzhiying.92/data/bigtts/WFVAE_v2_labv3_punc_1879h/11labs_794speaker/YtgtDWSH00WP6SUMVq3C/chunk*/*.tar
hdfs://haruna/home/byte_data_seed/lf_lq/speech/user/huangzhiying.92/data/bigtts/WFVAE_v2_labv3_punc_1879h/11labs_794speaker/yUB3uu9hvkapeBgURdQq/chunk*/*.tar
hdfs://haruna/home/byte_data_seed/lf_lq/speech/user/huangzhiying.92/data/bigtts/WFVAE_v2_labv3_punc_1879h/11labs_794speaker/YWfPFX7FI217rLtP2FmS/chunk*/*.tar
hdfs://haruna/home/byte_data_seed/lf_lq/speech/user/huangzhiying.92/data/bigtts/WFVAE_v2_labv3_punc_1879h/11labs_794speaker/yyVPHx4U78CDF2XzROVe/chunk*/*.tar
hdfs://haruna/home/byte_data_seed/lf_lq/speech/user/huangzhiying.92/data/bigtts/WFVAE_v2_labv3_punc_1879h/11labs_794speaker/Z0d8QzbnLL1jRT9v14oE/chunk*/*.tar
hdfs://haruna/home/byte_data_seed/lf_lq/speech/user/huangzhiying.92/data/bigtts/WFVAE_v2_labv3_punc_1879h/11labs_794speaker/Z0pVmBSEhMKw8LhQjffL/chunk*/*.tar
hdfs://haruna/home/byte_data_seed/lf_lq/speech/user/huangzhiying.92/data/bigtts/WFVAE_v2_labv3_punc_1879h/11labs_794speaker/ZE4QOwgRZ0D7vc9AglNS/chunk*/*.tar
hdfs://haruna/home/byte_data_seed/lf_lq/speech/user/huangzhiying.92/data/bigtts/WFVAE_v2_labv3_punc_1879h/11labs_794speaker/ZF9O4QNQMiieAjP8eZpU/chunk*/*.tar
hdfs://haruna/home/byte_data_seed/lf_lq/speech/user/huangzhiying.92/data/bigtts/WFVAE_v2_labv3_punc_1879h/11labs_794speaker/ZIXjMd8xj6WNLrsi98dP/chunk*/*.tar
hdfs://haruna/home/byte_data_seed/lf_lq/speech/user/huangzhiying.92/data/bigtts/WFVAE_v2_labv3_punc_1879h/11labs_794speaker/ZJfLsq8wiyNDMb4ZDBsy/chunk*/*.tar
hdfs://haruna/home/byte_data_seed/lf_lq/speech/user/huangzhiying.92/data/bigtts/WFVAE_v2_labv3_punc_1879h/11labs_794speaker/ZK0f5vVwE6rbPv1aTWx6/chunk*/*.tar
hdfs://haruna/home/byte_data_seed/lf_lq/speech/user/huangzhiying.92/data/bigtts/WFVAE_v2_labv3_punc_1879h/11labs_794speaker/ZMQPslIUUW21LigezKvm/chunk*/*.tar
hdfs://haruna/home/byte_data_seed/lf_lq/speech/user/huangzhiying.92/data/bigtts/WFVAE_v2_labv3_punc_1879h/11labs_794speaker/ZnlEBpSUOpgrpgh0BCSS/chunk*/*.tar
hdfs://haruna/home/byte_data_seed/lf_lq/speech/user/huangzhiying.92/data/bigtts/WFVAE_v2_labv3_punc_1879h/11labs_794speaker/ZNmLaNs4DPfIftlIjwhV/chunk*/*.tar
hdfs://haruna/home/byte_data_seed/lf_lq/speech/user/huangzhiying.92/data/bigtts/WFVAE_v2_labv3_punc_1879h/11labs_794speaker/ZO98DVhwER8H0Pa0NQo1/chunk*/*.tar
hdfs://haruna/home/byte_data_seed/lf_lq/speech/user/huangzhiying.92/data/bigtts/WFVAE_v2_labv3_punc_1879h/11labs_794speaker/Zof7KfcEk3sOBUPvXIBQ/chunk*/*.tar
hdfs://haruna/home/byte_data_seed/lf_lq/speech/user/huangzhiying.92/data/bigtts/WFVAE_v2_labv3_punc_1879h/11labs_794speaker/ZTB3iCF8RnAWiWttHB3e/chunk*/*.tar
hdfs://haruna/home/byte_data_seed/lf_lq/speech/user/huangzhiying.92/data/bigtts/WFVAE_v2_labv3_punc_1879h/11labs_794speaker/zwYwrEV97spRSv92NvCU/chunk*/*.tar
hdfs://haruna/home/byte_data_seed/lf_lq/speech/user/huangzhiying.92/data/bigtts/WFVAE_v2_labv3_punc_1879h/11labs/Adam025/chunk*/*.tar
hdfs://haruna/home/byte_data_seed/lf_lq/speech/user/huangzhiying.92/data/bigtts/WFVAE_v2_labv3_punc_1879h/11labs/Bella075/chunk*/*.tar
hdfs://haruna/home/byte_data_seed/lf_lq/speech/user/huangzhiying.92/data/bigtts/WFVAE_v2_labv3_punc_1879h/11labs/BellaLong025/chunk*/*.tar
hdfs://haruna/home/byte_data_seed/lf_lq/speech/user/huangzhiying.92/data/bigtts/WFVAE_v2_labv3_punc_1879h/11labs/BellaShort025/chunk*/*.tar
hdfs://haruna/home/byte_data_seed/lf_lq/speech/user/huangzhiying.92/data/bigtts/WFVAE_v2_labv3_punc_1879h/bc2013/bc2013/chunk*/*.tar
hdfs://haruna/home/byte_data_seed/lf_lq/speech/user/huangzhiying.92/data/bigtts/WFVAE_v2_labv3_punc_1879h/BigSpeech_EN-TTS/SA_AmericanChildDB1/chunk*/*.tar
hdfs://haruna/home/byte_data_seed/lf_lq/speech/user/huangzhiying.92/data/bigtts/WFVAE_v2_labv3_punc_1879h/BigSpeech_EN-TTS/SA_AmericanFemaleDB1/chunk*/*.tar
hdfs://haruna/home/byte_data_seed/lf_lq/speech/user/huangzhiying.92/data/bigtts/WFVAE_v2_labv3_punc_1879h/BigSpeech_EN-TTS/SA_AmericanFemaleDB2/chunk*/*.tar
hdfs://haruna/home/byte_data_seed/lf_lq/speech/user/huangzhiying.92/data/bigtts/WFVAE_v2_labv3_punc_1879h/BigSpeech_EN-TTS/SA_AmericanMaleDB1/chunk*/*.tar
hdfs://haruna/home/byte_data_seed/lf_lq/speech/user/huangzhiying.92/data/bigtts/WFVAE_v2_labv3_punc_1879h/BigSpeech_EN-TTS/SA_ATF001/chunk*/*.tar
hdfs://haruna/home/byte_data_seed/lf_lq/speech/user/huangzhiying.92/data/bigtts/WFVAE_v2_labv3_punc_1879h/BigSpeech_EN-TTS/SA_ATF002/chunk*/*.tar
hdfs://haruna/home/byte_data_seed/lf_lq/speech/user/huangzhiying.92/data/bigtts/WFVAE_v2_labv3_punc_1879h/BigSpeech_EN-TTS/SA_ATF003/chunk*/*.tar
hdfs://haruna/home/byte_data_seed/lf_lq/speech/user/huangzhiying.92/data/bigtts/WFVAE_v2_labv3_punc_1879h/BigSpeech_EN-TTS/SA_ATF004/chunk*/*.tar
hdfs://haruna/home/byte_data_seed/lf_lq/speech/user/huangzhiying.92/data/bigtts/WFVAE_v2_labv3_punc_1879h/BigSpeech_EN-TTS/SA_ATF005/chunk*/*.tar
hdfs://haruna/home/byte_data_seed/lf_lq/speech/user/huangzhiying.92/data/bigtts/WFVAE_v2_labv3_punc_1879h/BigSpeech_EN-TTS/SA_ATF006/chunk*/*.tar
hdfs://haruna/home/byte_data_seed/lf_lq/speech/user/huangzhiying.92/data/bigtts/WFVAE_v2_labv3_punc_1879h/BigSpeech_EN-TTS/SA_ATF007/chunk*/*.tar
hdfs://haruna/home/byte_data_seed/lf_lq/speech/user/huangzhiying.92/data/bigtts/WFVAE_v2_labv3_punc_1879h/BigSpeech_EN-TTS/SA_ATF008/chunk*/*.tar
hdfs://haruna/home/byte_data_seed/lf_lq/speech/user/huangzhiying.92/data/bigtts/WFVAE_v2_labv3_punc_1879h/BigSpeech_EN-TTS/SA_ATF009/chunk*/*.tar
hdfs://haruna/home/byte_data_seed/lf_lq/speech/user/huangzhiying.92/data/bigtts/WFVAE_v2_labv3_punc_1879h/BigSpeech_EN-TTS/SA_ATF010/chunk*/*.tar
hdfs://haruna/home/byte_data_seed/lf_lq/speech/user/huangzhiying.92/data/bigtts/WFVAE_v2_labv3_punc_1879h/BigSpeech_EN-TTS/SA_ATF011/chunk*/*.tar
hdfs://haruna/home/byte_data_seed/lf_lq/speech/user/huangzhiying.92/data/bigtts/WFVAE_v2_labv3_punc_1879h/BigSpeech_EN-TTS/SA_ATF012/chunk*/*.tar
hdfs://haruna/home/byte_data_seed/lf_lq/speech/user/huangzhiying.92/data/bigtts/WFVAE_v2_labv3_punc_1879h/BigSpeech_EN-TTS/SA_ATF013/chunk*/*.tar
hdfs://haruna/home/byte_data_seed/lf_lq/speech/user/huangzhiying.92/data/bigtts/WFVAE_v2_labv3_punc_1879h/BigSpeech_EN-TTS/SA_ATF014/chunk*/*.tar
hdfs://haruna/home/byte_data_seed/lf_lq/speech/user/huangzhiying.92/data/bigtts/WFVAE_v2_labv3_punc_1879h/BigSpeech_EN-TTS/SA_ATF015/chunk*/*.tar
hdfs://haruna/home/byte_data_seed/lf_lq/speech/user/huangzhiying.92/data/bigtts/WFVAE_v2_labv3_punc_1879h/BigSpeech_EN-TTS/SA_ATF016/chunk*/*.tar
hdfs://haruna/home/byte_data_seed/lf_lq/speech/user/huangzhiying.92/data/bigtts/WFVAE_v2_labv3_punc_1879h/BigSpeech_EN-TTS/SA_ATF017/chunk*/*.tar
hdfs://haruna/home/byte_data_seed/lf_lq/speech/user/huangzhiying.92/data/bigtts/WFVAE_v2_labv3_punc_1879h/BigSpeech_EN-TTS/SA_ATF018/chunk*/*.tar
hdfs://haruna/home/byte_data_seed/lf_lq/speech/user/huangzhiying.92/data/bigtts/WFVAE_v2_labv3_punc_1879h/BigSpeech_EN-TTS/SA_ATF019/chunk*/*.tar
hdfs://haruna/home/byte_data_seed/lf_lq/speech/user/huangzhiying.92/data/bigtts/WFVAE_v2_labv3_punc_1879h/BigSpeech_EN-TTS/SA_ATF020/chunk*/*.tar
hdfs://haruna/home/byte_data_seed/lf_lq/speech/user/huangzhiying.92/data/bigtts/WFVAE_v2_labv3_punc_1879h/BigSpeech_EN-TTS/SA_ATF021/chunk*/*.tar
hdfs://haruna/home/byte_data_seed/lf_lq/speech/user/huangzhiying.92/data/bigtts/WFVAE_v2_labv3_punc_1879h/BigSpeech_EN-TTS/SA_ATF022/chunk*/*.tar
hdfs://haruna/home/byte_data_seed/lf_lq/speech/user/huangzhiying.92/data/bigtts/WFVAE_v2_labv3_punc_1879h/BigSpeech_EN-TTS/SA_ATF023/chunk*/*.tar
hdfs://haruna/home/byte_data_seed/lf_lq/speech/user/huangzhiying.92/data/bigtts/WFVAE_v2_labv3_punc_1879h/BigSpeech_EN-TTS/SA_ATF024/chunk*/*.tar
hdfs://haruna/home/byte_data_seed/lf_lq/speech/user/huangzhiying.92/data/bigtts/WFVAE_v2_labv3_punc_1879h/BigSpeech_EN-TTS/SA_ATF025/chunk*/*.tar
hdfs://haruna/home/byte_data_seed/lf_lq/speech/user/huangzhiying.92/data/bigtts/WFVAE_v2_labv3_punc_1879h/BigSpeech_EN-TTS/SA_ATF026/chunk*/*.tar
hdfs://haruna/home/byte_data_seed/lf_lq/speech/user/huangzhiying.92/data/bigtts/WFVAE_v2_labv3_punc_1879h/BigSpeech_EN-TTS/SA_ATF027/chunk*/*.tar
hdfs://haruna/home/byte_data_seed/lf_lq/speech/user/huangzhiying.92/data/bigtts/WFVAE_v2_labv3_punc_1879h/BigSpeech_EN-TTS/SA_ATF028/chunk*/*.tar
hdfs://haruna/home/byte_data_seed/lf_lq/speech/user/huangzhiying.92/data/bigtts/WFVAE_v2_labv3_punc_1879h/BigSpeech_EN-TTS/SA_ATF029/chunk*/*.tar
hdfs://haruna/home/byte_data_seed/lf_lq/speech/user/huangzhiying.92/data/bigtts/WFVAE_v2_labv3_punc_1879h/BigSpeech_EN-TTS/SA_ATF030/chunk*/*.tar
hdfs://haruna/home/byte_data_seed/lf_lq/speech/user/huangzhiying.92/data/bigtts/WFVAE_v2_labv3_punc_1879h/BigSpeech_EN-TTS/SA_ATF031/chunk*/*.tar
hdfs://haruna/home/byte_data_seed/lf_lq/speech/user/huangzhiying.92/data/bigtts/WFVAE_v2_labv3_punc_1879h/BigSpeech_EN-TTS/SA_ATF032/chunk*/*.tar
hdfs://haruna/home/byte_data_seed/lf_lq/speech/user/huangzhiying.92/data/bigtts/WFVAE_v2_labv3_punc_1879h/BigSpeech_EN-TTS/SA_ATF033/chunk*/*.tar
hdfs://haruna/home/byte_data_seed/lf_lq/speech/user/huangzhiying.92/data/bigtts/WFVAE_v2_labv3_punc_1879h/BigSpeech_EN-TTS/SA_ATF034/chunk*/*.tar
hdfs://haruna/home/byte_data_seed/lf_lq/speech/user/huangzhiying.92/data/bigtts/WFVAE_v2_labv3_punc_1879h/BigSpeech_EN-TTS/SA_ATF035/chunk*/*.tar
hdfs://haruna/home/byte_data_seed/lf_lq/speech/user/huangzhiying.92/data/bigtts/WFVAE_v2_labv3_punc_1879h/BigSpeech_EN-TTS/SA_ATF036/chunk*/*.tar
hdfs://haruna/home/byte_data_seed/lf_lq/speech/user/huangzhiying.92/data/bigtts/WFVAE_v2_labv3_punc_1879h/BigSpeech_EN-TTS/SA_ATF037/chunk*/*.tar
hdfs://haruna/home/byte_data_seed/lf_lq/speech/user/huangzhiying.92/data/bigtts/WFVAE_v2_labv3_punc_1879h/BigSpeech_EN-TTS/SA_ATF038/chunk*/*.tar
hdfs://haruna/home/byte_data_seed/lf_lq/speech/user/huangzhiying.92/data/bigtts/WFVAE_v2_labv3_punc_1879h/BigSpeech_EN-TTS/SA_ATF039/chunk*/*.tar
hdfs://haruna/home/byte_data_seed/lf_lq/speech/user/huangzhiying.92/data/bigtts/WFVAE_v2_labv3_punc_1879h/BigSpeech_EN-TTS/SA_ATF040/chunk*/*.tar
hdfs://haruna/home/byte_data_seed/lf_lq/speech/user/huangzhiying.92/data/bigtts/WFVAE_v2_labv3_punc_1879h/BigSpeech_EN-TTS/SA_ATF041/chunk*/*.tar
hdfs://haruna/home/byte_data_seed/lf_lq/speech/user/huangzhiying.92/data/bigtts/WFVAE_v2_labv3_punc_1879h/BigSpeech_EN-TTS/SA_ATF042/chunk*/*.tar
hdfs://haruna/home/byte_data_seed/lf_lq/speech/user/huangzhiying.92/data/bigtts/WFVAE_v2_labv3_punc_1879h/BigSpeech_EN-TTS/SA_ATF043/chunk*/*.tar
hdfs://haruna/home/byte_data_seed/lf_lq/speech/user/huangzhiying.92/data/bigtts/WFVAE_v2_labv3_punc_1879h/BigSpeech_EN-TTS/SA_ATF044/chunk*/*.tar
hdfs://haruna/home/byte_data_seed/lf_lq/speech/user/huangzhiying.92/data/bigtts/WFVAE_v2_labv3_punc_1879h/BigSpeech_EN-TTS/SA_ATF045/chunk*/*.tar
hdfs://haruna/home/byte_data_seed/lf_lq/speech/user/huangzhiying.92/data/bigtts/WFVAE_v2_labv3_punc_1879h/BigSpeech_EN-TTS/SA_ATF046/chunk*/*.tar
hdfs://haruna/home/byte_data_seed/lf_lq/speech/user/huangzhiying.92/data/bigtts/WFVAE_v2_labv3_punc_1879h/BigSpeech_EN-TTS/SA_BritishMaleDB1/chunk*/*.tar
hdfs://haruna/home/byte_data_seed/lf_lq/speech/user/huangzhiying.92/data/bigtts/WFVAE_v2_labv3_punc_1879h/BigSpeech_EN-TTS/SA_BV011/chunk*/*.tar
hdfs://haruna/home/byte_data_seed/lf_lq/speech/user/huangzhiying.92/data/bigtts/WFVAE_v2_labv3_punc_1879h/BigSpeech_EN-TTS/SA_BV012/chunk*/*.tar
hdfs://haruna/home/byte_data_seed/lf_lq/speech/user/huangzhiying.92/data/bigtts/WFVAE_v2_labv3_punc_1879h/BigSpeech_EN-TTS/SA_BV028/chunk*/*.tar
hdfs://haruna/home/byte_data_seed/lf_lq/speech/user/huangzhiying.92/data/bigtts/WFVAE_v2_labv3_punc_1879h/BigSpeech_EN-TTS/SA_BV031/chunk*/*.tar
hdfs://haruna/home/byte_data_seed/lf_lq/speech/user/huangzhiying.92/data/bigtts/WFVAE_v2_labv3_punc_1879h/BigSpeech_EN-TTS/SA_BV032/chunk*/*.tar
hdfs://haruna/home/byte_data_seed/lf_lq/speech/user/huangzhiying.92/data/bigtts/WFVAE_v2_labv3_punc_1879h/BigSpeech_EN-TTS/SA_BV033/chunk*/*.tar
hdfs://haruna/home/byte_data_seed/lf_lq/speech/user/huangzhiying.92/data/bigtts/WFVAE_v2_labv3_punc_1879h/BigSpeech_EN-TTS/SA_BV034/chunk*/*.tar
hdfs://haruna/home/byte_data_seed/lf_lq/speech/user/huangzhiying.92/data/bigtts/WFVAE_v2_labv3_punc_1879h/BigSpeech_EN-TTS/SA_BV039/chunk*/*.tar
hdfs://haruna/home/byte_data_seed/lf_lq/speech/user/huangzhiying.92/data/bigtts/WFVAE_v2_labv3_punc_1879h/BigSpeech_EN-TTS/SA_BV057/chunk*/*.tar
hdfs://haruna/home/byte_data_seed/lf_lq/speech/user/huangzhiying.92/data/bigtts/WFVAE_v2_labv3_punc_1879h/BigSpeech_EN-TTS/SA_BV058/chunk*/*.tar
hdfs://haruna/home/byte_data_seed/lf_lq/speech/user/huangzhiying.92/data/bigtts/WFVAE_v2_labv3_punc_1879h/BigSpeech_EN-TTS/SA_BV061_GGL_CN/chunk*/*.tar
hdfs://haruna/home/byte_data_seed/lf_lq/speech/user/huangzhiying.92/data/bigtts/WFVAE_v2_labv3_punc_1879h/BigSpeech_EN-TTS/SA_BV063spongebob/chunk*/*.tar
hdfs://haruna/home/byte_data_seed/lf_lq/speech/user/huangzhiying.92/data/bigtts/WFVAE_v2_labv3_punc_1879h/BigSpeech_EN-TTS/SA_BV502/chunk*/*.tar
hdfs://haruna/home/byte_data_seed/lf_lq/speech/user/huangzhiying.92/data/bigtts/WFVAE_v2_labv3_punc_1879h/BigSpeech_EN-TTS/SA_BV504/chunk*/*.tar
hdfs://haruna/home/byte_data_seed/lf_lq/speech/user/huangzhiying.92/data/bigtts/WFVAE_v2_labv3_punc_1879h/BigSpeech_EN-TTS/SA_DB0008/chunk*/*.tar
hdfs://haruna/home/byte_data_seed/lf_lq/speech/user/huangzhiying.92/data/bigtts/WFVAE_v2_labv3_punc_1879h/BigSpeech_EN-TTS/SA_DB0012/chunk*/*.tar
hdfs://haruna/home/byte_data_seed/lf_lq/speech/user/huangzhiying.92/data/bigtts/WFVAE_v2_labv3_punc_1879h/BigSpeech_EN-TTS/SA_DB1/chunk*/*.tar
hdfs://haruna/home/byte_data_seed/lf_lq/speech/user/huangzhiying.92/data/bigtts/WFVAE_v2_labv3_punc_1879h/BigSpeech_EN-TTS/SA_DB4Female/chunk*/*.tar
hdfs://haruna/home/byte_data_seed/lf_lq/speech/user/huangzhiying.92/data/bigtts/WFVAE_v2_labv3_punc_1879h/BigSpeech_EN-TTS/SA_DB6/chunk*/*.tar
hdfs://haruna/home/byte_data_seed/lf_lq/speech/user/huangzhiying.92/data/bigtts/WFVAE_v2_labv3_punc_1879h/BigSpeech_EN-TTS/SA_gyc/chunk*/*.tar
hdfs://haruna/home/byte_data_seed/lf_lq/speech/user/huangzhiying.92/data/bigtts/WFVAE_v2_labv3_punc_1879h/BigSpeech_EN-TTS/SA_KING006/chunk*/*.tar
hdfs://haruna/home/byte_data_seed/lf_lq/speech/user/huangzhiying.92/data/bigtts/WFVAE_v2_labv3_punc_1879h/BigSpeech_EN-TTS/SA_KING007/chunk*/*.tar
hdfs://haruna/home/byte_data_seed/lf_lq/speech/user/huangzhiying.92/data/bigtts/WFVAE_v2_labv3_punc_1879h/BigSpeech_EN-TTS/SA_KING014/chunk*/*.tar
hdfs://haruna/home/byte_data_seed/lf_lq/speech/user/huangzhiying.92/data/bigtts/WFVAE_v2_labv3_punc_1879h/BigSpeech_EN-TTS/SA_KING030/chunk*/*.tar
hdfs://haruna/home/byte_data_seed/lf_lq/speech/user/huangzhiying.92/data/bigtts/WFVAE_v2_labv3_punc_1879h/BigSpeech_EN-TTS/SA_KING033/chunk*/*.tar
hdfs://haruna/home/byte_data_seed/lf_lq/speech/user/huangzhiying.92/data/bigtts/WFVAE_v2_labv3_punc_1879h/BigSpeech_EN-TTS/SA_KING039/chunk*/*.tar
hdfs://haruna/home/byte_data_seed/lf_lq/speech/user/huangzhiying.92/data/bigtts/WFVAE_v2_labv3_punc_1879h/BigSpeech_EN-TTS/SA_KING042/chunk*/*.tar
hdfs://haruna/home/byte_data_seed/lf_lq/speech/user/huangzhiying.92/data/bigtts/WFVAE_v2_labv3_punc_1879h/BigSpeech_EN-TTS/SA_KING052/chunk*/*.tar
hdfs://haruna/home/byte_data_seed/lf_lq/speech/user/huangzhiying.92/data/bigtts/WFVAE_v2_labv3_punc_1879h/BigSpeech_EN-TTS/SA_LK2/chunk*/*.tar
hdfs://haruna/home/byte_data_seed/lf_lq/speech/user/huangzhiying.92/data/bigtts/WFVAE_v2_labv3_punc_1879h/BigSpeech_EN-TTS/SAMI_211101_c3po/chunk*/*.tar
hdfs://haruna/home/byte_data_seed/lf_lq/speech/user/huangzhiying.92/data/bigtts/WFVAE_v2_labv3_punc_1879h/BigSpeech_EN-TTS/SAMI_Adam/chunk*/*.tar
hdfs://haruna/home/byte_data_seed/lf_lq/speech/user/huangzhiying.92/data/bigtts/WFVAE_v2_labv3_punc_1879h/BigSpeech_EN-TTS/SAMI_AngelJinx/chunk*/*.tar
hdfs://haruna/home/byte_data_seed/lf_lq/speech/user/huangzhiying.92/data/bigtts/WFVAE_v2_labv3_punc_1879h/BigSpeech_EN-TTS/SAMI_ashmagic/chunk*/*.tar
hdfs://haruna/home/byte_data_seed/lf_lq/speech/user/huangzhiying.92/data/bigtts/WFVAE_v2_labv3_punc_1879h/BigSpeech_EN-TTS/SAMI_bb003/chunk*/*.tar
hdfs://haruna/home/byte_data_seed/lf_lq/speech/user/huangzhiying.92/data/bigtts/WFVAE_v2_labv3_punc_1879h/BigSpeech_EN-TTS/SAMI_bb005/chunk*/*.tar
hdfs://haruna/home/byte_data_seed/lf_lq/speech/user/huangzhiying.92/data/bigtts/WFVAE_v2_labv3_punc_1879h/BigSpeech_EN-TTS/SAMI_Betty/chunk*/*.tar
hdfs://haruna/home/byte_data_seed/lf_lq/speech/user/huangzhiying.92/data/bigtts/WFVAE_v2_labv3_punc_1879h/BigSpeech_EN-TTS/SAMI_BritishGamer/chunk*/*.tar
hdfs://haruna/home/byte_data_seed/lf_lq/speech/user/huangzhiying.92/data/bigtts/WFVAE_v2_labv3_punc_1879h/BigSpeech_EN-TTS/SAMI_butler/chunk*/*.tar
hdfs://haruna/home/byte_data_seed/lf_lq/speech/user/huangzhiying.92/data/bigtts/WFVAE_v2_labv3_punc_1879h/BigSpeech_EN-TTS/SAMI_caroline/chunk*/*.tar
hdfs://haruna/home/byte_data_seed/lf_lq/speech/user/huangzhiying.92/data/bigtts/WFVAE_v2_labv3_punc_1879h/BigSpeech_EN-TTS/SAMI_cupid/chunk*/*.tar
hdfs://haruna/home/byte_data_seed/lf_lq/speech/user/huangzhiying.92/data/bigtts/WFVAE_v2_labv3_punc_1879h/BigSpeech_EN-TTS/SAMI_DavidSanta/chunk*/*.tar
hdfs://haruna/home/byte_data_seed/lf_lq/speech/user/huangzhiying.92/data/bigtts/WFVAE_v2_labv3_punc_1879h/BigSpeech_EN-TTS/SAMI_DavidWizard/chunk*/*.tar
hdfs://haruna/home/byte_data_seed/lf_lq/speech/user/huangzhiying.92/data/bigtts/WFVAE_v2_labv3_punc_1879h/BigSpeech_EN-TTS/SAMI_DB6/chunk*/*.tar
hdfs://haruna/home/byte_data_seed/lf_lq/speech/user/huangzhiying.92/data/bigtts/WFVAE_v2_labv3_punc_1879h/BigSpeech_EN-TTS/SAMI_Deacon/chunk*/*.tar
hdfs://haruna/home/byte_data_seed/lf_lq/speech/user/huangzhiying.92/data/bigtts/WFVAE_v2_labv3_punc_1879h/BigSpeech_EN-TTS/SAMI_deadpool/chunk*/*.tar
hdfs://haruna/home/byte_data_seed/lf_lq/speech/user/huangzhiying.92/data/bigtts/WFVAE_v2_labv3_punc_1879h/BigSpeech_EN-TTS/SAMI_Dryw/chunk*/*.tar
hdfs://haruna/home/byte_data_seed/lf_lq/speech/user/huangzhiying.92/data/bigtts/WFVAE_v2_labv3_punc_1879h/BigSpeech_EN-TTS/SAMI_EN-AU_olantekkers_Creator_TT_1H/chunk*/*.tar
hdfs://haruna/home/byte_data_seed/lf_lq/speech/user/huangzhiying.92/data/bigtts/WFVAE_v2_labv3_punc_1879h/BigSpeech_EN-TTS/SAMI_EN-B1H12-biaobei_001/chunk*/*.tar
hdfs://haruna/home/byte_data_seed/lf_lq/speech/user/huangzhiying.92/data/bigtts/WFVAE_v2_labv3_punc_1879h/BigSpeech_EN-TTS/SAMI_EN-B1H12-biaobei_002/chunk*/*.tar
hdfs://haruna/home/byte_data_seed/lf_lq/speech/user/huangzhiying.92/data/bigtts/WFVAE_v2_labv3_punc_1879h/BigSpeech_EN-TTS/SAMI_EN-B1H12-biaobei_003/chunk*/*.tar
hdfs://haruna/home/byte_data_seed/lf_lq/speech/user/huangzhiying.92/data/bigtts/WFVAE_v2_labv3_punc_1879h/BigSpeech_EN-TTS/SAMI_EN-B1H12-biaobei_004/chunk*/*.tar
hdfs://haruna/home/byte_data_seed/lf_lq/speech/user/huangzhiying.92/data/bigtts/WFVAE_v2_labv3_punc_1879h/BigSpeech_EN-TTS/SAMI_EN-B1H12-biaobei_005/chunk*/*.tar
hdfs://haruna/home/byte_data_seed/lf_lq/speech/user/huangzhiying.92/data/bigtts/WFVAE_v2_labv3_punc_1879h/BigSpeech_EN-TTS/SAMI_EN-B1H12-king_006/chunk*/*.tar
hdfs://haruna/home/byte_data_seed/lf_lq/speech/user/huangzhiying.92/data/bigtts/WFVAE_v2_labv3_punc_1879h/BigSpeech_EN-TTS/SAMI_EN-B1H12-king_007/chunk*/*.tar
hdfs://haruna/home/byte_data_seed/lf_lq/speech/user/huangzhiying.92/data/bigtts/WFVAE_v2_labv3_punc_1879h/BigSpeech_EN-TTS/SAMI_EN-B1H12-king_014/chunk*/*.tar
hdfs://haruna/home/byte_data_seed/lf_lq/speech/user/huangzhiying.92/data/bigtts/WFVAE_v2_labv3_punc_1879h/BigSpeech_EN-TTS/SAMI_EN-B1H12-king_030/chunk*/*.tar
hdfs://haruna/home/byte_data_seed/lf_lq/speech/user/huangzhiying.92/data/bigtts/WFVAE_v2_labv3_punc_1879h/BigSpeech_EN-TTS/SAMI_EN-B1H12-king_033/chunk*/*.tar
hdfs://haruna/home/byte_data_seed/lf_lq/speech/user/huangzhiying.92/data/bigtts/WFVAE_v2_labv3_punc_1879h/BigSpeech_EN-TTS/SAMI_EN-B1H12-king_039/chunk*/*.tar
hdfs://haruna/home/byte_data_seed/lf_lq/speech/user/huangzhiying.92/data/bigtts/WFVAE_v2_labv3_punc_1879h/BigSpeech_EN-TTS/SAMI_EN-B1H12-king_052/chunk*/*.tar
hdfs://haruna/home/byte_data_seed/lf_lq/speech/user/huangzhiying.92/data/bigtts/WFVAE_v2_labv3_punc_1879h/BigSpeech_EN-TTS/SAMI_EN_Ghost_Host_Disney_1H/chunk*/*.tar
hdfs://haruna/home/byte_data_seed/lf_lq/speech/user/huangzhiying.92/data/bigtts/WFVAE_v2_labv3_punc_1879h/BigSpeech_EN-TTS/SAMI_EN-King066-king066-001news-F02/chunk*/*.tar
hdfs://haruna/home/byte_data_seed/lf_lq/speech/user/huangzhiying.92/data/bigtts/WFVAE_v2_labv3_punc_1879h/BigSpeech_EN-TTS/SAMI_EN-King066-king066-002news-F09/chunk*/*.tar
hdfs://haruna/home/byte_data_seed/lf_lq/speech/user/huangzhiying.92/data/bigtts/WFVAE_v2_labv3_punc_1879h/BigSpeech_EN-TTS/SAMI_EN-King066-king066-003news-M06/chunk*/*.tar
hdfs://haruna/home/byte_data_seed/lf_lq/speech/user/huangzhiying.92/data/bigtts/WFVAE_v2_labv3_punc_1879h/BigSpeech_EN-TTS/SAMI_EN-King066-king066-004dialog-F03/chunk*/*.tar
hdfs://haruna/home/byte_data_seed/lf_lq/speech/user/huangzhiying.92/data/bigtts/WFVAE_v2_labv3_punc_1879h/BigSpeech_EN-TTS/SAMI_EN-King066-king066-005dialog-M03/chunk*/*.tar
hdfs://haruna/home/byte_data_seed/lf_lq/speech/user/huangzhiying.92/data/bigtts/WFVAE_v2_labv3_punc_1879h/BigSpeech_EN-TTS/SAMI_EN-King066-king066-006kid-F05/chunk*/*.tar
hdfs://haruna/home/byte_data_seed/lf_lq/speech/user/huangzhiying.92/data/bigtts/WFVAE_v2_labv3_punc_1879h/BigSpeech_EN-TTS/SAMI_EN-King066-king066-007kid-F06/chunk*/*.tar
hdfs://haruna/home/byte_data_seed/lf_lq/speech/user/huangzhiying.92/data/bigtts/WFVAE_v2_labv3_punc_1879h/BigSpeech_EN-TTS/SAMI_EN-King066-king066-008kid-M01/chunk*/*.tar
hdfs://haruna/home/byte_data_seed/lf_lq/speech/user/huangzhiying.92/data/bigtts/WFVAE_v2_labv3_punc_1879h/BigSpeech_EN-TTS/SAMI_EN-King066-king066-011romance-F07/chunk*/*.tar
hdfs://haruna/home/byte_data_seed/lf_lq/speech/user/huangzhiying.92/data/bigtts/WFVAE_v2_labv3_punc_1879h/BigSpeech_EN-TTS/SAMI_EN-King066-king066-012romance-M15/chunk*/*.tar
hdfs://haruna/home/byte_data_seed/lf_lq/speech/user/huangzhiying.92/data/bigtts/WFVAE_v2_labv3_punc_1879h/BigSpeech_EN-TTS/SAMI_EN-King066-king066-013romance-M02/chunk*/*.tar
hdfs://haruna/home/byte_data_seed/lf_lq/speech/user/huangzhiying.92/data/bigtts/WFVAE_v2_labv3_punc_1879h/BigSpeech_EN-TTS/SAMI_EN-King066-king066-014romance-M05/chunk*/*.tar
hdfs://haruna/home/byte_data_seed/lf_lq/speech/user/huangzhiying.92/data/bigtts/WFVAE_v2_labv3_punc_1879h/BigSpeech_EN-TTS/SAMI_EN-King066-king066-016thriller-F12/chunk*/*.tar
hdfs://haruna/home/byte_data_seed/lf_lq/speech/user/huangzhiying.92/data/bigtts/WFVAE_v2_labv3_punc_1879h/BigSpeech_EN-TTS/SAMI_EN-King066-king066-017thriller-F13/chunk*/*.tar
hdfs://haruna/home/byte_data_seed/lf_lq/speech/user/huangzhiying.92/data/bigtts/WFVAE_v2_labv3_punc_1879h/BigSpeech_EN-TTS/SAMI_EN-King066-king066-018thriller-M07/chunk*/*.tar
hdfs://haruna/home/byte_data_seed/lf_lq/speech/user/huangzhiying.92/data/bigtts/WFVAE_v2_labv3_punc_1879h/BigSpeech_EN-TTS/SAMI_EN-King066-king066-019thriller-M08/chunk*/*.tar
hdfs://haruna/home/byte_data_seed/lf_lq/speech/user/huangzhiying.92/data/bigtts/WFVAE_v2_labv3_punc_1879h/BigSpeech_EN-TTS/SAMI_EN-King066-king066-021knowledge-F04/chunk*/*.tar
hdfs://haruna/home/byte_data_seed/lf_lq/speech/user/huangzhiying.92/data/bigtts/WFVAE_v2_labv3_punc_1879h/BigSpeech_EN-TTS/SAMI_EN-King066-king066-022knowledge-M04/chunk*/*.tar
hdfs://haruna/home/byte_data_seed/lf_lq/speech/user/huangzhiying.92/data/bigtts/WFVAE_v2_labv3_punc_1879h/BigSpeech_EN-TTS/SAMI_EN-King066-king066-026history-F11/chunk*/*.tar
hdfs://haruna/home/byte_data_seed/lf_lq/speech/user/huangzhiying.92/data/bigtts/WFVAE_v2_labv3_punc_1879h/BigSpeech_EN-TTS/SAMI_EN-King066-king066-027history-F14/chunk*/*.tar
hdfs://haruna/home/byte_data_seed/lf_lq/speech/user/huangzhiying.92/data/bigtts/WFVAE_v2_labv3_punc_1879h/BigSpeech_EN-TTS/SAMI_EN-King066-king066-028history-M13/chunk*/*.tar
hdfs://haruna/home/byte_data_seed/lf_lq/speech/user/huangzhiying.92/data/bigtts/WFVAE_v2_labv3_punc_1879h/BigSpeech_EN-TTS/SAMI_EN-King066-king066-029history-M11/chunk*/*.tar
hdfs://haruna/home/byte_data_seed/lf_lq/speech/user/huangzhiying.92/data/bigtts/WFVAE_v2_labv3_punc_1879h/BigSpeech_EN-TTS/SAMI_EN-King066-king066-031biography-F15/chunk*/*.tar
hdfs://haruna/home/byte_data_seed/lf_lq/speech/user/huangzhiying.92/data/bigtts/WFVAE_v2_labv3_punc_1879h/BigSpeech_EN-TTS/SAMI_EN-King066-king066-032biography-M14/chunk*/*.tar
hdfs://haruna/home/byte_data_seed/lf_lq/speech/user/huangzhiying.92/data/bigtts/WFVAE_v2_labv3_punc_1879h/BigSpeech_EN-TTS/SAMI_EN-King066-king066-033biography-F08/chunk*/*.tar
hdfs://haruna/home/byte_data_seed/lf_lq/speech/user/huangzhiying.92/data/bigtts/WFVAE_v2_labv3_punc_1879h/BigSpeech_EN-TTS/SAMI_EN_M094_1H_HT/chunk*/*.tar
hdfs://haruna/home/byte_data_seed/lf_lq/speech/user/huangzhiying.92/data/bigtts/WFVAE_v2_labv3_punc_1879h/BigSpeech_EN-TTS/SAMI_EN_M158_1H_HT/chunk*/*.tar
hdfs://haruna/home/byte_data_seed/lf_lq/speech/user/huangzhiying.92/data/bigtts/WFVAE_v2_labv3_punc_1879h/BigSpeech_EN-TTS/SAMI_EN_Madam_Leota_Disney_1H/chunk*/*.tar
hdfs://haruna/home/byte_data_seed/lf_lq/speech/user/huangzhiying.92/data/bigtts/WFVAE_v2_labv3_punc_1879h/BigSpeech_EN-TTS/SAMI_EN_Mghostface_1H/chunk*/*.tar
hdfs://haruna/home/byte_data_seed/lf_lq/speech/user/huangzhiying.92/data/bigtts/WFVAE_v2_labv3_punc_1879h/BigSpeech_EN-TTS/SAMI_EN_MRocket_1H/chunk*/*.tar
hdfs://haruna/home/byte_data_seed/lf_lq/speech/user/huangzhiying.92/data/bigtts/WFVAE_v2_labv3_punc_1879h/BigSpeech_EN-TTS/SAMI_EN_SamonaeC_1H_VO/chunk*/*.tar
hdfs://haruna/home/byte_data_seed/lf_lq/speech/user/huangzhiying.92/data/bigtts/WFVAE_v2_labv3_punc_1879h/BigSpeech_EN-TTS/SAMI_EN-UK_M05-Narration_5H_HT/chunk*/*.tar
hdfs://haruna/home/byte_data_seed/lf_lq/speech/user/huangzhiying.92/data/bigtts/WFVAE_v2_labv3_punc_1879h/BigSpeech_EN-TTS/SAMI_EN-UK_M15_5H/chunk*/*.tar
hdfs://haruna/home/byte_data_seed/lf_lq/speech/user/huangzhiying.92/data/bigtts/WFVAE_v2_labv3_punc_1879h/BigSpeech_EN-TTS/SAMI_EN-US_F07_Emotion_5H_HT/chunk*/*.tar
hdfs://haruna/home/byte_data_seed/lf_lq/speech/user/huangzhiying.92/data/bigtts/WFVAE_v2_labv3_punc_1879h/BigSpeech_EN-TTS/SAMI_EN-US_MMark_4H/chunk*/*.tar
hdfs://haruna/home/byte_data_seed/lf_lq/speech/user/huangzhiying.92/data/bigtts/WFVAE_v2_labv3_punc_1879h/BigSpeech_EN-TTS/SAMI_F068/chunk*/*.tar
hdfs://haruna/home/byte_data_seed/lf_lq/speech/user/huangzhiying.92/data/bigtts/WFVAE_v2_labv3_punc_1879h/BigSpeech_EN-TTS/SAMI_F069/chunk*/*.tar
hdfs://haruna/home/byte_data_seed/lf_lq/speech/user/huangzhiying.92/data/bigtts/WFVAE_v2_labv3_punc_1879h/BigSpeech_EN-TTS/SAMI_F107/chunk*/*.tar
hdfs://haruna/home/byte_data_seed/lf_lq/speech/user/huangzhiying.92/data/bigtts/WFVAE_v2_labv3_punc_1879h/BigSpeech_EN-TTS/SAMI_F112/chunk*/*.tar
hdfs://haruna/home/byte_data_seed/lf_lq/speech/user/huangzhiying.92/data/bigtts/WFVAE_v2_labv3_punc_1879h/BigSpeech_EN-TTS/SAMI_F134/chunk*/*.tar
hdfs://haruna/home/byte_data_seed/lf_lq/speech/user/huangzhiying.92/data/bigtts/WFVAE_v2_labv3_punc_1879h/BigSpeech_EN-TTS/SAMI_F185/chunk*/*.tar
hdfs://haruna/home/byte_data_seed/lf_lq/speech/user/huangzhiying.92/data/bigtts/WFVAE_v2_labv3_punc_1879h/BigSpeech_EN-TTS/SAMI_F189/chunk*/*.tar
hdfs://haruna/home/byte_data_seed/lf_lq/speech/user/huangzhiying.92/data/bigtts/WFVAE_v2_labv3_punc_1879h/BigSpeech_EN-TTS/SAMI_F190/chunk*/*.tar
hdfs://haruna/home/byte_data_seed/lf_lq/speech/user/huangzhiying.92/data/bigtts/WFVAE_v2_labv3_punc_1879h/BigSpeech_EN-TTS/SAMI_F191/chunk*/*.tar
hdfs://haruna/home/byte_data_seed/lf_lq/speech/user/huangzhiying.92/data/bigtts/WFVAE_v2_labv3_punc_1879h/BigSpeech_EN-TTS/SAMI_F193/chunk*/*.tar
hdfs://haruna/home/byte_data_seed/lf_lq/speech/user/huangzhiying.92/data/bigtts/WFVAE_v2_labv3_punc_1879h/BigSpeech_EN-TTS/SAMI_Freeman/chunk*/*.tar
hdfs://haruna/home/byte_data_seed/lf_lq/speech/user/huangzhiying.92/data/bigtts/WFVAE_v2_labv3_punc_1879h/BigSpeech_EN-TTS/SAMI_FunnyM10/chunk*/*.tar
hdfs://haruna/home/byte_data_seed/lf_lq/speech/user/huangzhiying.92/data/bigtts/WFVAE_v2_labv3_punc_1879h/BigSpeech_EN-TTS/SAMI_grandma/chunk*/*.tar
hdfs://haruna/home/byte_data_seed/lf_lq/speech/user/huangzhiying.92/data/bigtts/WFVAE_v2_labv3_punc_1879h/BigSpeech_EN-TTS/SAMI_GreenGoblin/chunk*/*.tar
hdfs://haruna/home/byte_data_seed/lf_lq/speech/user/huangzhiying.92/data/bigtts/WFVAE_v2_labv3_punc_1879h/BigSpeech_EN-TTS/SAMI_jarvis/chunk*/*.tar
hdfs://haruna/home/byte_data_seed/lf_lq/speech/user/huangzhiying.92/data/bigtts/WFVAE_v2_labv3_punc_1879h/BigSpeech_EN-TTS/SAMI_Jeff/chunk*/*.tar
hdfs://haruna/home/byte_data_seed/lf_lq/speech/user/huangzhiying.92/data/bigtts/WFVAE_v2_labv3_punc_1879h/BigSpeech_EN-TTS/SAMI_Jennifer/chunk*/*.tar
hdfs://haruna/home/byte_data_seed/lf_lq/speech/user/huangzhiying.92/data/bigtts/WFVAE_v2_labv3_punc_1879h/BigSpeech_EN-TTS/SAMI_kat/chunk*/*.tar
hdfs://haruna/home/byte_data_seed/lf_lq/speech/user/huangzhiying.92/data/bigtts/WFVAE_v2_labv3_punc_1879h/BigSpeech_EN-TTS/SAMI_KimGrinch/chunk*/*.tar
hdfs://haruna/home/byte_data_seed/lf_lq/speech/user/huangzhiying.92/data/bigtts/WFVAE_v2_labv3_punc_1879h/BigSpeech_EN-TTS/SAMI_KingTTS014/chunk*/*.tar
hdfs://haruna/home/byte_data_seed/lf_lq/speech/user/huangzhiying.92/data/bigtts/WFVAE_v2_labv3_punc_1879h/BigSpeech_EN-TTS/SAMI_KingTTS033/chunk*/*.tar
hdfs://haruna/home/byte_data_seed/lf_lq/speech/user/huangzhiying.92/data/bigtts/WFVAE_v2_labv3_punc_1879h/BigSpeech_EN-TTS/SAMI_KingTTS039/chunk*/*.tar
hdfs://haruna/home/byte_data_seed/lf_lq/speech/user/huangzhiying.92/data/bigtts/WFVAE_v2_labv3_punc_1879h/BigSpeech_EN-TTS/SAMI_M002/chunk*/*.tar
hdfs://haruna/home/byte_data_seed/lf_lq/speech/user/huangzhiying.92/data/bigtts/WFVAE_v2_labv3_punc_1879h/BigSpeech_EN-TTS/SAMI_m035-amaze_2H/chunk*/*.tar
hdfs://haruna/home/byte_data_seed/lf_lq/speech/user/huangzhiying.92/data/bigtts/WFVAE_v2_labv3_punc_1879h/BigSpeech_EN-TTS/SAMI_m035-angry_2H/chunk*/*.tar
hdfs://haruna/home/byte_data_seed/lf_lq/speech/user/huangzhiying.92/data/bigtts/WFVAE_v2_labv3_punc_1879h/BigSpeech_EN-TTS/SAMI_m035-calm_2H/chunk*/*.tar
hdfs://haruna/home/byte_data_seed/lf_lq/speech/user/huangzhiying.92/data/bigtts/WFVAE_v2_labv3_punc_1879h/BigSpeech_EN-TTS/SAMI_m035-disgust_2H/chunk*/*.tar
hdfs://haruna/home/byte_data_seed/lf_lq/speech/user/huangzhiying.92/data/bigtts/WFVAE_v2_labv3_punc_1879h/BigSpeech_EN-TTS/SAMI_m035-fear_2H/chunk*/*.tar
hdfs://haruna/home/byte_data_seed/lf_lq/speech/user/huangzhiying.92/data/bigtts/WFVAE_v2_labv3_punc_1879h/BigSpeech_EN-TTS/SAMI_m035-happy_2H/chunk*/*.tar
hdfs://haruna/home/byte_data_seed/lf_lq/speech/user/huangzhiying.92/data/bigtts/WFVAE_v2_labv3_punc_1879h/BigSpeech_EN-TTS/SAMI_m035-neutral_2H/chunk*/*.tar
hdfs://haruna/home/byte_data_seed/lf_lq/speech/user/huangzhiying.92/data/bigtts/WFVAE_v2_labv3_punc_1879h/BigSpeech_EN-TTS/SAMI_m035-sad_2H/chunk*/*.tar
hdfs://haruna/home/byte_data_seed/lf_lq/speech/user/huangzhiying.92/data/bigtts/WFVAE_v2_labv3_punc_1879h/BigSpeech_EN-TTS/SAMI_M090/chunk*/*.tar
hdfs://haruna/home/byte_data_seed/lf_lq/speech/user/huangzhiying.92/data/bigtts/WFVAE_v2_labv3_punc_1879h/BigSpeech_EN-TTS/SAMI_M094/chunk*/*.tar
hdfs://haruna/home/byte_data_seed/lf_lq/speech/user/huangzhiying.92/data/bigtts/WFVAE_v2_labv3_punc_1879h/BigSpeech_EN-TTS/SAMI_M096/chunk*/*.tar
hdfs://haruna/home/byte_data_seed/lf_lq/speech/user/huangzhiying.92/data/bigtts/WFVAE_v2_labv3_punc_1879h/BigSpeech_EN-TTS/SAMI_M105/chunk*/*.tar
hdfs://haruna/home/byte_data_seed/lf_lq/speech/user/huangzhiying.92/data/bigtts/WFVAE_v2_labv3_punc_1879h/BigSpeech_EN-TTS/SAMI_M114/chunk*/*.tar
hdfs://haruna/home/byte_data_seed/lf_lq/speech/user/huangzhiying.92/data/bigtts/WFVAE_v2_labv3_punc_1879h/BigSpeech_EN-TTS/SAMI_M116/chunk*/*.tar
hdfs://haruna/home/byte_data_seed/lf_lq/speech/user/huangzhiying.92/data/bigtts/WFVAE_v2_labv3_punc_1879h/BigSpeech_EN-TTS/SAMI_M139/chunk*/*.tar
hdfs://haruna/home/byte_data_seed/lf_lq/speech/user/huangzhiying.92/data/bigtts/WFVAE_v2_labv3_punc_1879h/BigSpeech_EN-TTS/SAMI_M145/chunk*/*.tar
hdfs://haruna/home/byte_data_seed/lf_lq/speech/user/huangzhiying.92/data/bigtts/WFVAE_v2_labv3_punc_1879h/BigSpeech_EN-TTS/SAMI_M158/chunk*/*.tar
hdfs://haruna/home/byte_data_seed/lf_lq/speech/user/huangzhiying.92/data/bigtts/WFVAE_v2_labv3_punc_1879h/BigSpeech_EN-TTS/SAMI_M15/chunk*/*.tar
hdfs://haruna/home/byte_data_seed/lf_lq/speech/user/huangzhiying.92/data/bigtts/WFVAE_v2_labv3_punc_1879h/BigSpeech_EN-TTS/SAMI_M171/chunk*/*.tar
hdfs://haruna/home/byte_data_seed/lf_lq/speech/user/huangzhiying.92/data/bigtts/WFVAE_v2_labv3_punc_1879h/BigSpeech_EN-TTS/SAMI_M17/chunk*/*.tar
hdfs://haruna/home/byte_data_seed/lf_lq/speech/user/huangzhiying.92/data/bigtts/WFVAE_v2_labv3_punc_1879h/BigSpeech_EN-TTS/SAMI_M239/chunk*/*.tar
hdfs://haruna/home/byte_data_seed/lf_lq/speech/user/huangzhiying.92/data/bigtts/WFVAE_v2_labv3_punc_1879h/BigSpeech_EN-TTS/SAMI_M245/chunk*/*.tar
hdfs://haruna/home/byte_data_seed/lf_lq/speech/user/huangzhiying.92/data/bigtts/WFVAE_v2_labv3_punc_1879h/BigSpeech_EN-TTS/SAMI_M251/chunk*/*.tar
hdfs://haruna/home/byte_data_seed/lf_lq/speech/user/huangzhiying.92/data/bigtts/WFVAE_v2_labv3_punc_1879h/BigSpeech_EN-TTS/SAMI_M252/chunk*/*.tar
hdfs://haruna/home/byte_data_seed/lf_lq/speech/user/huangzhiying.92/data/bigtts/WFVAE_v2_labv3_punc_1879h/BigSpeech_EN-TTS/SAMI_M258/chunk*/*.tar
hdfs://haruna/home/byte_data_seed/lf_lq/speech/user/huangzhiying.92/data/bigtts/WFVAE_v2_labv3_punc_1879h/BigSpeech_EN-TTS/SAMI_M260/chunk*/*.tar
hdfs://haruna/home/byte_data_seed/lf_lq/speech/user/huangzhiying.92/data/bigtts/WFVAE_v2_labv3_punc_1879h/BigSpeech_EN-TTS/SAMI_makeup/chunk*/*.tar
hdfs://haruna/home/byte_data_seed/lf_lq/speech/user/huangzhiying.92/data/bigtts/WFVAE_v2_labv3_punc_1879h/BigSpeech_EN-TTS/SAMI_Mark/chunk*/*.tar
hdfs://haruna/home/byte_data_seed/lf_lq/speech/user/huangzhiying.92/data/bigtts/WFVAE_v2_labv3_punc_1879h/BigSpeech_EN-TTS/SAMI_pansino/chunk*/*.tar
hdfs://haruna/home/byte_data_seed/lf_lq/speech/user/huangzhiying.92/data/bigtts/WFVAE_v2_labv3_punc_1879h/BigSpeech_EN-TTS/SAMI_paul/chunk*/*.tar
hdfs://haruna/home/byte_data_seed/lf_lq/speech/user/huangzhiying.92/data/bigtts/WFVAE_v2_labv3_punc_1879h/BigSpeech_EN-TTS/SAMI_petercullen/chunk*/*.tar
hdfs://haruna/home/byte_data_seed/lf_lq/speech/user/huangzhiying.92/data/bigtts/WFVAE_v2_labv3_punc_1879h/BigSpeech_EN-TTS/SAMI_Pirate-20220801/chunk*/*.tar
hdfs://haruna/home/byte_data_seed/lf_lq/speech/user/huangzhiying.92/data/bigtts/WFVAE_v2_labv3_punc_1879h/BigSpeech_EN-TTS/SAMI_richgirl/chunk*/*.tar
hdfs://haruna/home/byte_data_seed/lf_lq/speech/user/huangzhiying.92/data/bigtts/WFVAE_v2_labv3_punc_1879h/BigSpeech_EN-TTS/SAMI_Rosie/chunk*/*.tar
hdfs://haruna/home/byte_data_seed/lf_lq/speech/user/huangzhiying.92/data/bigtts/WFVAE_v2_labv3_punc_1879h/BigSpeech_EN-TTS/SAMI_Samonae/chunk*/*.tar
hdfs://haruna/home/byte_data_seed/lf_lq/speech/user/huangzhiying.92/data/bigtts/WFVAE_v2_labv3_punc_1879h/BigSpeech_EN-TTS/SAMI_Sarah/chunk*/*.tar
hdfs://haruna/home/byte_data_seed/lf_lq/speech/user/huangzhiying.92/data/bigtts/WFVAE_v2_labv3_punc_1879h/BigSpeech_EN-TTS/SAMI_ScienceExplainer/chunk*/*.tar
hdfs://haruna/home/byte_data_seed/lf_lq/speech/user/huangzhiying.92/data/bigtts/WFVAE_v2_labv3_punc_1879h/BigSpeech_EN-TTS/SAMI_shaoergushi-F022-HT-XG-JGZ-4H/chunk*/*.tar
hdfs://haruna/home/byte_data_seed/lf_lq/speech/user/huangzhiying.92/data/bigtts/WFVAE_v2_labv3_punc_1879h/BigSpeech_EN-TTS/SAMI_shenna/chunk*/*.tar
hdfs://haruna/home/byte_data_seed/lf_lq/speech/user/huangzhiying.92/data/bigtts/WFVAE_v2_labv3_punc_1879h/BigSpeech_EN-TTS/SAMI_stormtrooper/chunk*/*.tar
hdfs://haruna/home/byte_data_seed/lf_lq/speech/user/huangzhiying.92/data/bigtts/WFVAE_v2_labv3_punc_1879h/BigSpeech_EN-TTS/SAMI_trevor/chunk*/*.tar
hdfs://haruna/home/byte_data_seed/lf_lq/speech/user/huangzhiying.92/data/bigtts/WFVAE_v2_labv3_punc_1879h/BigSpeech_EN-TTS/SAMI_Troy/chunk*/*.tar
hdfs://haruna/home/byte_data_seed/lf_lq/speech/user/huangzhiying.92/data/bigtts/WFVAE_v2_labv3_punc_1879h/BigSpeech_EN-TTS/SAMI_U005-20220516/chunk*/*.tar
hdfs://haruna/home/byte_data_seed/lf_lq/speech/user/huangzhiying.92/data/bigtts/WFVAE_v2_labv3_punc_1879h/BigSpeech_EN-TTS/SAMI_ukneighbor/chunk*/*.tar
hdfs://haruna/home/byte_data_seed/lf_lq/speech/user/huangzhiying.92/data/bigtts/WFVAE_v2_labv3_punc_1879h/BigSpeech_EN-TTS/SAMI_V100_10book/chunk*/*.tar
hdfs://haruna/home/byte_data_seed/lf_lq/speech/user/huangzhiying.92/data/bigtts/WFVAE_v2_labv3_punc_1879h/BigSpeech_EN-TTS/SAMI_V51_01news/chunk*/*.tar
hdfs://haruna/home/byte_data_seed/lf_lq/speech/user/huangzhiying.92/data/bigtts/WFVAE_v2_labv3_punc_1879h/BigSpeech_EN-TTS/SAMI_V52_01news/chunk*/*.tar
hdfs://haruna/home/byte_data_seed/lf_lq/speech/user/huangzhiying.92/data/bigtts/WFVAE_v2_labv3_punc_1879h/BigSpeech_EN-TTS/SAMI_V53_01news/chunk*/*.tar
hdfs://haruna/home/byte_data_seed/lf_lq/speech/user/huangzhiying.92/data/bigtts/WFVAE_v2_labv3_punc_1879h/BigSpeech_EN-TTS/SAMI_V54_01news/chunk*/*.tar
hdfs://haruna/home/byte_data_seed/lf_lq/speech/user/huangzhiying.92/data/bigtts/WFVAE_v2_labv3_punc_1879h/BigSpeech_EN-TTS/SAMI_V55_01news/chunk*/*.tar
hdfs://haruna/home/byte_data_seed/lf_lq/speech/user/huangzhiying.92/data/bigtts/WFVAE_v2_labv3_punc_1879h/BigSpeech_EN-TTS/SAMI_V56_02news/chunk*/*.tar
hdfs://haruna/home/byte_data_seed/lf_lq/speech/user/huangzhiying.92/data/bigtts/WFVAE_v2_labv3_punc_1879h/BigSpeech_EN-TTS/SAMI_V57_02news/chunk*/*.tar
hdfs://haruna/home/byte_data_seed/lf_lq/speech/user/huangzhiying.92/data/bigtts/WFVAE_v2_labv3_punc_1879h/BigSpeech_EN-TTS/SAMI_V58_02news/chunk*/*.tar
hdfs://haruna/home/byte_data_seed/lf_lq/speech/user/huangzhiying.92/data/bigtts/WFVAE_v2_labv3_punc_1879h/BigSpeech_EN-TTS/SAMI_V59_02news/chunk*/*.tar
hdfs://haruna/home/byte_data_seed/lf_lq/speech/user/huangzhiying.92/data/bigtts/WFVAE_v2_labv3_punc_1879h/BigSpeech_EN-TTS/SAMI_V60_02news/chunk*/*.tar
hdfs://haruna/home/byte_data_seed/lf_lq/speech/user/huangzhiying.92/data/bigtts/WFVAE_v2_labv3_punc_1879h/BigSpeech_EN-TTS/SAMI_V61_03news/chunk*/*.tar
hdfs://haruna/home/byte_data_seed/lf_lq/speech/user/huangzhiying.92/data/bigtts/WFVAE_v2_labv3_punc_1879h/BigSpeech_EN-TTS/SAMI_V62_03news/chunk*/*.tar
hdfs://haruna/home/byte_data_seed/lf_lq/speech/user/huangzhiying.92/data/bigtts/WFVAE_v2_labv3_punc_1879h/BigSpeech_EN-TTS/SAMI_V63_03news/chunk*/*.tar
hdfs://haruna/home/byte_data_seed/lf_lq/speech/user/huangzhiying.92/data/bigtts/WFVAE_v2_labv3_punc_1879h/BigSpeech_EN-TTS/SAMI_V64_03news/chunk*/*.tar
hdfs://haruna/home/byte_data_seed/lf_lq/speech/user/huangzhiying.92/data/bigtts/WFVAE_v2_labv3_punc_1879h/BigSpeech_EN-TTS/SAMI_V65_03news/chunk*/*.tar
hdfs://haruna/home/byte_data_seed/lf_lq/speech/user/huangzhiying.92/data/bigtts/WFVAE_v2_labv3_punc_1879h/BigSpeech_EN-TTS/SAMI_V66_04dialog/chunk*/*.tar
hdfs://haruna/home/byte_data_seed/lf_lq/speech/user/huangzhiying.92/data/bigtts/WFVAE_v2_labv3_punc_1879h/BigSpeech_EN-TTS/SAMI_V67_04dialog/chunk*/*.tar
hdfs://haruna/home/byte_data_seed/lf_lq/speech/user/huangzhiying.92/data/bigtts/WFVAE_v2_labv3_punc_1879h/BigSpeech_EN-TTS/SAMI_V68_04dialog/chunk*/*.tar
hdfs://haruna/home/byte_data_seed/lf_lq/speech/user/huangzhiying.92/data/bigtts/WFVAE_v2_labv3_punc_1879h/BigSpeech_EN-TTS/SAMI_V69_04dialog/chunk*/*.tar
hdfs://haruna/home/byte_data_seed/lf_lq/speech/user/huangzhiying.92/data/bigtts/WFVAE_v2_labv3_punc_1879h/BigSpeech_EN-TTS/SAMI_V70_04dialog/chunk*/*.tar
hdfs://haruna/home/byte_data_seed/lf_lq/speech/user/huangzhiying.92/data/bigtts/WFVAE_v2_labv3_punc_1879h/BigSpeech_EN-TTS/SAMI_V71_05dialog/chunk*/*.tar
hdfs://haruna/home/byte_data_seed/lf_lq/speech/user/huangzhiying.92/data/bigtts/WFVAE_v2_labv3_punc_1879h/BigSpeech_EN-TTS/SAMI_V72_05dialog/chunk*/*.tar
hdfs://haruna/home/byte_data_seed/lf_lq/speech/user/huangzhiying.92/data/bigtts/WFVAE_v2_labv3_punc_1879h/BigSpeech_EN-TTS/SAMI_V73_05dialog/chunk*/*.tar
hdfs://haruna/home/byte_data_seed/lf_lq/speech/user/huangzhiying.92/data/bigtts/WFVAE_v2_labv3_punc_1879h/BigSpeech_EN-TTS/SAMI_V74_05dialog/chunk*/*.tar
hdfs://haruna/home/byte_data_seed/lf_lq/speech/user/huangzhiying.92/data/bigtts/WFVAE_v2_labv3_punc_1879h/BigSpeech_EN-TTS/SAMI_V75_05dialog/chunk*/*.tar
hdfs://haruna/home/byte_data_seed/lf_lq/speech/user/huangzhiying.92/data/bigtts/WFVAE_v2_labv3_punc_1879h/BigSpeech_EN-TTS/SAMI_V76_06dialog/chunk*/*.tar
hdfs://haruna/home/byte_data_seed/lf_lq/speech/user/huangzhiying.92/data/bigtts/WFVAE_v2_labv3_punc_1879h/BigSpeech_EN-TTS/SAMI_V77_06dialog/chunk*/*.tar
hdfs://haruna/home/byte_data_seed/lf_lq/speech/user/huangzhiying.92/data/bigtts/WFVAE_v2_labv3_punc_1879h/BigSpeech_EN-TTS/SAMI_V78_06dialog/chunk*/*.tar
hdfs://haruna/home/byte_data_seed/lf_lq/speech/user/huangzhiying.92/data/bigtts/WFVAE_v2_labv3_punc_1879h/BigSpeech_EN-TTS/SAMI_V79_06dialog/chunk*/*.tar
hdfs://haruna/home/byte_data_seed/lf_lq/speech/user/huangzhiying.92/data/bigtts/WFVAE_v2_labv3_punc_1879h/BigSpeech_EN-TTS/SAMI_V80_06dialog/chunk*/*.tar
hdfs://haruna/home/byte_data_seed/lf_lq/speech/user/huangzhiying.92/data/bigtts/WFVAE_v2_labv3_punc_1879h/BigSpeech_EN-TTS/SAMI_V81_07book/chunk*/*.tar
hdfs://haruna/home/byte_data_seed/lf_lq/speech/user/huangzhiying.92/data/bigtts/WFVAE_v2_labv3_punc_1879h/BigSpeech_EN-TTS/SAMI_V82_07book/chunk*/*.tar
hdfs://haruna/home/byte_data_seed/lf_lq/speech/user/huangzhiying.92/data/bigtts/WFVAE_v2_labv3_punc_1879h/BigSpeech_EN-TTS/SAMI_V83_07book/chunk*/*.tar
hdfs://haruna/home/byte_data_seed/lf_lq/speech/user/huangzhiying.92/data/bigtts/WFVAE_v2_labv3_punc_1879h/BigSpeech_EN-TTS/SAMI_V84_07book/chunk*/*.tar
hdfs://haruna/home/byte_data_seed/lf_lq/speech/user/huangzhiying.92/data/bigtts/WFVAE_v2_labv3_punc_1879h/BigSpeech_EN-TTS/SAMI_V85_07book/chunk*/*.tar
hdfs://haruna/home/byte_data_seed/lf_lq/speech/user/huangzhiying.92/data/bigtts/WFVAE_v2_labv3_punc_1879h/BigSpeech_EN-TTS/SAMI_V86_08book/chunk*/*.tar
hdfs://haruna/home/byte_data_seed/lf_lq/speech/user/huangzhiying.92/data/bigtts/WFVAE_v2_labv3_punc_1879h/BigSpeech_EN-TTS/SAMI_V87_08book/chunk*/*.tar
hdfs://haruna/home/byte_data_seed/lf_lq/speech/user/huangzhiying.92/data/bigtts/WFVAE_v2_labv3_punc_1879h/BigSpeech_EN-TTS/SAMI_V88_08book/chunk*/*.tar
hdfs://haruna/home/byte_data_seed/lf_lq/speech/user/huangzhiying.92/data/bigtts/WFVAE_v2_labv3_punc_1879h/BigSpeech_EN-TTS/SAMI_V89_08book/chunk*/*.tar
hdfs://haruna/home/byte_data_seed/lf_lq/speech/user/huangzhiying.92/data/bigtts/WFVAE_v2_labv3_punc_1879h/BigSpeech_EN-TTS/SAMI_V90_08book/chunk*/*.tar
hdfs://haruna/home/byte_data_seed/lf_lq/speech/user/huangzhiying.92/data/bigtts/WFVAE_v2_labv3_punc_1879h/BigSpeech_EN-TTS/SAMI_V91_09book/chunk*/*.tar
hdfs://haruna/home/byte_data_seed/lf_lq/speech/user/huangzhiying.92/data/bigtts/WFVAE_v2_labv3_punc_1879h/BigSpeech_EN-TTS/SAMI_V92_09book/chunk*/*.tar
hdfs://haruna/home/byte_data_seed/lf_lq/speech/user/huangzhiying.92/data/bigtts/WFVAE_v2_labv3_punc_1879h/BigSpeech_EN-TTS/SAMI_V93_09book/chunk*/*.tar
hdfs://haruna/home/byte_data_seed/lf_lq/speech/user/huangzhiying.92/data/bigtts/WFVAE_v2_labv3_punc_1879h/BigSpeech_EN-TTS/SAMI_V94_09book/chunk*/*.tar
hdfs://haruna/home/byte_data_seed/lf_lq/speech/user/huangzhiying.92/data/bigtts/WFVAE_v2_labv3_punc_1879h/BigSpeech_EN-TTS/SAMI_V95_09book/chunk*/*.tar
hdfs://haruna/home/byte_data_seed/lf_lq/speech/user/huangzhiying.92/data/bigtts/WFVAE_v2_labv3_punc_1879h/BigSpeech_EN-TTS/SAMI_V96_10book/chunk*/*.tar
hdfs://haruna/home/byte_data_seed/lf_lq/speech/user/huangzhiying.92/data/bigtts/WFVAE_v2_labv3_punc_1879h/BigSpeech_EN-TTS/SAMI_V97_10book/chunk*/*.tar
hdfs://haruna/home/byte_data_seed/lf_lq/speech/user/huangzhiying.92/data/bigtts/WFVAE_v2_labv3_punc_1879h/BigSpeech_EN-TTS/SAMI_V98_10book/chunk*/*.tar
hdfs://haruna/home/byte_data_seed/lf_lq/speech/user/huangzhiying.92/data/bigtts/WFVAE_v2_labv3_punc_1879h/BigSpeech_EN-TTS/SAMI_V99_10book/chunk*/*.tar
hdfs://haruna/home/byte_data_seed/lf_lq/speech/user/huangzhiying.92/data/bigtts/WFVAE_v2_labv3_punc_1879h/BigSpeech_EN-TTS/SAMI_will/chunk*/*.tar
hdfs://haruna/home/byte_data_seed/lf_lq/speech/user/huangzhiying.92/data/bigtts/WFVAE_v2_labv3_punc_1879h/BigSpeech_EN-TTS/SAMI_xiaoali-baoqingfangzhu_562/chunk*/*.tar
hdfs://haruna/home/byte_data_seed/lf_lq/speech/user/huangzhiying.92/data/bigtts/WFVAE_v2_labv3_punc_1879h/BigSpeech_EN-TTS/SAMI_zh_f096/chunk*/*.tar
hdfs://haruna/home/byte_data_seed/lf_lq/speech/user/huangzhiying.92/data/bigtts/WFVAE_v2_labv3_punc_1879h/BigSpeech_EN-TTS/SAMI_zh_m100/chunk*/*.tar
hdfs://haruna/home/byte_data_seed/lf_lq/speech/user/huangzhiying.92/data/bigtts/WFVAE_v2_labv3_punc_1879h/BigSpeech_EN-TTS/SA_Novel004Narrator/chunk*/*.tar
hdfs://haruna/home/byte_data_seed/lf_lq/speech/user/huangzhiying.92/data/bigtts/WFVAE_v2_labv3_punc_1879h/BigSpeech_EN-TTS/SA_Novel026DialogMale/chunk*/*.tar
hdfs://haruna/home/byte_data_seed/lf_lq/speech/user/huangzhiying.92/data/bigtts/WFVAE_v2_labv3_punc_1879h/BigSpeech_EN-TTS/SA_Novel026Narrator/chunk*/*.tar
hdfs://haruna/home/byte_data_seed/lf_lq/speech/user/huangzhiying.92/data/bigtts/WFVAE_v2_labv3_punc_1879h/BigSpeech_EN-TTS/SA_xiaoding/chunk*/*.tar
hdfs://haruna/home/byte_data_seed/lf_lq/speech/user/huangzhiying.92/data/bigtts/WFVAE_v2_labv3_punc_1879h/duibiao/Angel_conversation/chunk*/*.tar
hdfs://haruna/home/byte_data_seed/lf_lq/speech/user/huangzhiying.92/data/bigtts/WFVAE_v2_labv3_punc_1879h/duibiao/Corey/chunk*/*.tar
hdfs://haruna/home/byte_data_seed/lf_lq/speech/user/huangzhiying.92/data/bigtts/WFVAE_v2_labv3_punc_1879h/duibiao/Dacey_conversation/chunk*/*.tar
hdfs://haruna/home/byte_data_seed/lf_lq/speech/user/huangzhiying.92/data/bigtts/WFVAE_v2_labv3_punc_1879h/duibiao/DaceyNew0717/chunk*/*.tar
hdfs://haruna/home/byte_data_seed/lf_lq/speech/user/huangzhiying.92/data/bigtts/WFVAE_v2_labv3_punc_1879h/duibiao/SherrieNew0725/chunk*/*.tar
hdfs://haruna/home/byte_data_seed/lf_lq/speech/user/huangzhiying.92/data/bigtts/WFVAE_v2_labv3_punc_1879h/libritts_clean_460/LibriTTS_train-clean-100_1034/chunk*/*.tar
hdfs://haruna/home/byte_data_seed/lf_lq/speech/user/huangzhiying.92/data/bigtts/WFVAE_v2_labv3_punc_1879h/libritts_clean_460/LibriTTS_train-clean-100_103/chunk*/*.tar
hdfs://haruna/home/byte_data_seed/lf_lq/speech/user/huangzhiying.92/data/bigtts/WFVAE_v2_labv3_punc_1879h/libritts_clean_460/LibriTTS_train-clean-100_1040/chunk*/*.tar
hdfs://haruna/home/byte_data_seed/lf_lq/speech/user/huangzhiying.92/data/bigtts/WFVAE_v2_labv3_punc_1879h/libritts_clean_460/LibriTTS_train-clean-100_1069/chunk*/*.tar
hdfs://haruna/home/byte_data_seed/lf_lq/speech/user/huangzhiying.92/data/bigtts/WFVAE_v2_labv3_punc_1879h/libritts_clean_460/LibriTTS_train-clean-100_1081/chunk*/*.tar
hdfs://haruna/home/byte_data_seed/lf_lq/speech/user/huangzhiying.92/data/bigtts/WFVAE_v2_labv3_punc_1879h/libritts_clean_460/LibriTTS_train-clean-100_1088/chunk*/*.tar
hdfs://haruna/home/byte_data_seed/lf_lq/speech/user/huangzhiying.92/data/bigtts/WFVAE_v2_labv3_punc_1879h/libritts_clean_460/LibriTTS_train-clean-100_1098/chunk*/*.tar
hdfs://haruna/home/byte_data_seed/lf_lq/speech/user/huangzhiying.92/data/bigtts/WFVAE_v2_labv3_punc_1879h/libritts_clean_460/LibriTTS_train-clean-100_1116/chunk*/*.tar
hdfs://haruna/home/byte_data_seed/lf_lq/speech/user/huangzhiying.92/data/bigtts/WFVAE_v2_labv3_punc_1879h/libritts_clean_460/LibriTTS_train-clean-100_1183/chunk*/*.tar
hdfs://haruna/home/byte_data_seed/lf_lq/speech/user/huangzhiying.92/data/bigtts/WFVAE_v2_labv3_punc_1879h/libritts_clean_460/LibriTTS_train-clean-100_118/chunk*/*.tar
hdfs://haruna/home/byte_data_seed/lf_lq/speech/user/huangzhiying.92/data/bigtts/WFVAE_v2_labv3_punc_1879h/libritts_clean_460/LibriTTS_train-clean-100_1235/chunk*/*.tar
hdfs://haruna/home/byte_data_seed/lf_lq/speech/user/huangzhiying.92/data/bigtts/WFVAE_v2_labv3_punc_1879h/libritts_clean_460/LibriTTS_train-clean-100_1246/chunk*/*.tar
hdfs://haruna/home/byte_data_seed/lf_lq/speech/user/huangzhiying.92/data/bigtts/WFVAE_v2_labv3_punc_1879h/libritts_clean_460/LibriTTS_train-clean-100_125/chunk*/*.tar
hdfs://haruna/home/byte_data_seed/lf_lq/speech/user/huangzhiying.92/data/bigtts/WFVAE_v2_labv3_punc_1879h/libritts_clean_460/LibriTTS_train-clean-100_1263/chunk*/*.tar
hdfs://haruna/home/byte_data_seed/lf_lq/speech/user/huangzhiying.92/data/bigtts/WFVAE_v2_labv3_punc_1879h/libritts_clean_460/LibriTTS_train-clean-100_1334/chunk*/*.tar
hdfs://haruna/home/byte_data_seed/lf_lq/speech/user/huangzhiying.92/data/bigtts/WFVAE_v2_labv3_punc_1879h/libritts_clean_460/LibriTTS_train-clean-100_1355/chunk*/*.tar
hdfs://haruna/home/byte_data_seed/lf_lq/speech/user/huangzhiying.92/data/bigtts/WFVAE_v2_labv3_punc_1879h/libritts_clean_460/LibriTTS_train-clean-100_1363/chunk*/*.tar
hdfs://haruna/home/byte_data_seed/lf_lq/speech/user/huangzhiying.92/data/bigtts/WFVAE_v2_labv3_punc_1879h/libritts_clean_460/LibriTTS_train-clean-100_1447/chunk*/*.tar
hdfs://haruna/home/byte_data_seed/lf_lq/speech/user/huangzhiying.92/data/bigtts/WFVAE_v2_labv3_punc_1879h/libritts_clean_460/LibriTTS_train-clean-100_1455/chunk*/*.tar
hdfs://haruna/home/byte_data_seed/lf_lq/speech/user/huangzhiying.92/data/bigtts/WFVAE_v2_labv3_punc_1879h/libritts_clean_460/LibriTTS_train-clean-100_1502/chunk*/*.tar
hdfs://haruna/home/byte_data_seed/lf_lq/speech/user/huangzhiying.92/data/bigtts/WFVAE_v2_labv3_punc_1879h/libritts_clean_460/LibriTTS_train-clean-100_150/chunk*/*.tar
hdfs://haruna/home/byte_data_seed/lf_lq/speech/user/huangzhiying.92/data/bigtts/WFVAE_v2_labv3_punc_1879h/libritts_clean_460/LibriTTS_train-clean-100_1553/chunk*/*.tar
hdfs://haruna/home/byte_data_seed/lf_lq/speech/user/huangzhiying.92/data/bigtts/WFVAE_v2_labv3_punc_1879h/libritts_clean_460/LibriTTS_train-clean-100_1578/chunk*/*.tar
hdfs://haruna/home/byte_data_seed/lf_lq/speech/user/huangzhiying.92/data/bigtts/WFVAE_v2_labv3_punc_1879h/libritts_clean_460/LibriTTS_train-clean-100_1594/chunk*/*.tar
hdfs://haruna/home/byte_data_seed/lf_lq/speech/user/huangzhiying.92/data/bigtts/WFVAE_v2_labv3_punc_1879h/libritts_clean_460/LibriTTS_train-clean-100_1624/chunk*/*.tar
hdfs://haruna/home/byte_data_seed/lf_lq/speech/user/huangzhiying.92/data/bigtts/WFVAE_v2_labv3_punc_1879h/libritts_clean_460/LibriTTS_train-clean-100_163/chunk*/*.tar
hdfs://haruna/home/byte_data_seed/lf_lq/speech/user/huangzhiying.92/data/bigtts/WFVAE_v2_labv3_punc_1879h/libritts_clean_460/LibriTTS_train-clean-100_1737/chunk*/*.tar
hdfs://haruna/home/byte_data_seed/lf_lq/speech/user/huangzhiying.92/data/bigtts/WFVAE_v2_labv3_punc_1879h/libritts_clean_460/LibriTTS_train-clean-100_1743/chunk*/*.tar
hdfs://haruna/home/byte_data_seed/lf_lq/speech/user/huangzhiying.92/data/bigtts/WFVAE_v2_labv3_punc_1879h/libritts_clean_460/LibriTTS_train-clean-100_1841/chunk*/*.tar
hdfs://haruna/home/byte_data_seed/lf_lq/speech/user/huangzhiying.92/data/bigtts/WFVAE_v2_labv3_punc_1879h/libritts_clean_460/LibriTTS_train-clean-100_1867/chunk*/*.tar
hdfs://haruna/home/byte_data_seed/lf_lq/speech/user/huangzhiying.92/data/bigtts/WFVAE_v2_labv3_punc_1879h/libritts_clean_460/LibriTTS_train-clean-100_1898/chunk*/*.tar
hdfs://haruna/home/byte_data_seed/lf_lq/speech/user/huangzhiying.92/data/bigtts/WFVAE_v2_labv3_punc_1879h/libritts_clean_460/LibriTTS_train-clean-100_1926/chunk*/*.tar
hdfs://haruna/home/byte_data_seed/lf_lq/speech/user/huangzhiying.92/data/bigtts/WFVAE_v2_labv3_punc_1879h/libritts_clean_460/LibriTTS_train-clean-100_1963/chunk*/*.tar
hdfs://haruna/home/byte_data_seed/lf_lq/speech/user/huangzhiying.92/data/bigtts/WFVAE_v2_labv3_punc_1879h/libritts_clean_460/LibriTTS_train-clean-100_196/chunk*/*.tar
hdfs://haruna/home/byte_data_seed/lf_lq/speech/user/huangzhiying.92/data/bigtts/WFVAE_v2_labv3_punc_1879h/libritts_clean_460/LibriTTS_train-clean-100_1970/chunk*/*.tar
hdfs://haruna/home/byte_data_seed/lf_lq/speech/user/huangzhiying.92/data/bigtts/WFVAE_v2_labv3_punc_1879h/libritts_clean_460/LibriTTS_train-clean-100_198/chunk*/*.tar
hdfs://haruna/home/byte_data_seed/lf_lq/speech/user/huangzhiying.92/data/bigtts/WFVAE_v2_labv3_punc_1879h/libritts_clean_460/LibriTTS_train-clean-100_1992/chunk*/*.tar
hdfs://haruna/home/byte_data_seed/lf_lq/speech/user/huangzhiying.92/data/bigtts/WFVAE_v2_labv3_punc_1879h/libritts_clean_460/LibriTTS_train-clean-100_19/chunk*/*.tar
hdfs://haruna/home/byte_data_seed/lf_lq/speech/user/huangzhiying.92/data/bigtts/WFVAE_v2_labv3_punc_1879h/libritts_clean_460/LibriTTS_train-clean-100_2002/chunk*/*.tar
hdfs://haruna/home/byte_data_seed/lf_lq/speech/user/huangzhiying.92/data/bigtts/WFVAE_v2_labv3_punc_1879h/libritts_clean_460/LibriTTS_train-clean-100_2007/chunk*/*.tar
hdfs://haruna/home/byte_data_seed/lf_lq/speech/user/huangzhiying.92/data/bigtts/WFVAE_v2_labv3_punc_1879h/libritts_clean_460/LibriTTS_train-clean-100_200/chunk*/*.tar
hdfs://haruna/home/byte_data_seed/lf_lq/speech/user/huangzhiying.92/data/bigtts/WFVAE_v2_labv3_punc_1879h/libritts_clean_460/LibriTTS_train-clean-100_201/chunk*/*.tar
hdfs://haruna/home/byte_data_seed/lf_lq/speech/user/huangzhiying.92/data/bigtts/WFVAE_v2_labv3_punc_1879h/libritts_clean_460/LibriTTS_train-clean-100_2092/chunk*/*.tar
hdfs://haruna/home/byte_data_seed/lf_lq/speech/user/huangzhiying.92/data/bigtts/WFVAE_v2_labv3_punc_1879h/libritts_clean_460/LibriTTS_train-clean-100_211/chunk*/*.tar
hdfs://haruna/home/byte_data_seed/lf_lq/speech/user/huangzhiying.92/data/bigtts/WFVAE_v2_labv3_punc_1879h/libritts_clean_460/LibriTTS_train-clean-100_2136/chunk*/*.tar
hdfs://haruna/home/byte_data_seed/lf_lq/speech/user/huangzhiying.92/data/bigtts/WFVAE_v2_labv3_punc_1879h/libritts_clean_460/LibriTTS_train-clean-100_2159/chunk*/*.tar
hdfs://haruna/home/byte_data_seed/lf_lq/speech/user/huangzhiying.92/data/bigtts/WFVAE_v2_labv3_punc_1879h/libritts_clean_460/LibriTTS_train-clean-100_2182/chunk*/*.tar
hdfs://haruna/home/byte_data_seed/lf_lq/speech/user/huangzhiying.92/data/bigtts/WFVAE_v2_labv3_punc_1879h/libritts_clean_460/LibriTTS_train-clean-100_2196/chunk*/*.tar
hdfs://haruna/home/byte_data_seed/lf_lq/speech/user/huangzhiying.92/data/bigtts/WFVAE_v2_labv3_punc_1879h/libritts_clean_460/LibriTTS_train-clean-100_226/chunk*/*.tar
hdfs://haruna/home/byte_data_seed/lf_lq/speech/user/huangzhiying.92/data/bigtts/WFVAE_v2_labv3_punc_1879h/libritts_clean_460/LibriTTS_train-clean-100_2289/chunk*/*.tar
hdfs://haruna/home/byte_data_seed/lf_lq/speech/user/huangzhiying.92/data/bigtts/WFVAE_v2_labv3_punc_1879h/libritts_clean_460/LibriTTS_train-clean-100_229/chunk*/*.tar
hdfs://haruna/home/byte_data_seed/lf_lq/speech/user/huangzhiying.92/data/bigtts/WFVAE_v2_labv3_punc_1879h/libritts_clean_460/LibriTTS_train-clean-100_233/chunk*/*.tar
hdfs://haruna/home/byte_data_seed/lf_lq/speech/user/huangzhiying.92/data/bigtts/WFVAE_v2_labv3_punc_1879h/libritts_clean_460/LibriTTS_train-clean-100_2384/chunk*/*.tar
hdfs://haruna/home/byte_data_seed/lf_lq/speech/user/huangzhiying.92/data/bigtts/WFVAE_v2_labv3_punc_1879h/libritts_clean_460/LibriTTS_train-clean-100_2391/chunk*/*.tar
hdfs://haruna/home/byte_data_seed/lf_lq/speech/user/huangzhiying.92/data/bigtts/WFVAE_v2_labv3_punc_1879h/libritts_clean_460/LibriTTS_train-clean-100_2416/chunk*/*.tar
hdfs://haruna/home/byte_data_seed/lf_lq/speech/user/huangzhiying.92/data/bigtts/WFVAE_v2_labv3_punc_1879h/libritts_clean_460/LibriTTS_train-clean-100_2436/chunk*/*.tar
hdfs://haruna/home/byte_data_seed/lf_lq/speech/user/huangzhiying.92/data/bigtts/WFVAE_v2_labv3_punc_1879h/libritts_clean_460/LibriTTS_train-clean-100_248/chunk*/*.tar
hdfs://haruna/home/byte_data_seed/lf_lq/speech/user/huangzhiying.92/data/bigtts/WFVAE_v2_labv3_punc_1879h/libritts_clean_460/LibriTTS_train-clean-100_250/chunk*/*.tar
hdfs://haruna/home/byte_data_seed/lf_lq/speech/user/huangzhiying.92/data/bigtts/WFVAE_v2_labv3_punc_1879h/libritts_clean_460/LibriTTS_train-clean-100_2514/chunk*/*.tar
hdfs://haruna/home/byte_data_seed/lf_lq/speech/user/huangzhiying.92/data/bigtts/WFVAE_v2_labv3_punc_1879h/libritts_clean_460/LibriTTS_train-clean-100_2518/chunk*/*.tar
hdfs://haruna/home/byte_data_seed/lf_lq/speech/user/huangzhiying.92/data/bigtts/WFVAE_v2_labv3_punc_1879h/libritts_clean_460/LibriTTS_train-clean-100_254/chunk*/*.tar
hdfs://haruna/home/byte_data_seed/lf_lq/speech/user/huangzhiying.92/data/bigtts/WFVAE_v2_labv3_punc_1879h/libritts_clean_460/LibriTTS_train-clean-100_2691/chunk*/*.tar
hdfs://haruna/home/byte_data_seed/lf_lq/speech/user/huangzhiying.92/data/bigtts/WFVAE_v2_labv3_punc_1879h/libritts_clean_460/LibriTTS_train-clean-100_26/chunk*/*.tar
hdfs://haruna/home/byte_data_seed/lf_lq/speech/user/huangzhiying.92/data/bigtts/WFVAE_v2_labv3_punc_1879h/libritts_clean_460/LibriTTS_train-clean-100_2764/chunk*/*.tar
hdfs://haruna/home/byte_data_seed/lf_lq/speech/user/huangzhiying.92/data/bigtts/WFVAE_v2_labv3_punc_1879h/libritts_clean_460/LibriTTS_train-clean-100_27/chunk*/*.tar
hdfs://haruna/home/byte_data_seed/lf_lq/speech/user/huangzhiying.92/data/bigtts/WFVAE_v2_labv3_punc_1879h/libritts_clean_460/LibriTTS_train-clean-100_2817/chunk*/*.tar
hdfs://haruna/home/byte_data_seed/lf_lq/speech/user/huangzhiying.92/data/bigtts/WFVAE_v2_labv3_punc_1879h/libritts_clean_460/LibriTTS_train-clean-100_2836/chunk*/*.tar
hdfs://haruna/home/byte_data_seed/lf_lq/speech/user/huangzhiying.92/data/bigtts/WFVAE_v2_labv3_punc_1879h/libritts_clean_460/LibriTTS_train-clean-100_2843/chunk*/*.tar
hdfs://haruna/home/byte_data_seed/lf_lq/speech/user/huangzhiying.92/data/bigtts/WFVAE_v2_labv3_punc_1879h/libritts_clean_460/LibriTTS_train-clean-100_2893/chunk*/*.tar
hdfs://haruna/home/byte_data_seed/lf_lq/speech/user/huangzhiying.92/data/bigtts/WFVAE_v2_labv3_punc_1879h/libritts_clean_460/LibriTTS_train-clean-100_289/chunk*/*.tar
hdfs://haruna/home/byte_data_seed/lf_lq/speech/user/huangzhiying.92/data/bigtts/WFVAE_v2_labv3_punc_1879h/libritts_clean_460/LibriTTS_train-clean-100_2910/chunk*/*.tar
hdfs://haruna/home/byte_data_seed/lf_lq/speech/user/huangzhiying.92/data/bigtts/WFVAE_v2_labv3_punc_1879h/libritts_clean_460/LibriTTS_train-clean-100_2911/chunk*/*.tar
hdfs://haruna/home/byte_data_seed/lf_lq/speech/user/huangzhiying.92/data/bigtts/WFVAE_v2_labv3_punc_1879h/libritts_clean_460/LibriTTS_train-clean-100_2952/chunk*/*.tar
hdfs://haruna/home/byte_data_seed/lf_lq/speech/user/huangzhiying.92/data/bigtts/WFVAE_v2_labv3_punc_1879h/libritts_clean_460/LibriTTS_train-clean-100_2989/chunk*/*.tar
hdfs://haruna/home/byte_data_seed/lf_lq/speech/user/huangzhiying.92/data/bigtts/WFVAE_v2_labv3_punc_1879h/libritts_clean_460/LibriTTS_train-clean-100_298/chunk*/*.tar
hdfs://haruna/home/byte_data_seed/lf_lq/speech/user/huangzhiying.92/data/bigtts/WFVAE_v2_labv3_punc_1879h/libritts_clean_460/LibriTTS_train-clean-100_302/chunk*/*.tar
hdfs://haruna/home/byte_data_seed/lf_lq/speech/user/huangzhiying.92/data/bigtts/WFVAE_v2_labv3_punc_1879h/libritts_clean_460/LibriTTS_train-clean-100_307/chunk*/*.tar
hdfs://haruna/home/byte_data_seed/lf_lq/speech/user/huangzhiying.92/data/bigtts/WFVAE_v2_labv3_punc_1879h/libritts_clean_460/LibriTTS_train-clean-100_3112/chunk*/*.tar
hdfs://haruna/home/byte_data_seed/lf_lq/speech/user/huangzhiying.92/data/bigtts/WFVAE_v2_labv3_punc_1879h/libritts_clean_460/LibriTTS_train-clean-100_311/chunk*/*.tar
hdfs://haruna/home/byte_data_seed/lf_lq/speech/user/huangzhiying.92/data/bigtts/WFVAE_v2_labv3_punc_1879h/libritts_clean_460/LibriTTS_train-clean-100_3168/chunk*/*.tar
hdfs://haruna/home/byte_data_seed/lf_lq/speech/user/huangzhiying.92/data/bigtts/WFVAE_v2_labv3_punc_1879h/libritts_clean_460/LibriTTS_train-clean-100_3214/chunk*/*.tar
hdfs://haruna/home/byte_data_seed/lf_lq/speech/user/huangzhiying.92/data/bigtts/WFVAE_v2_labv3_punc_1879h/libritts_clean_460/LibriTTS_train-clean-100_322/chunk*/*.tar
hdfs://haruna/home/byte_data_seed/lf_lq/speech/user/huangzhiying.92/data/bigtts/WFVAE_v2_labv3_punc_1879h/libritts_clean_460/LibriTTS_train-clean-100_3235/chunk*/*.tar
hdfs://haruna/home/byte_data_seed/lf_lq/speech/user/huangzhiying.92/data/bigtts/WFVAE_v2_labv3_punc_1879h/libritts_clean_460/LibriTTS_train-clean-100_3240/chunk*/*.tar
hdfs://haruna/home/byte_data_seed/lf_lq/speech/user/huangzhiying.92/data/bigtts/WFVAE_v2_labv3_punc_1879h/libritts_clean_460/LibriTTS_train-clean-100_3242/chunk*/*.tar
hdfs://haruna/home/byte_data_seed/lf_lq/speech/user/huangzhiying.92/data/bigtts/WFVAE_v2_labv3_punc_1879h/libritts_clean_460/LibriTTS_train-clean-100_3259/chunk*/*.tar
hdfs://haruna/home/byte_data_seed/lf_lq/speech/user/huangzhiying.92/data/bigtts/WFVAE_v2_labv3_punc_1879h/libritts_clean_460/LibriTTS_train-clean-100_32/chunk*/*.tar
hdfs://haruna/home/byte_data_seed/lf_lq/speech/user/huangzhiying.92/data/bigtts/WFVAE_v2_labv3_punc_1879h/libritts_clean_460/LibriTTS_train-clean-100_332/chunk*/*.tar
hdfs://haruna/home/byte_data_seed/lf_lq/speech/user/huangzhiying.92/data/bigtts/WFVAE_v2_labv3_punc_1879h/libritts_clean_460/LibriTTS_train-clean-100_3374/chunk*/*.tar
hdfs://haruna/home/byte_data_seed/lf_lq/speech/user/huangzhiying.92/data/bigtts/WFVAE_v2_labv3_punc_1879h/libritts_clean_460/LibriTTS_train-clean-100_3436/chunk*/*.tar
hdfs://haruna/home/byte_data_seed/lf_lq/speech/user/huangzhiying.92/data/bigtts/WFVAE_v2_labv3_punc_1879h/libritts_clean_460/LibriTTS_train-clean-100_3440/chunk*/*.tar
hdfs://haruna/home/byte_data_seed/lf_lq/speech/user/huangzhiying.92/data/bigtts/WFVAE_v2_labv3_punc_1879h/libritts_clean_460/LibriTTS_train-clean-100_3486/chunk*/*.tar
hdfs://haruna/home/byte_data_seed/lf_lq/speech/user/huangzhiying.92/data/bigtts/WFVAE_v2_labv3_punc_1879h/libritts_clean_460/LibriTTS_train-clean-100_3526/chunk*/*.tar
hdfs://haruna/home/byte_data_seed/lf_lq/speech/user/huangzhiying.92/data/bigtts/WFVAE_v2_labv3_punc_1879h/libritts_clean_460/LibriTTS_train-clean-100_3607/chunk*/*.tar
hdfs://haruna/home/byte_data_seed/lf_lq/speech/user/huangzhiying.92/data/bigtts/WFVAE_v2_labv3_punc_1879h/libritts_clean_460/LibriTTS_train-clean-100_3664/chunk*/*.tar
hdfs://haruna/home/byte_data_seed/lf_lq/speech/user/huangzhiying.92/data/bigtts/WFVAE_v2_labv3_punc_1879h/libritts_clean_460/LibriTTS_train-clean-100_3699/chunk*/*.tar
hdfs://haruna/home/byte_data_seed/lf_lq/speech/user/huangzhiying.92/data/bigtts/WFVAE_v2_labv3_punc_1879h/libritts_clean_460/LibriTTS_train-clean-100_3723/chunk*/*.tar
hdfs://haruna/home/byte_data_seed/lf_lq/speech/user/huangzhiying.92/data/bigtts/WFVAE_v2_labv3_punc_1879h/libritts_clean_460/LibriTTS_train-clean-100_374/chunk*/*.tar
hdfs://haruna/home/byte_data_seed/lf_lq/speech/user/huangzhiying.92/data/bigtts/WFVAE_v2_labv3_punc_1879h/libritts_clean_460/LibriTTS_train-clean-100_3807/chunk*/*.tar
hdfs://haruna/home/byte_data_seed/lf_lq/speech/user/huangzhiying.92/data/bigtts/WFVAE_v2_labv3_punc_1879h/libritts_clean_460/LibriTTS_train-clean-100_3830/chunk*/*.tar
hdfs://haruna/home/byte_data_seed/lf_lq/speech/user/huangzhiying.92/data/bigtts/WFVAE_v2_labv3_punc_1879h/libritts_clean_460/LibriTTS_train-clean-100_3857/chunk*/*.tar
hdfs://haruna/home/byte_data_seed/lf_lq/speech/user/huangzhiying.92/data/bigtts/WFVAE_v2_labv3_punc_1879h/libritts_clean_460/LibriTTS_train-clean-100_3879/chunk*/*.tar
hdfs://haruna/home/byte_data_seed/lf_lq/speech/user/huangzhiying.92/data/bigtts/WFVAE_v2_labv3_punc_1879h/libritts_clean_460/LibriTTS_train-clean-100_3947/chunk*/*.tar
hdfs://haruna/home/byte_data_seed/lf_lq/speech/user/huangzhiying.92/data/bigtts/WFVAE_v2_labv3_punc_1879h/libritts_clean_460/LibriTTS_train-clean-100_3982/chunk*/*.tar
hdfs://haruna/home/byte_data_seed/lf_lq/speech/user/huangzhiying.92/data/bigtts/WFVAE_v2_labv3_punc_1879h/libritts_clean_460/LibriTTS_train-clean-100_3983/chunk*/*.tar
hdfs://haruna/home/byte_data_seed/lf_lq/speech/user/huangzhiying.92/data/bigtts/WFVAE_v2_labv3_punc_1879h/libritts_clean_460/LibriTTS_train-clean-100_39/chunk*/*.tar
hdfs://haruna/home/byte_data_seed/lf_lq/speech/user/huangzhiying.92/data/bigtts/WFVAE_v2_labv3_punc_1879h/libritts_clean_460/LibriTTS_train-clean-100_4014/chunk*/*.tar
hdfs://haruna/home/byte_data_seed/lf_lq/speech/user/huangzhiying.92/data/bigtts/WFVAE_v2_labv3_punc_1879h/libritts_clean_460/LibriTTS_train-clean-100_4018/chunk*/*.tar
hdfs://haruna/home/byte_data_seed/lf_lq/speech/user/huangzhiying.92/data/bigtts/WFVAE_v2_labv3_punc_1879h/libritts_clean_460/LibriTTS_train-clean-100_403/chunk*/*.tar
hdfs://haruna/home/byte_data_seed/lf_lq/speech/user/huangzhiying.92/data/bigtts/WFVAE_v2_labv3_punc_1879h/libritts_clean_460/LibriTTS_train-clean-100_4051/chunk*/*.tar
hdfs://haruna/home/byte_data_seed/lf_lq/speech/user/huangzhiying.92/data/bigtts/WFVAE_v2_labv3_punc_1879h/libritts_clean_460/LibriTTS_train-clean-100_405/chunk*/*.tar
hdfs://haruna/home/byte_data_seed/lf_lq/speech/user/huangzhiying.92/data/bigtts/WFVAE_v2_labv3_punc_1879h/libritts_clean_460/LibriTTS_train-clean-100_4088/chunk*/*.tar
hdfs://haruna/home/byte_data_seed/lf_lq/speech/user/huangzhiying.92/data/bigtts/WFVAE_v2_labv3_punc_1879h/libritts_clean_460/LibriTTS_train-clean-100_40/chunk*/*.tar
hdfs://haruna/home/byte_data_seed/lf_lq/speech/user/huangzhiying.92/data/bigtts/WFVAE_v2_labv3_punc_1879h/libritts_clean_460/LibriTTS_train-clean-100_412/chunk*/*.tar
hdfs://haruna/home/byte_data_seed/lf_lq/speech/user/huangzhiying.92/data/bigtts/WFVAE_v2_labv3_punc_1879h/libritts_clean_460/LibriTTS_train-clean-100_4137/chunk*/*.tar
hdfs://haruna/home/byte_data_seed/lf_lq/speech/user/huangzhiying.92/data/bigtts/WFVAE_v2_labv3_punc_1879h/libritts_clean_460/LibriTTS_train-clean-100_4160/chunk*/*.tar
hdfs://haruna/home/byte_data_seed/lf_lq/speech/user/huangzhiying.92/data/bigtts/WFVAE_v2_labv3_punc_1879h/libritts_clean_460/LibriTTS_train-clean-100_4195/chunk*/*.tar
hdfs://haruna/home/byte_data_seed/lf_lq/speech/user/huangzhiying.92/data/bigtts/WFVAE_v2_labv3_punc_1879h/libritts_clean_460/LibriTTS_train-clean-100_4214/chunk*/*.tar
hdfs://haruna/home/byte_data_seed/lf_lq/speech/user/huangzhiying.92/data/bigtts/WFVAE_v2_labv3_punc_1879h/libritts_clean_460/LibriTTS_train-clean-100_4267/chunk*/*.tar
hdfs://haruna/home/byte_data_seed/lf_lq/speech/user/huangzhiying.92/data/bigtts/WFVAE_v2_labv3_punc_1879h/libritts_clean_460/LibriTTS_train-clean-100_426/chunk*/*.tar
hdfs://haruna/home/byte_data_seed/lf_lq/speech/user/huangzhiying.92/data/bigtts/WFVAE_v2_labv3_punc_1879h/libritts_clean_460/LibriTTS_train-clean-100_4297/chunk*/*.tar
hdfs://haruna/home/byte_data_seed/lf_lq/speech/user/huangzhiying.92/data/bigtts/WFVAE_v2_labv3_punc_1879h/libritts_clean_460/LibriTTS_train-clean-100_4340/chunk*/*.tar
hdfs://haruna/home/byte_data_seed/lf_lq/speech/user/huangzhiying.92/data/bigtts/WFVAE_v2_labv3_punc_1879h/libritts_clean_460/LibriTTS_train-clean-100_4362/chunk*/*.tar
hdfs://haruna/home/byte_data_seed/lf_lq/speech/user/huangzhiying.92/data/bigtts/WFVAE_v2_labv3_punc_1879h/libritts_clean_460/LibriTTS_train-clean-100_4397/chunk*/*.tar
hdfs://haruna/home/byte_data_seed/lf_lq/speech/user/huangzhiying.92/data/bigtts/WFVAE_v2_labv3_punc_1879h/libritts_clean_460/LibriTTS_train-clean-100_4406/chunk*/*.tar
hdfs://haruna/home/byte_data_seed/lf_lq/speech/user/huangzhiying.92/data/bigtts/WFVAE_v2_labv3_punc_1879h/libritts_clean_460/LibriTTS_train-clean-100_4441/chunk*/*.tar
hdfs://haruna/home/byte_data_seed/lf_lq/speech/user/huangzhiying.92/data/bigtts/WFVAE_v2_labv3_punc_1879h/libritts_clean_460/LibriTTS_train-clean-100_446/chunk*/*.tar
hdfs://haruna/home/byte_data_seed/lf_lq/speech/user/huangzhiying.92/data/bigtts/WFVAE_v2_labv3_punc_1879h/libritts_clean_460/LibriTTS_train-clean-100_4481/chunk*/*.tar
hdfs://haruna/home/byte_data_seed/lf_lq/speech/user/huangzhiying.92/data/bigtts/WFVAE_v2_labv3_punc_1879h/libritts_clean_460/LibriTTS_train-clean-100_458/chunk*/*.tar
hdfs://haruna/home/byte_data_seed/lf_lq/speech/user/huangzhiying.92/data/bigtts/WFVAE_v2_labv3_punc_1879h/libritts_clean_460/LibriTTS_train-clean-100_460/chunk*/*.tar
hdfs://haruna/home/byte_data_seed/lf_lq/speech/user/huangzhiying.92/data/bigtts/WFVAE_v2_labv3_punc_1879h/libritts_clean_460/LibriTTS_train-clean-100_4640/chunk*/*.tar
hdfs://haruna/home/byte_data_seed/lf_lq/speech/user/huangzhiying.92/data/bigtts/WFVAE_v2_labv3_punc_1879h/libritts_clean_460/LibriTTS_train-clean-100_4680/chunk*/*.tar
hdfs://haruna/home/byte_data_seed/lf_lq/speech/user/huangzhiying.92/data/bigtts/WFVAE_v2_labv3_punc_1879h/libritts_clean_460/LibriTTS_train-clean-100_4788/chunk*/*.tar
hdfs://haruna/home/byte_data_seed/lf_lq/speech/user/huangzhiying.92/data/bigtts/WFVAE_v2_labv3_punc_1879h/libritts_clean_460/LibriTTS_train-clean-100_4813/chunk*/*.tar
hdfs://haruna/home/byte_data_seed/lf_lq/speech/user/huangzhiying.92/data/bigtts/WFVAE_v2_labv3_punc_1879h/libritts_clean_460/LibriTTS_train-clean-100_481/chunk*/*.tar
hdfs://haruna/home/byte_data_seed/lf_lq/speech/user/huangzhiying.92/data/bigtts/WFVAE_v2_labv3_punc_1879h/libritts_clean_460/LibriTTS_train-clean-100_4830/chunk*/*.tar
hdfs://haruna/home/byte_data_seed/lf_lq/speech/user/huangzhiying.92/data/bigtts/WFVAE_v2_labv3_punc_1879h/libritts_clean_460/LibriTTS_train-clean-100_4853/chunk*/*.tar
hdfs://haruna/home/byte_data_seed/lf_lq/speech/user/huangzhiying.92/data/bigtts/WFVAE_v2_labv3_punc_1879h/libritts_clean_460/LibriTTS_train-clean-100_4859/chunk*/*.tar
hdfs://haruna/home/byte_data_seed/lf_lq/speech/user/huangzhiying.92/data/bigtts/WFVAE_v2_labv3_punc_1879h/libritts_clean_460/LibriTTS_train-clean-100_4898/chunk*/*.tar
hdfs://haruna/home/byte_data_seed/lf_lq/speech/user/huangzhiying.92/data/bigtts/WFVAE_v2_labv3_punc_1879h/libritts_clean_460/LibriTTS_train-clean-100_5022/chunk*/*.tar
hdfs://haruna/home/byte_data_seed/lf_lq/speech/user/huangzhiying.92/data/bigtts/WFVAE_v2_labv3_punc_1879h/libritts_clean_460/LibriTTS_train-clean-100_5049/chunk*/*.tar
hdfs://haruna/home/byte_data_seed/lf_lq/speech/user/huangzhiying.92/data/bigtts/WFVAE_v2_labv3_punc_1879h/libritts_clean_460/LibriTTS_train-clean-100_5104/chunk*/*.tar
hdfs://haruna/home/byte_data_seed/lf_lq/speech/user/huangzhiying.92/data/bigtts/WFVAE_v2_labv3_punc_1879h/libritts_clean_460/LibriTTS_train-clean-100_5163/chunk*/*.tar
hdfs://haruna/home/byte_data_seed/lf_lq/speech/user/huangzhiying.92/data/bigtts/WFVAE_v2_labv3_punc_1879h/libritts_clean_460/LibriTTS_train-clean-100_5192/chunk*/*.tar
hdfs://haruna/home/byte_data_seed/lf_lq/speech/user/huangzhiying.92/data/bigtts/WFVAE_v2_labv3_punc_1879h/libritts_clean_460/LibriTTS_train-clean-100_5322/chunk*/*.tar
hdfs://haruna/home/byte_data_seed/lf_lq/speech/user/huangzhiying.92/data/bigtts/WFVAE_v2_labv3_punc_1879h/libritts_clean_460/LibriTTS_train-clean-100_5339/chunk*/*.tar
hdfs://haruna/home/byte_data_seed/lf_lq/speech/user/huangzhiying.92/data/bigtts/WFVAE_v2_labv3_punc_1879h/libritts_clean_460/LibriTTS_train-clean-100_5390/chunk*/*.tar
hdfs://haruna/home/byte_data_seed/lf_lq/speech/user/huangzhiying.92/data/bigtts/WFVAE_v2_labv3_punc_1879h/libritts_clean_460/LibriTTS_train-clean-100_5393/chunk*/*.tar
hdfs://haruna/home/byte_data_seed/lf_lq/speech/user/huangzhiying.92/data/bigtts/WFVAE_v2_labv3_punc_1879h/libritts_clean_460/LibriTTS_train-clean-100_5456/chunk*/*.tar
hdfs://haruna/home/byte_data_seed/lf_lq/speech/user/huangzhiying.92/data/bigtts/WFVAE_v2_labv3_punc_1879h/libritts_clean_460/LibriTTS_train-clean-100_5463/chunk*/*.tar
hdfs://haruna/home/byte_data_seed/lf_lq/speech/user/huangzhiying.92/data/bigtts/WFVAE_v2_labv3_punc_1879h/libritts_clean_460/LibriTTS_train-clean-100_5514/chunk*/*.tar
hdfs://haruna/home/byte_data_seed/lf_lq/speech/user/huangzhiying.92/data/bigtts/WFVAE_v2_labv3_punc_1879h/libritts_clean_460/LibriTTS_train-clean-100_5561/chunk*/*.tar
hdfs://haruna/home/byte_data_seed/lf_lq/speech/user/huangzhiying.92/data/bigtts/WFVAE_v2_labv3_punc_1879h/libritts_clean_460/LibriTTS_train-clean-100_5652/chunk*/*.tar
hdfs://haruna/home/byte_data_seed/lf_lq/speech/user/huangzhiying.92/data/bigtts/WFVAE_v2_labv3_punc_1879h/libritts_clean_460/LibriTTS_train-clean-100_5678/chunk*/*.tar
hdfs://haruna/home/byte_data_seed/lf_lq/speech/user/huangzhiying.92/data/bigtts/WFVAE_v2_labv3_punc_1879h/libritts_clean_460/LibriTTS_train-clean-100_5688/chunk*/*.tar
hdfs://haruna/home/byte_data_seed/lf_lq/speech/user/huangzhiying.92/data/bigtts/WFVAE_v2_labv3_punc_1879h/libritts_clean_460/LibriTTS_train-clean-100_5703/chunk*/*.tar
hdfs://haruna/home/byte_data_seed/lf_lq/speech/user/huangzhiying.92/data/bigtts/WFVAE_v2_labv3_punc_1879h/libritts_clean_460/LibriTTS_train-clean-100_5750/chunk*/*.tar
hdfs://haruna/home/byte_data_seed/lf_lq/speech/user/huangzhiying.92/data/bigtts/WFVAE_v2_labv3_punc_1879h/libritts_clean_460/LibriTTS_train-clean-100_5778/chunk*/*.tar
hdfs://haruna/home/byte_data_seed/lf_lq/speech/user/huangzhiying.92/data/bigtts/WFVAE_v2_labv3_punc_1879h/libritts_clean_460/LibriTTS_train-clean-100_5789/chunk*/*.tar
hdfs://haruna/home/byte_data_seed/lf_lq/speech/user/huangzhiying.92/data/bigtts/WFVAE_v2_labv3_punc_1879h/libritts_clean_460/LibriTTS_train-clean-100_5808/chunk*/*.tar
hdfs://haruna/home/byte_data_seed/lf_lq/speech/user/huangzhiying.92/data/bigtts/WFVAE_v2_labv3_punc_1879h/libritts_clean_460/LibriTTS_train-clean-100_5867/chunk*/*.tar
hdfs://haruna/home/byte_data_seed/lf_lq/speech/user/huangzhiying.92/data/bigtts/WFVAE_v2_labv3_punc_1879h/libritts_clean_460/LibriTTS_train-clean-100_587/chunk*/*.tar
hdfs://haruna/home/byte_data_seed/lf_lq/speech/user/huangzhiying.92/data/bigtts/WFVAE_v2_labv3_punc_1879h/libritts_clean_460/LibriTTS_train-clean-100_6000/chunk*/*.tar
hdfs://haruna/home/byte_data_seed/lf_lq/speech/user/huangzhiying.92/data/bigtts/WFVAE_v2_labv3_punc_1879h/libritts_clean_460/LibriTTS_train-clean-100_6019/chunk*/*.tar
hdfs://haruna/home/byte_data_seed/lf_lq/speech/user/huangzhiying.92/data/bigtts/WFVAE_v2_labv3_punc_1879h/libritts_clean_460/LibriTTS_train-clean-100_6064/chunk*/*.tar
hdfs://haruna/home/byte_data_seed/lf_lq/speech/user/huangzhiying.92/data/bigtts/WFVAE_v2_labv3_punc_1879h/libritts_clean_460/LibriTTS_train-clean-100_6078/chunk*/*.tar
hdfs://haruna/home/byte_data_seed/lf_lq/speech/user/huangzhiying.92/data/bigtts/WFVAE_v2_labv3_punc_1879h/libritts_clean_460/LibriTTS_train-clean-100_6081/chunk*/*.tar
hdfs://haruna/home/byte_data_seed/lf_lq/speech/user/huangzhiying.92/data/bigtts/WFVAE_v2_labv3_punc_1879h/libritts_clean_460/LibriTTS_train-clean-100_60/chunk*/*.tar
hdfs://haruna/home/byte_data_seed/lf_lq/speech/user/huangzhiying.92/data/bigtts/WFVAE_v2_labv3_punc_1879h/libritts_clean_460/LibriTTS_train-clean-100_6147/chunk*/*.tar
hdfs://haruna/home/byte_data_seed/lf_lq/speech/user/huangzhiying.92/data/bigtts/WFVAE_v2_labv3_punc_1879h/libritts_clean_460/LibriTTS_train-clean-100_6181/chunk*/*.tar
hdfs://haruna/home/byte_data_seed/lf_lq/speech/user/huangzhiying.92/data/bigtts/WFVAE_v2_labv3_punc_1879h/libritts_clean_460/LibriTTS_train-clean-100_6209/chunk*/*.tar
hdfs://haruna/home/byte_data_seed/lf_lq/speech/user/huangzhiying.92/data/bigtts/WFVAE_v2_labv3_punc_1879h/libritts_clean_460/LibriTTS_train-clean-100_625/chunk*/*.tar
hdfs://haruna/home/byte_data_seed/lf_lq/speech/user/huangzhiying.92/data/bigtts/WFVAE_v2_labv3_punc_1879h/libritts_clean_460/LibriTTS_train-clean-100_6272/chunk*/*.tar
hdfs://haruna/home/byte_data_seed/lf_lq/speech/user/huangzhiying.92/data/bigtts/WFVAE_v2_labv3_punc_1879h/libritts_clean_460/LibriTTS_train-clean-100_6367/chunk*/*.tar
hdfs://haruna/home/byte_data_seed/lf_lq/speech/user/huangzhiying.92/data/bigtts/WFVAE_v2_labv3_punc_1879h/libritts_clean_460/LibriTTS_train-clean-100_6385/chunk*/*.tar
hdfs://haruna/home/byte_data_seed/lf_lq/speech/user/huangzhiying.92/data/bigtts/WFVAE_v2_labv3_punc_1879h/libritts_clean_460/LibriTTS_train-clean-100_6415/chunk*/*.tar
hdfs://haruna/home/byte_data_seed/lf_lq/speech/user/huangzhiying.92/data/bigtts/WFVAE_v2_labv3_punc_1879h/libritts_clean_460/LibriTTS_train-clean-100_6437/chunk*/*.tar
hdfs://haruna/home/byte_data_seed/lf_lq/speech/user/huangzhiying.92/data/bigtts/WFVAE_v2_labv3_punc_1879h/libritts_clean_460/LibriTTS_train-clean-100_6454/chunk*/*.tar
hdfs://haruna/home/byte_data_seed/lf_lq/speech/user/huangzhiying.92/data/bigtts/WFVAE_v2_labv3_punc_1879h/libritts_clean_460/LibriTTS_train-clean-100_6476/chunk*/*.tar
hdfs://haruna/home/byte_data_seed/lf_lq/speech/user/huangzhiying.92/data/bigtts/WFVAE_v2_labv3_punc_1879h/libritts_clean_460/LibriTTS_train-clean-100_6529/chunk*/*.tar
hdfs://haruna/home/byte_data_seed/lf_lq/speech/user/huangzhiying.92/data/bigtts/WFVAE_v2_labv3_punc_1879h/libritts_clean_460/LibriTTS_train-clean-100_6531/chunk*/*.tar
hdfs://haruna/home/byte_data_seed/lf_lq/speech/user/huangzhiying.92/data/bigtts/WFVAE_v2_labv3_punc_1879h/libritts_clean_460/LibriTTS_train-clean-100_6563/chunk*/*.tar
hdfs://haruna/home/byte_data_seed/lf_lq/speech/user/huangzhiying.92/data/bigtts/WFVAE_v2_labv3_punc_1879h/libritts_clean_460/LibriTTS_train-clean-100_669/chunk*/*.tar
hdfs://haruna/home/byte_data_seed/lf_lq/speech/user/huangzhiying.92/data/bigtts/WFVAE_v2_labv3_punc_1879h/libritts_clean_460/LibriTTS_train-clean-100_6818/chunk*/*.tar
hdfs://haruna/home/byte_data_seed/lf_lq/speech/user/huangzhiying.92/data/bigtts/WFVAE_v2_labv3_punc_1879h/libritts_clean_460/LibriTTS_train-clean-100_6836/chunk*/*.tar
hdfs://haruna/home/byte_data_seed/lf_lq/speech/user/huangzhiying.92/data/bigtts/WFVAE_v2_labv3_punc_1879h/libritts_clean_460/LibriTTS_train-clean-100_6848/chunk*/*.tar
hdfs://haruna/home/byte_data_seed/lf_lq/speech/user/huangzhiying.92/data/bigtts/WFVAE_v2_labv3_punc_1879h/libritts_clean_460/LibriTTS_train-clean-100_6880/chunk*/*.tar
hdfs://haruna/home/byte_data_seed/lf_lq/speech/user/huangzhiying.92/data/bigtts/WFVAE_v2_labv3_punc_1879h/libritts_clean_460/LibriTTS_train-clean-100_6925/chunk*/*.tar
hdfs://haruna/home/byte_data_seed/lf_lq/speech/user/huangzhiying.92/data/bigtts/WFVAE_v2_labv3_punc_1879h/libritts_clean_460/LibriTTS_train-clean-100_696/chunk*/*.tar
hdfs://haruna/home/byte_data_seed/lf_lq/speech/user/huangzhiying.92/data/bigtts/WFVAE_v2_labv3_punc_1879h/libritts_clean_460/LibriTTS_train-clean-100_7059/chunk*/*.tar
hdfs://haruna/home/byte_data_seed/lf_lq/speech/user/huangzhiying.92/data/bigtts/WFVAE_v2_labv3_punc_1879h/libritts_clean_460/LibriTTS_train-clean-100_7067/chunk*/*.tar
hdfs://haruna/home/byte_data_seed/lf_lq/speech/user/huangzhiying.92/data/bigtts/WFVAE_v2_labv3_punc_1879h/libritts_clean_460/LibriTTS_train-clean-100_7078/chunk*/*.tar
hdfs://haruna/home/byte_data_seed/lf_lq/speech/user/huangzhiying.92/data/bigtts/WFVAE_v2_labv3_punc_1879h/libritts_clean_460/LibriTTS_train-clean-100_7113/chunk*/*.tar
hdfs://haruna/home/byte_data_seed/lf_lq/speech/user/huangzhiying.92/data/bigtts/WFVAE_v2_labv3_punc_1879h/libritts_clean_460/LibriTTS_train-clean-100_7148/chunk*/*.tar
hdfs://haruna/home/byte_data_seed/lf_lq/speech/user/huangzhiying.92/data/bigtts/WFVAE_v2_labv3_punc_1879h/libritts_clean_460/LibriTTS_train-clean-100_7178/chunk*/*.tar
hdfs://haruna/home/byte_data_seed/lf_lq/speech/user/huangzhiying.92/data/bigtts/WFVAE_v2_labv3_punc_1879h/libritts_clean_460/LibriTTS_train-clean-100_7190/chunk*/*.tar
hdfs://haruna/home/byte_data_seed/lf_lq/speech/user/huangzhiying.92/data/bigtts/WFVAE_v2_labv3_punc_1879h/libritts_clean_460/LibriTTS_train-clean-100_7226/chunk*/*.tar
hdfs://haruna/home/byte_data_seed/lf_lq/speech/user/huangzhiying.92/data/bigtts/WFVAE_v2_labv3_punc_1879h/libritts_clean_460/LibriTTS_train-clean-100_7264/chunk*/*.tar
hdfs://haruna/home/byte_data_seed/lf_lq/speech/user/huangzhiying.92/data/bigtts/WFVAE_v2_labv3_punc_1879h/libritts_clean_460/LibriTTS_train-clean-100_7278/chunk*/*.tar
hdfs://haruna/home/byte_data_seed/lf_lq/speech/user/huangzhiying.92/data/bigtts/WFVAE_v2_labv3_punc_1879h/libritts_clean_460/LibriTTS_train-clean-100_7302/chunk*/*.tar
hdfs://haruna/home/byte_data_seed/lf_lq/speech/user/huangzhiying.92/data/bigtts/WFVAE_v2_labv3_punc_1879h/libritts_clean_460/LibriTTS_train-clean-100_730/chunk*/*.tar
hdfs://haruna/home/byte_data_seed/lf_lq/speech/user/huangzhiying.92/data/bigtts/WFVAE_v2_labv3_punc_1879h/libritts_clean_460/LibriTTS_train-clean-100_7312/chunk*/*.tar
hdfs://haruna/home/byte_data_seed/lf_lq/speech/user/huangzhiying.92/data/bigtts/WFVAE_v2_labv3_punc_1879h/libritts_clean_460/LibriTTS_train-clean-100_7367/chunk*/*.tar
hdfs://haruna/home/byte_data_seed/lf_lq/speech/user/huangzhiying.92/data/bigtts/WFVAE_v2_labv3_punc_1879h/libritts_clean_460/LibriTTS_train-clean-100_7402/chunk*/*.tar
hdfs://haruna/home/byte_data_seed/lf_lq/speech/user/huangzhiying.92/data/bigtts/WFVAE_v2_labv3_punc_1879h/libritts_clean_460/LibriTTS_train-clean-100_7447/chunk*/*.tar
hdfs://haruna/home/byte_data_seed/lf_lq/speech/user/huangzhiying.92/data/bigtts/WFVAE_v2_labv3_punc_1879h/libritts_clean_460/LibriTTS_train-clean-100_7505/chunk*/*.tar
hdfs://haruna/home/byte_data_seed/lf_lq/speech/user/huangzhiying.92/data/bigtts/WFVAE_v2_labv3_punc_1879h/libritts_clean_460/LibriTTS_train-clean-100_7511/chunk*/*.tar
hdfs://haruna/home/byte_data_seed/lf_lq/speech/user/huangzhiying.92/data/bigtts/WFVAE_v2_labv3_punc_1879h/libritts_clean_460/LibriTTS_train-clean-100_7517/chunk*/*.tar
hdfs://haruna/home/byte_data_seed/lf_lq/speech/user/huangzhiying.92/data/bigtts/WFVAE_v2_labv3_punc_1879h/libritts_clean_460/LibriTTS_train-clean-100_7635/chunk*/*.tar
hdfs://haruna/home/byte_data_seed/lf_lq/speech/user/huangzhiying.92/data/bigtts/WFVAE_v2_labv3_punc_1879h/libritts_clean_460/LibriTTS_train-clean-100_7780/chunk*/*.tar
hdfs://haruna/home/byte_data_seed/lf_lq/speech/user/huangzhiying.92/data/bigtts/WFVAE_v2_labv3_punc_1879h/libritts_clean_460/LibriTTS_train-clean-100_7794/chunk*/*.tar
hdfs://haruna/home/byte_data_seed/lf_lq/speech/user/huangzhiying.92/data/bigtts/WFVAE_v2_labv3_punc_1879h/libritts_clean_460/LibriTTS_train-clean-100_7800/chunk*/*.tar
hdfs://haruna/home/byte_data_seed/lf_lq/speech/user/huangzhiying.92/data/bigtts/WFVAE_v2_labv3_punc_1879h/libritts_clean_460/LibriTTS_train-clean-100_7859/chunk*/*.tar
hdfs://haruna/home/byte_data_seed/lf_lq/speech/user/huangzhiying.92/data/bigtts/WFVAE_v2_labv3_punc_1879h/libritts_clean_460/LibriTTS_train-clean-100_78/chunk*/*.tar
hdfs://haruna/home/byte_data_seed/lf_lq/speech/user/huangzhiying.92/data/bigtts/WFVAE_v2_labv3_punc_1879h/libritts_clean_460/LibriTTS_train-clean-100_8014/chunk*/*.tar
hdfs://haruna/home/byte_data_seed/lf_lq/speech/user/huangzhiying.92/data/bigtts/WFVAE_v2_labv3_punc_1879h/libritts_clean_460/LibriTTS_train-clean-100_8051/chunk*/*.tar
hdfs://haruna/home/byte_data_seed/lf_lq/speech/user/huangzhiying.92/data/bigtts/WFVAE_v2_labv3_punc_1879h/libritts_clean_460/LibriTTS_train-clean-100_8063/chunk*/*.tar
hdfs://haruna/home/byte_data_seed/lf_lq/speech/user/huangzhiying.92/data/bigtts/WFVAE_v2_labv3_punc_1879h/libritts_clean_460/LibriTTS_train-clean-100_8088/chunk*/*.tar
hdfs://haruna/home/byte_data_seed/lf_lq/speech/user/huangzhiying.92/data/bigtts/WFVAE_v2_labv3_punc_1879h/libritts_clean_460/LibriTTS_train-clean-100_8095/chunk*/*.tar
hdfs://haruna/home/byte_data_seed/lf_lq/speech/user/huangzhiying.92/data/bigtts/WFVAE_v2_labv3_punc_1879h/libritts_clean_460/LibriTTS_train-clean-100_8098/chunk*/*.tar
hdfs://haruna/home/byte_data_seed/lf_lq/speech/user/huangzhiying.92/data/bigtts/WFVAE_v2_labv3_punc_1879h/libritts_clean_460/LibriTTS_train-clean-100_8108/chunk*/*.tar
hdfs://haruna/home/byte_data_seed/lf_lq/speech/user/huangzhiying.92/data/bigtts/WFVAE_v2_labv3_punc_1879h/libritts_clean_460/LibriTTS_train-clean-100_8123/chunk*/*.tar
hdfs://haruna/home/byte_data_seed/lf_lq/speech/user/huangzhiying.92/data/bigtts/WFVAE_v2_labv3_punc_1879h/libritts_clean_460/LibriTTS_train-clean-100_8226/chunk*/*.tar
hdfs://haruna/home/byte_data_seed/lf_lq/speech/user/huangzhiying.92/data/bigtts/WFVAE_v2_labv3_punc_1879h/libritts_clean_460/LibriTTS_train-clean-100_8238/chunk*/*.tar
hdfs://haruna/home/byte_data_seed/lf_lq/speech/user/huangzhiying.92/data/bigtts/WFVAE_v2_labv3_punc_1879h/libritts_clean_460/LibriTTS_train-clean-100_8312/chunk*/*.tar
hdfs://haruna/home/byte_data_seed/lf_lq/speech/user/huangzhiying.92/data/bigtts/WFVAE_v2_labv3_punc_1879h/libritts_clean_460/LibriTTS_train-clean-100_831/chunk*/*.tar
hdfs://haruna/home/byte_data_seed/lf_lq/speech/user/huangzhiying.92/data/bigtts/WFVAE_v2_labv3_punc_1879h/libritts_clean_460/LibriTTS_train-clean-100_8324/chunk*/*.tar
hdfs://haruna/home/byte_data_seed/lf_lq/speech/user/huangzhiying.92/data/bigtts/WFVAE_v2_labv3_punc_1879h/libritts_clean_460/LibriTTS_train-clean-100_839/chunk*/*.tar
hdfs://haruna/home/byte_data_seed/lf_lq/speech/user/huangzhiying.92/data/bigtts/WFVAE_v2_labv3_punc_1879h/libritts_clean_460/LibriTTS_train-clean-100_83/chunk*/*.tar
hdfs://haruna/home/byte_data_seed/lf_lq/speech/user/huangzhiying.92/data/bigtts/WFVAE_v2_labv3_punc_1879h/libritts_clean_460/LibriTTS_train-clean-100_8419/chunk*/*.tar
hdfs://haruna/home/byte_data_seed/lf_lq/speech/user/huangzhiying.92/data/bigtts/WFVAE_v2_labv3_punc_1879h/libritts_clean_460/LibriTTS_train-clean-100_8425/chunk*/*.tar
hdfs://haruna/home/byte_data_seed/lf_lq/speech/user/huangzhiying.92/data/bigtts/WFVAE_v2_labv3_punc_1879h/libritts_clean_460/LibriTTS_train-clean-100_8465/chunk*/*.tar
hdfs://haruna/home/byte_data_seed/lf_lq/speech/user/huangzhiying.92/data/bigtts/WFVAE_v2_labv3_punc_1879h/libritts_clean_460/LibriTTS_train-clean-100_8468/chunk*/*.tar
hdfs://haruna/home/byte_data_seed/lf_lq/speech/user/huangzhiying.92/data/bigtts/WFVAE_v2_labv3_punc_1879h/libritts_clean_460/LibriTTS_train-clean-100_8580/chunk*/*.tar
hdfs://haruna/home/byte_data_seed/lf_lq/speech/user/huangzhiying.92/data/bigtts/WFVAE_v2_labv3_punc_1879h/libritts_clean_460/LibriTTS_train-clean-100_8609/chunk*/*.tar
hdfs://haruna/home/byte_data_seed/lf_lq/speech/user/huangzhiying.92/data/bigtts/WFVAE_v2_labv3_punc_1879h/libritts_clean_460/LibriTTS_train-clean-100_8629/chunk*/*.tar
hdfs://haruna/home/byte_data_seed/lf_lq/speech/user/huangzhiying.92/data/bigtts/WFVAE_v2_labv3_punc_1879h/libritts_clean_460/LibriTTS_train-clean-100_8630/chunk*/*.tar
hdfs://haruna/home/byte_data_seed/lf_lq/speech/user/huangzhiying.92/data/bigtts/WFVAE_v2_labv3_punc_1879h/libritts_clean_460/LibriTTS_train-clean-100_8747/chunk*/*.tar
hdfs://haruna/home/byte_data_seed/lf_lq/speech/user/huangzhiying.92/data/bigtts/WFVAE_v2_labv3_punc_1879h/libritts_clean_460/LibriTTS_train-clean-100_8770/chunk*/*.tar
hdfs://haruna/home/byte_data_seed/lf_lq/speech/user/huangzhiying.92/data/bigtts/WFVAE_v2_labv3_punc_1879h/libritts_clean_460/LibriTTS_train-clean-100_8797/chunk*/*.tar
hdfs://haruna/home/byte_data_seed/lf_lq/speech/user/huangzhiying.92/data/bigtts/WFVAE_v2_labv3_punc_1879h/libritts_clean_460/LibriTTS_train-clean-100_87/chunk*/*.tar
hdfs://haruna/home/byte_data_seed/lf_lq/speech/user/huangzhiying.92/data/bigtts/WFVAE_v2_labv3_punc_1879h/libritts_clean_460/LibriTTS_train-clean-100_8838/chunk*/*.tar
hdfs://haruna/home/byte_data_seed/lf_lq/speech/user/huangzhiying.92/data/bigtts/WFVAE_v2_labv3_punc_1879h/libritts_clean_460/LibriTTS_train-clean-100_887/chunk*/*.tar
hdfs://haruna/home/byte_data_seed/lf_lq/speech/user/huangzhiying.92/data/bigtts/WFVAE_v2_labv3_punc_1879h/libritts_clean_460/LibriTTS_train-clean-100_8975/chunk*/*.tar
hdfs://haruna/home/byte_data_seed/lf_lq/speech/user/huangzhiying.92/data/bigtts/WFVAE_v2_labv3_punc_1879h/libritts_clean_460/LibriTTS_train-clean-100_89/chunk*/*.tar
hdfs://haruna/home/byte_data_seed/lf_lq/speech/user/huangzhiying.92/data/bigtts/WFVAE_v2_labv3_punc_1879h/libritts_clean_460/LibriTTS_train-clean-100_909/chunk*/*.tar
hdfs://haruna/home/byte_data_seed/lf_lq/speech/user/huangzhiying.92/data/bigtts/WFVAE_v2_labv3_punc_1879h/libritts_clean_460/LibriTTS_train-clean-100_911/chunk*/*.tar
hdfs://haruna/home/byte_data_seed/lf_lq/speech/user/huangzhiying.92/data/bigtts/WFVAE_v2_labv3_punc_1879h/libritts_clean_460/LibriTTS_train-clean-360_1001/chunk*/*.tar
hdfs://haruna/home/byte_data_seed/lf_lq/speech/user/huangzhiying.92/data/bigtts/WFVAE_v2_labv3_punc_1879h/libritts_clean_460/LibriTTS_train-clean-360_100/chunk*/*.tar
hdfs://haruna/home/byte_data_seed/lf_lq/speech/user/huangzhiying.92/data/bigtts/WFVAE_v2_labv3_punc_1879h/libritts_clean_460/LibriTTS_train-clean-360_1012/chunk*/*.tar
hdfs://haruna/home/byte_data_seed/lf_lq/speech/user/huangzhiying.92/data/bigtts/WFVAE_v2_labv3_punc_1879h/libritts_clean_460/LibriTTS_train-clean-360_1018/chunk*/*.tar
hdfs://haruna/home/byte_data_seed/lf_lq/speech/user/huangzhiying.92/data/bigtts/WFVAE_v2_labv3_punc_1879h/libritts_clean_460/LibriTTS_train-clean-360_101/chunk*/*.tar
hdfs://haruna/home/byte_data_seed/lf_lq/speech/user/huangzhiying.92/data/bigtts/WFVAE_v2_labv3_punc_1879h/libritts_clean_460/LibriTTS_train-clean-360_1025/chunk*/*.tar
hdfs://haruna/home/byte_data_seed/lf_lq/speech/user/huangzhiying.92/data/bigtts/WFVAE_v2_labv3_punc_1879h/libritts_clean_460/LibriTTS_train-clean-360_1027/chunk*/*.tar
hdfs://haruna/home/byte_data_seed/lf_lq/speech/user/huangzhiying.92/data/bigtts/WFVAE_v2_labv3_punc_1879h/libritts_clean_460/LibriTTS_train-clean-360_1028/chunk*/*.tar
hdfs://haruna/home/byte_data_seed/lf_lq/speech/user/huangzhiying.92/data/bigtts/WFVAE_v2_labv3_punc_1879h/libritts_clean_460/LibriTTS_train-clean-360_1046/chunk*/*.tar
hdfs://haruna/home/byte_data_seed/lf_lq/speech/user/huangzhiying.92/data/bigtts/WFVAE_v2_labv3_punc_1879h/libritts_clean_460/LibriTTS_train-clean-360_1050/chunk*/*.tar
hdfs://haruna/home/byte_data_seed/lf_lq/speech/user/huangzhiying.92/data/bigtts/WFVAE_v2_labv3_punc_1879h/libritts_clean_460/LibriTTS_train-clean-360_1052/chunk*/*.tar
hdfs://haruna/home/byte_data_seed/lf_lq/speech/user/huangzhiying.92/data/bigtts/WFVAE_v2_labv3_punc_1879h/libritts_clean_460/LibriTTS_train-clean-360_1053/chunk*/*.tar
hdfs://haruna/home/byte_data_seed/lf_lq/speech/user/huangzhiying.92/data/bigtts/WFVAE_v2_labv3_punc_1879h/libritts_clean_460/LibriTTS_train-clean-360_1054/chunk*/*.tar
hdfs://haruna/home/byte_data_seed/lf_lq/speech/user/huangzhiying.92/data/bigtts/WFVAE_v2_labv3_punc_1879h/libritts_clean_460/LibriTTS_train-clean-360_1058/chunk*/*.tar
hdfs://haruna/home/byte_data_seed/lf_lq/speech/user/huangzhiying.92/data/bigtts/WFVAE_v2_labv3_punc_1879h/libritts_clean_460/LibriTTS_train-clean-360_1060/chunk*/*.tar
hdfs://haruna/home/byte_data_seed/lf_lq/speech/user/huangzhiying.92/data/bigtts/WFVAE_v2_labv3_punc_1879h/libritts_clean_460/LibriTTS_train-clean-360_1061/chunk*/*.tar
hdfs://haruna/home/byte_data_seed/lf_lq/speech/user/huangzhiying.92/data/bigtts/WFVAE_v2_labv3_punc_1879h/libritts_clean_460/LibriTTS_train-clean-360_1066/chunk*/*.tar
hdfs://haruna/home/byte_data_seed/lf_lq/speech/user/huangzhiying.92/data/bigtts/WFVAE_v2_labv3_punc_1879h/libritts_clean_460/LibriTTS_train-clean-360_1079/chunk*/*.tar
hdfs://haruna/home/byte_data_seed/lf_lq/speech/user/huangzhiying.92/data/bigtts/WFVAE_v2_labv3_punc_1879h/libritts_clean_460/LibriTTS_train-clean-360_1093/chunk*/*.tar
hdfs://haruna/home/byte_data_seed/lf_lq/speech/user/huangzhiying.92/data/bigtts/WFVAE_v2_labv3_punc_1879h/libritts_clean_460/LibriTTS_train-clean-360_1100/chunk*/*.tar
hdfs://haruna/home/byte_data_seed/lf_lq/speech/user/huangzhiying.92/data/bigtts/WFVAE_v2_labv3_punc_1879h/libritts_clean_460/LibriTTS_train-clean-360_1112/chunk*/*.tar
hdfs://haruna/home/byte_data_seed/lf_lq/speech/user/huangzhiying.92/data/bigtts/WFVAE_v2_labv3_punc_1879h/libritts_clean_460/LibriTTS_train-clean-360_1121/chunk*/*.tar
hdfs://haruna/home/byte_data_seed/lf_lq/speech/user/huangzhiying.92/data/bigtts/WFVAE_v2_labv3_punc_1879h/libritts_clean_460/LibriTTS_train-clean-360_112/chunk*/*.tar
hdfs://haruna/home/byte_data_seed/lf_lq/speech/user/huangzhiying.92/data/bigtts/WFVAE_v2_labv3_punc_1879h/libritts_clean_460/LibriTTS_train-clean-360_114/chunk*/*.tar
hdfs://haruna/home/byte_data_seed/lf_lq/speech/user/huangzhiying.92/data/bigtts/WFVAE_v2_labv3_punc_1879h/libritts_clean_460/LibriTTS_train-clean-360_115/chunk*/*.tar
hdfs://haruna/home/byte_data_seed/lf_lq/speech/user/huangzhiying.92/data/bigtts/WFVAE_v2_labv3_punc_1879h/libritts_clean_460/LibriTTS_train-clean-360_1160/chunk*/*.tar
hdfs://haruna/home/byte_data_seed/lf_lq/speech/user/huangzhiying.92/data/bigtts/WFVAE_v2_labv3_punc_1879h/libritts_clean_460/LibriTTS_train-clean-360_1165/chunk*/*.tar
hdfs://haruna/home/byte_data_seed/lf_lq/speech/user/huangzhiying.92/data/bigtts/WFVAE_v2_labv3_punc_1879h/libritts_clean_460/LibriTTS_train-clean-360_1175/chunk*/*.tar
hdfs://haruna/home/byte_data_seed/lf_lq/speech/user/huangzhiying.92/data/bigtts/WFVAE_v2_labv3_punc_1879h/libritts_clean_460/LibriTTS_train-clean-360_1182/chunk*/*.tar
hdfs://haruna/home/byte_data_seed/lf_lq/speech/user/huangzhiying.92/data/bigtts/WFVAE_v2_labv3_punc_1879h/libritts_clean_460/LibriTTS_train-clean-360_1195/chunk*/*.tar
hdfs://haruna/home/byte_data_seed/lf_lq/speech/user/huangzhiying.92/data/bigtts/WFVAE_v2_labv3_punc_1879h/libritts_clean_460/LibriTTS_train-clean-360_119/chunk*/*.tar
hdfs://haruna/home/byte_data_seed/lf_lq/speech/user/huangzhiying.92/data/bigtts/WFVAE_v2_labv3_punc_1879h/libritts_clean_460/LibriTTS_train-clean-360_1212/chunk*/*.tar
hdfs://haruna/home/byte_data_seed/lf_lq/speech/user/huangzhiying.92/data/bigtts/WFVAE_v2_labv3_punc_1879h/libritts_clean_460/LibriTTS_train-clean-360_1222/chunk*/*.tar
hdfs://haruna/home/byte_data_seed/lf_lq/speech/user/huangzhiying.92/data/bigtts/WFVAE_v2_labv3_punc_1879h/libritts_clean_460/LibriTTS_train-clean-360_1224/chunk*/*.tar
hdfs://haruna/home/byte_data_seed/lf_lq/speech/user/huangzhiying.92/data/bigtts/WFVAE_v2_labv3_punc_1879h/libritts_clean_460/LibriTTS_train-clean-360_1226/chunk*/*.tar
hdfs://haruna/home/byte_data_seed/lf_lq/speech/user/huangzhiying.92/data/bigtts/WFVAE_v2_labv3_punc_1879h/libritts_clean_460/LibriTTS_train-clean-360_122/chunk*/*.tar
hdfs://haruna/home/byte_data_seed/lf_lq/speech/user/huangzhiying.92/data/bigtts/WFVAE_v2_labv3_punc_1879h/libritts_clean_460/LibriTTS_train-clean-360_1241/chunk*/*.tar
hdfs://haruna/home/byte_data_seed/lf_lq/speech/user/huangzhiying.92/data/bigtts/WFVAE_v2_labv3_punc_1879h/libritts_clean_460/LibriTTS_train-clean-360_1259/chunk*/*.tar
hdfs://haruna/home/byte_data_seed/lf_lq/speech/user/huangzhiying.92/data/bigtts/WFVAE_v2_labv3_punc_1879h/libritts_clean_460/LibriTTS_train-clean-360_1264/chunk*/*.tar
hdfs://haruna/home/byte_data_seed/lf_lq/speech/user/huangzhiying.92/data/bigtts/WFVAE_v2_labv3_punc_1879h/libritts_clean_460/LibriTTS_train-clean-360_1265/chunk*/*.tar
hdfs://haruna/home/byte_data_seed/lf_lq/speech/user/huangzhiying.92/data/bigtts/WFVAE_v2_labv3_punc_1879h/libritts_clean_460/LibriTTS_train-clean-360_126/chunk*/*.tar
hdfs://haruna/home/byte_data_seed/lf_lq/speech/user/huangzhiying.92/data/bigtts/WFVAE_v2_labv3_punc_1879h/libritts_clean_460/LibriTTS_train-clean-360_1271/chunk*/*.tar
hdfs://haruna/home/byte_data_seed/lf_lq/speech/user/huangzhiying.92/data/bigtts/WFVAE_v2_labv3_punc_1879h/libritts_clean_460/LibriTTS_train-clean-360_1283/chunk*/*.tar
hdfs://haruna/home/byte_data_seed/lf_lq/speech/user/huangzhiying.92/data/bigtts/WFVAE_v2_labv3_punc_1879h/libritts_clean_460/LibriTTS_train-clean-360_1289/chunk*/*.tar
hdfs://haruna/home/byte_data_seed/lf_lq/speech/user/huangzhiying.92/data/bigtts/WFVAE_v2_labv3_punc_1879h/libritts_clean_460/LibriTTS_train-clean-360_1290/chunk*/*.tar
hdfs://haruna/home/byte_data_seed/lf_lq/speech/user/huangzhiying.92/data/bigtts/WFVAE_v2_labv3_punc_1879h/libritts_clean_460/LibriTTS_train-clean-360_1296/chunk*/*.tar
hdfs://haruna/home/byte_data_seed/lf_lq/speech/user/huangzhiying.92/data/bigtts/WFVAE_v2_labv3_punc_1879h/libritts_clean_460/LibriTTS_train-clean-360_1311/chunk*/*.tar
hdfs://haruna/home/byte_data_seed/lf_lq/speech/user/huangzhiying.92/data/bigtts/WFVAE_v2_labv3_punc_1879h/libritts_clean_460/LibriTTS_train-clean-360_1313/chunk*/*.tar
hdfs://haruna/home/byte_data_seed/lf_lq/speech/user/huangzhiying.92/data/bigtts/WFVAE_v2_labv3_punc_1879h/libritts_clean_460/LibriTTS_train-clean-360_1316/chunk*/*.tar
hdfs://haruna/home/byte_data_seed/lf_lq/speech/user/huangzhiying.92/data/bigtts/WFVAE_v2_labv3_punc_1879h/libritts_clean_460/LibriTTS_train-clean-360_1322/chunk*/*.tar
hdfs://haruna/home/byte_data_seed/lf_lq/speech/user/huangzhiying.92/data/bigtts/WFVAE_v2_labv3_punc_1879h/libritts_clean_460/LibriTTS_train-clean-360_1323/chunk*/*.tar
hdfs://haruna/home/byte_data_seed/lf_lq/speech/user/huangzhiying.92/data/bigtts/WFVAE_v2_labv3_punc_1879h/libritts_clean_460/LibriTTS_train-clean-360_1335/chunk*/*.tar
hdfs://haruna/home/byte_data_seed/lf_lq/speech/user/huangzhiying.92/data/bigtts/WFVAE_v2_labv3_punc_1879h/libritts_clean_460/LibriTTS_train-clean-360_1336/chunk*/*.tar
hdfs://haruna/home/byte_data_seed/lf_lq/speech/user/huangzhiying.92/data/bigtts/WFVAE_v2_labv3_punc_1879h/libritts_clean_460/LibriTTS_train-clean-360_1337/chunk*/*.tar
hdfs://haruna/home/byte_data_seed/lf_lq/speech/user/huangzhiying.92/data/bigtts/WFVAE_v2_labv3_punc_1879h/libritts_clean_460/LibriTTS_train-clean-360_1343/chunk*/*.tar
hdfs://haruna/home/byte_data_seed/lf_lq/speech/user/huangzhiying.92/data/bigtts/WFVAE_v2_labv3_punc_1879h/libritts_clean_460/LibriTTS_train-clean-360_1348/chunk*/*.tar
hdfs://haruna/home/byte_data_seed/lf_lq/speech/user/huangzhiying.92/data/bigtts/WFVAE_v2_labv3_punc_1879h/libritts_clean_460/LibriTTS_train-clean-360_1349/chunk*/*.tar
hdfs://haruna/home/byte_data_seed/lf_lq/speech/user/huangzhiying.92/data/bigtts/WFVAE_v2_labv3_punc_1879h/libritts_clean_460/LibriTTS_train-clean-360_1365/chunk*/*.tar
hdfs://haruna/home/byte_data_seed/lf_lq/speech/user/huangzhiying.92/data/bigtts/WFVAE_v2_labv3_punc_1879h/libritts_clean_460/LibriTTS_train-clean-360_1379/chunk*/*.tar
hdfs://haruna/home/byte_data_seed/lf_lq/speech/user/huangzhiying.92/data/bigtts/WFVAE_v2_labv3_punc_1879h/libritts_clean_460/LibriTTS_train-clean-360_1382/chunk*/*.tar
hdfs://haruna/home/byte_data_seed/lf_lq/speech/user/huangzhiying.92/data/bigtts/WFVAE_v2_labv3_punc_1879h/libritts_clean_460/LibriTTS_train-clean-360_1383/chunk*/*.tar
hdfs://haruna/home/byte_data_seed/lf_lq/speech/user/huangzhiying.92/data/bigtts/WFVAE_v2_labv3_punc_1879h/libritts_clean_460/LibriTTS_train-clean-360_1387/chunk*/*.tar
hdfs://haruna/home/byte_data_seed/lf_lq/speech/user/huangzhiying.92/data/bigtts/WFVAE_v2_labv3_punc_1879h/libritts_clean_460/LibriTTS_train-clean-360_1390/chunk*/*.tar
hdfs://haruna/home/byte_data_seed/lf_lq/speech/user/huangzhiying.92/data/bigtts/WFVAE_v2_labv3_punc_1879h/libritts_clean_460/LibriTTS_train-clean-360_1392/chunk*/*.tar
hdfs://haruna/home/byte_data_seed/lf_lq/speech/user/huangzhiying.92/data/bigtts/WFVAE_v2_labv3_punc_1879h/libritts_clean_460/LibriTTS_train-clean-360_1401/chunk*/*.tar
hdfs://haruna/home/byte_data_seed/lf_lq/speech/user/huangzhiying.92/data/bigtts/WFVAE_v2_labv3_punc_1879h/libritts_clean_460/LibriTTS_train-clean-360_1413/chunk*/*.tar
hdfs://haruna/home/byte_data_seed/lf_lq/speech/user/huangzhiying.92/data/bigtts/WFVAE_v2_labv3_punc_1879h/libritts_clean_460/LibriTTS_train-clean-360_1417/chunk*/*.tar
hdfs://haruna/home/byte_data_seed/lf_lq/speech/user/huangzhiying.92/data/bigtts/WFVAE_v2_labv3_punc_1879h/libritts_clean_460/LibriTTS_train-clean-360_1422/chunk*/*.tar
hdfs://haruna/home/byte_data_seed/lf_lq/speech/user/huangzhiying.92/data/bigtts/WFVAE_v2_labv3_punc_1879h/libritts_clean_460/LibriTTS_train-clean-360_1425/chunk*/*.tar
hdfs://haruna/home/byte_data_seed/lf_lq/speech/user/huangzhiying.92/data/bigtts/WFVAE_v2_labv3_punc_1879h/libritts_clean_460/LibriTTS_train-clean-360_1445/chunk*/*.tar
hdfs://haruna/home/byte_data_seed/lf_lq/speech/user/huangzhiying.92/data/bigtts/WFVAE_v2_labv3_punc_1879h/libritts_clean_460/LibriTTS_train-clean-360_1446/chunk*/*.tar
hdfs://haruna/home/byte_data_seed/lf_lq/speech/user/huangzhiying.92/data/bigtts/WFVAE_v2_labv3_punc_1879h/libritts_clean_460/LibriTTS_train-clean-360_1448/chunk*/*.tar
hdfs://haruna/home/byte_data_seed/lf_lq/speech/user/huangzhiying.92/data/bigtts/WFVAE_v2_labv3_punc_1879h/libritts_clean_460/LibriTTS_train-clean-360_1460/chunk*/*.tar
hdfs://haruna/home/byte_data_seed/lf_lq/speech/user/huangzhiying.92/data/bigtts/WFVAE_v2_labv3_punc_1879h/libritts_clean_460/LibriTTS_train-clean-360_1463/chunk*/*.tar
hdfs://haruna/home/byte_data_seed/lf_lq/speech/user/huangzhiying.92/data/bigtts/WFVAE_v2_labv3_punc_1879h/libritts_clean_460/LibriTTS_train-clean-360_1472/chunk*/*.tar
hdfs://haruna/home/byte_data_seed/lf_lq/speech/user/huangzhiying.92/data/bigtts/WFVAE_v2_labv3_punc_1879h/libritts_clean_460/LibriTTS_train-clean-360_1473/chunk*/*.tar
hdfs://haruna/home/byte_data_seed/lf_lq/speech/user/huangzhiying.92/data/bigtts/WFVAE_v2_labv3_punc_1879h/libritts_clean_460/LibriTTS_train-clean-360_1482/chunk*/*.tar
hdfs://haruna/home/byte_data_seed/lf_lq/speech/user/huangzhiying.92/data/bigtts/WFVAE_v2_labv3_punc_1879h/libritts_clean_460/LibriTTS_train-clean-360_1487/chunk*/*.tar
hdfs://haruna/home/byte_data_seed/lf_lq/speech/user/huangzhiying.92/data/bigtts/WFVAE_v2_labv3_punc_1879h/libritts_clean_460/LibriTTS_train-clean-360_1498/chunk*/*.tar
hdfs://haruna/home/byte_data_seed/lf_lq/speech/user/huangzhiying.92/data/bigtts/WFVAE_v2_labv3_punc_1879h/libritts_clean_460/LibriTTS_train-clean-360_14/chunk*/*.tar
hdfs://haruna/home/byte_data_seed/lf_lq/speech/user/huangzhiying.92/data/bigtts/WFVAE_v2_labv3_punc_1879h/libritts_clean_460/LibriTTS_train-clean-360_1509/chunk*/*.tar
hdfs://haruna/home/byte_data_seed/lf_lq/speech/user/huangzhiying.92/data/bigtts/WFVAE_v2_labv3_punc_1879h/libritts_clean_460/LibriTTS_train-clean-360_1513/chunk*/*.tar
hdfs://haruna/home/byte_data_seed/lf_lq/speech/user/huangzhiying.92/data/bigtts/WFVAE_v2_labv3_punc_1879h/libritts_clean_460/LibriTTS_train-clean-360_1535/chunk*/*.tar
hdfs://haruna/home/byte_data_seed/lf_lq/speech/user/huangzhiying.92/data/bigtts/WFVAE_v2_labv3_punc_1879h/libritts_clean_460/LibriTTS_train-clean-360_1536/chunk*/*.tar
hdfs://haruna/home/byte_data_seed/lf_lq/speech/user/huangzhiying.92/data/bigtts/WFVAE_v2_labv3_punc_1879h/libritts_clean_460/LibriTTS_train-clean-360_1547/chunk*/*.tar
hdfs://haruna/home/byte_data_seed/lf_lq/speech/user/huangzhiying.92/data/bigtts/WFVAE_v2_labv3_punc_1879h/libritts_clean_460/LibriTTS_train-clean-360_154/chunk*/*.tar
hdfs://haruna/home/byte_data_seed/lf_lq/speech/user/huangzhiying.92/data/bigtts/WFVAE_v2_labv3_punc_1879h/libritts_clean_460/LibriTTS_train-clean-360_1552/chunk*/*.tar
hdfs://haruna/home/byte_data_seed/lf_lq/speech/user/huangzhiying.92/data/bigtts/WFVAE_v2_labv3_punc_1879h/libritts_clean_460/LibriTTS_train-clean-360_1556/chunk*/*.tar
hdfs://haruna/home/byte_data_seed/lf_lq/speech/user/huangzhiying.92/data/bigtts/WFVAE_v2_labv3_punc_1879h/libritts_clean_460/LibriTTS_train-clean-360_1571/chunk*/*.tar
hdfs://haruna/home/byte_data_seed/lf_lq/speech/user/huangzhiying.92/data/bigtts/WFVAE_v2_labv3_punc_1879h/libritts_clean_460/LibriTTS_train-clean-360_159/chunk*/*.tar
hdfs://haruna/home/byte_data_seed/lf_lq/speech/user/huangzhiying.92/data/bigtts/WFVAE_v2_labv3_punc_1879h/libritts_clean_460/LibriTTS_train-clean-360_1603/chunk*/*.tar
hdfs://haruna/home/byte_data_seed/lf_lq/speech/user/huangzhiying.92/data/bigtts/WFVAE_v2_labv3_punc_1879h/libritts_clean_460/LibriTTS_train-clean-360_1607/chunk*/*.tar
hdfs://haruna/home/byte_data_seed/lf_lq/speech/user/huangzhiying.92/data/bigtts/WFVAE_v2_labv3_punc_1879h/libritts_clean_460/LibriTTS_train-clean-360_1629/chunk*/*.tar
hdfs://haruna/home/byte_data_seed/lf_lq/speech/user/huangzhiying.92/data/bigtts/WFVAE_v2_labv3_punc_1879h/libritts_clean_460/LibriTTS_train-clean-360_1638/chunk*/*.tar
hdfs://haruna/home/byte_data_seed/lf_lq/speech/user/huangzhiying.92/data/bigtts/WFVAE_v2_labv3_punc_1879h/libritts_clean_460/LibriTTS_train-clean-360_1639/chunk*/*.tar
hdfs://haruna/home/byte_data_seed/lf_lq/speech/user/huangzhiying.92/data/bigtts/WFVAE_v2_labv3_punc_1879h/libritts_clean_460/LibriTTS_train-clean-360_1641/chunk*/*.tar
hdfs://haruna/home/byte_data_seed/lf_lq/speech/user/huangzhiying.92/data/bigtts/WFVAE_v2_labv3_punc_1879h/libritts_clean_460/LibriTTS_train-clean-360_1645/chunk*/*.tar
hdfs://haruna/home/byte_data_seed/lf_lq/speech/user/huangzhiying.92/data/bigtts/WFVAE_v2_labv3_punc_1879h/libritts_clean_460/LibriTTS_train-clean-360_1649/chunk*/*.tar
hdfs://haruna/home/byte_data_seed/lf_lq/speech/user/huangzhiying.92/data/bigtts/WFVAE_v2_labv3_punc_1879h/libritts_clean_460/LibriTTS_train-clean-360_1668/chunk*/*.tar
hdfs://haruna/home/byte_data_seed/lf_lq/speech/user/huangzhiying.92/data/bigtts/WFVAE_v2_labv3_punc_1879h/libritts_clean_460/LibriTTS_train-clean-360_166/chunk*/*.tar
hdfs://haruna/home/byte_data_seed/lf_lq/speech/user/huangzhiying.92/data/bigtts/WFVAE_v2_labv3_punc_1879h/libritts_clean_460/LibriTTS_train-clean-360_1678/chunk*/*.tar
hdfs://haruna/home/byte_data_seed/lf_lq/speech/user/huangzhiying.92/data/bigtts/WFVAE_v2_labv3_punc_1879h/libritts_clean_460/LibriTTS_train-clean-360_16/chunk*/*.tar
hdfs://haruna/home/byte_data_seed/lf_lq/speech/user/huangzhiying.92/data/bigtts/WFVAE_v2_labv3_punc_1879h/libritts_clean_460/LibriTTS_train-clean-360_1705/chunk*/*.tar
hdfs://haruna/home/byte_data_seed/lf_lq/speech/user/huangzhiying.92/data/bigtts/WFVAE_v2_labv3_punc_1879h/libritts_clean_460/LibriTTS_train-clean-360_1724/chunk*/*.tar
hdfs://haruna/home/byte_data_seed/lf_lq/speech/user/huangzhiying.92/data/bigtts/WFVAE_v2_labv3_punc_1879h/libritts_clean_460/LibriTTS_train-clean-360_1731/chunk*/*.tar
hdfs://haruna/home/byte_data_seed/lf_lq/speech/user/huangzhiying.92/data/bigtts/WFVAE_v2_labv3_punc_1879h/libritts_clean_460/LibriTTS_train-clean-360_1734/chunk*/*.tar
hdfs://haruna/home/byte_data_seed/lf_lq/speech/user/huangzhiying.92/data/bigtts/WFVAE_v2_labv3_punc_1879h/libritts_clean_460/LibriTTS_train-clean-360_1740/chunk*/*.tar
hdfs://haruna/home/byte_data_seed/lf_lq/speech/user/huangzhiying.92/data/bigtts/WFVAE_v2_labv3_punc_1879h/libritts_clean_460/LibriTTS_train-clean-360_1748/chunk*/*.tar
hdfs://haruna/home/byte_data_seed/lf_lq/speech/user/huangzhiying.92/data/bigtts/WFVAE_v2_labv3_punc_1879h/libritts_clean_460/LibriTTS_train-clean-360_1752/chunk*/*.tar
hdfs://haruna/home/byte_data_seed/lf_lq/speech/user/huangzhiying.92/data/bigtts/WFVAE_v2_labv3_punc_1879h/libritts_clean_460/LibriTTS_train-clean-360_1754/chunk*/*.tar
hdfs://haruna/home/byte_data_seed/lf_lq/speech/user/huangzhiying.92/data/bigtts/WFVAE_v2_labv3_punc_1879h/libritts_clean_460/LibriTTS_train-clean-360_175/chunk*/*.tar
hdfs://haruna/home/byte_data_seed/lf_lq/speech/user/huangzhiying.92/data/bigtts/WFVAE_v2_labv3_punc_1879h/libritts_clean_460/LibriTTS_train-clean-360_1769/chunk*/*.tar
hdfs://haruna/home/byte_data_seed/lf_lq/speech/user/huangzhiying.92/data/bigtts/WFVAE_v2_labv3_punc_1879h/libritts_clean_460/LibriTTS_train-clean-360_176/chunk*/*.tar
hdfs://haruna/home/byte_data_seed/lf_lq/speech/user/huangzhiying.92/data/bigtts/WFVAE_v2_labv3_punc_1879h/libritts_clean_460/LibriTTS_train-clean-360_1776/chunk*/*.tar
hdfs://haruna/home/byte_data_seed/lf_lq/speech/user/huangzhiying.92/data/bigtts/WFVAE_v2_labv3_punc_1879h/libritts_clean_460/LibriTTS_train-clean-360_1777/chunk*/*.tar
hdfs://haruna/home/byte_data_seed/lf_lq/speech/user/huangzhiying.92/data/bigtts/WFVAE_v2_labv3_punc_1879h/libritts_clean_460/LibriTTS_train-clean-360_1779/chunk*/*.tar
hdfs://haruna/home/byte_data_seed/lf_lq/speech/user/huangzhiying.92/data/bigtts/WFVAE_v2_labv3_punc_1879h/libritts_clean_460/LibriTTS_train-clean-360_1789/chunk*/*.tar
hdfs://haruna/home/byte_data_seed/lf_lq/speech/user/huangzhiying.92/data/bigtts/WFVAE_v2_labv3_punc_1879h/libritts_clean_460/LibriTTS_train-clean-360_17/chunk*/*.tar
hdfs://haruna/home/byte_data_seed/lf_lq/speech/user/huangzhiying.92/data/bigtts/WFVAE_v2_labv3_punc_1879h/libritts_clean_460/LibriTTS_train-clean-360_1801/chunk*/*.tar
hdfs://haruna/home/byte_data_seed/lf_lq/speech/user/huangzhiying.92/data/bigtts/WFVAE_v2_labv3_punc_1879h/libritts_clean_460/LibriTTS_train-clean-360_1806/chunk*/*.tar
hdfs://haruna/home/byte_data_seed/lf_lq/speech/user/huangzhiying.92/data/bigtts/WFVAE_v2_labv3_punc_1879h/libritts_clean_460/LibriTTS_train-clean-360_1811/chunk*/*.tar
hdfs://haruna/home/byte_data_seed/lf_lq/speech/user/huangzhiying.92/data/bigtts/WFVAE_v2_labv3_punc_1879h/libritts_clean_460/LibriTTS_train-clean-360_1825/chunk*/*.tar
hdfs://haruna/home/byte_data_seed/lf_lq/speech/user/huangzhiying.92/data/bigtts/WFVAE_v2_labv3_punc_1879h/libritts_clean_460/LibriTTS_train-clean-360_1826/chunk*/*.tar
hdfs://haruna/home/byte_data_seed/lf_lq/speech/user/huangzhiying.92/data/bigtts/WFVAE_v2_labv3_punc_1879h/libritts_clean_460/LibriTTS_train-clean-360_1827/chunk*/*.tar
hdfs://haruna/home/byte_data_seed/lf_lq/speech/user/huangzhiying.92/data/bigtts/WFVAE_v2_labv3_punc_1879h/libritts_clean_460/LibriTTS_train-clean-360_1845/chunk*/*.tar
hdfs://haruna/home/byte_data_seed/lf_lq/speech/user/huangzhiying.92/data/bigtts/WFVAE_v2_labv3_punc_1879h/libritts_clean_460/LibriTTS_train-clean-360_1849/chunk*/*.tar
hdfs://haruna/home/byte_data_seed/lf_lq/speech/user/huangzhiying.92/data/bigtts/WFVAE_v2_labv3_punc_1879h/libritts_clean_460/LibriTTS_train-clean-360_1851/chunk*/*.tar
hdfs://haruna/home/byte_data_seed/lf_lq/speech/user/huangzhiying.92/data/bigtts/WFVAE_v2_labv3_punc_1879h/libritts_clean_460/LibriTTS_train-clean-360_1859/chunk*/*.tar
hdfs://haruna/home/byte_data_seed/lf_lq/speech/user/huangzhiying.92/data/bigtts/WFVAE_v2_labv3_punc_1879h/libritts_clean_460/LibriTTS_train-clean-360_1874/chunk*/*.tar
hdfs://haruna/home/byte_data_seed/lf_lq/speech/user/huangzhiying.92/data/bigtts/WFVAE_v2_labv3_punc_1879h/libritts_clean_460/LibriTTS_train-clean-360_1885/chunk*/*.tar
hdfs://haruna/home/byte_data_seed/lf_lq/speech/user/huangzhiying.92/data/bigtts/WFVAE_v2_labv3_punc_1879h/libritts_clean_460/LibriTTS_train-clean-360_188/chunk*/*.tar
hdfs://haruna/home/byte_data_seed/lf_lq/speech/user/huangzhiying.92/data/bigtts/WFVAE_v2_labv3_punc_1879h/libritts_clean_460/LibriTTS_train-clean-360_1903/chunk*/*.tar
hdfs://haruna/home/byte_data_seed/lf_lq/speech/user/huangzhiying.92/data/bigtts/WFVAE_v2_labv3_punc_1879h/libritts_clean_460/LibriTTS_train-clean-360_1913/chunk*/*.tar
hdfs://haruna/home/byte_data_seed/lf_lq/speech/user/huangzhiying.92/data/bigtts/WFVAE_v2_labv3_punc_1879h/libritts_clean_460/LibriTTS_train-clean-360_1914/chunk*/*.tar
hdfs://haruna/home/byte_data_seed/lf_lq/speech/user/huangzhiying.92/data/bigtts/WFVAE_v2_labv3_punc_1879h/libritts_clean_460/LibriTTS_train-clean-360_1923/chunk*/*.tar
hdfs://haruna/home/byte_data_seed/lf_lq/speech/user/huangzhiying.92/data/bigtts/WFVAE_v2_labv3_punc_1879h/libritts_clean_460/LibriTTS_train-clean-360_192/chunk*/*.tar
hdfs://haruna/home/byte_data_seed/lf_lq/speech/user/huangzhiying.92/data/bigtts/WFVAE_v2_labv3_punc_1879h/libritts_clean_460/LibriTTS_train-clean-360_1933/chunk*/*.tar
hdfs://haruna/home/byte_data_seed/lf_lq/speech/user/huangzhiying.92/data/bigtts/WFVAE_v2_labv3_punc_1879h/libritts_clean_460/LibriTTS_train-clean-360_1943/chunk*/*.tar
hdfs://haruna/home/byte_data_seed/lf_lq/speech/user/huangzhiying.92/data/bigtts/WFVAE_v2_labv3_punc_1879h/libritts_clean_460/LibriTTS_train-clean-360_1944/chunk*/*.tar
hdfs://haruna/home/byte_data_seed/lf_lq/speech/user/huangzhiying.92/data/bigtts/WFVAE_v2_labv3_punc_1879h/libritts_clean_460/LibriTTS_train-clean-360_1958/chunk*/*.tar
hdfs://haruna/home/byte_data_seed/lf_lq/speech/user/huangzhiying.92/data/bigtts/WFVAE_v2_labv3_punc_1879h/libritts_clean_460/LibriTTS_train-clean-360_1961/chunk*/*.tar
hdfs://haruna/home/byte_data_seed/lf_lq/speech/user/huangzhiying.92/data/bigtts/WFVAE_v2_labv3_punc_1879h/libritts_clean_460/LibriTTS_train-clean-360_1974/chunk*/*.tar
hdfs://haruna/home/byte_data_seed/lf_lq/speech/user/huangzhiying.92/data/bigtts/WFVAE_v2_labv3_punc_1879h/libritts_clean_460/LibriTTS_train-clean-360_1987/chunk*/*.tar
hdfs://haruna/home/byte_data_seed/lf_lq/speech/user/huangzhiying.92/data/bigtts/WFVAE_v2_labv3_punc_1879h/libritts_clean_460/LibriTTS_train-clean-360_2004/chunk*/*.tar
hdfs://haruna/home/byte_data_seed/lf_lq/speech/user/huangzhiying.92/data/bigtts/WFVAE_v2_labv3_punc_1879h/libritts_clean_460/LibriTTS_train-clean-360_2010/chunk*/*.tar
hdfs://haruna/home/byte_data_seed/lf_lq/speech/user/huangzhiying.92/data/bigtts/WFVAE_v2_labv3_punc_1879h/libritts_clean_460/LibriTTS_train-clean-360_2012/chunk*/*.tar
hdfs://haruna/home/byte_data_seed/lf_lq/speech/user/huangzhiying.92/data/bigtts/WFVAE_v2_labv3_punc_1879h/libritts_clean_460/LibriTTS_train-clean-360_2039/chunk*/*.tar
hdfs://haruna/home/byte_data_seed/lf_lq/speech/user/huangzhiying.92/data/bigtts/WFVAE_v2_labv3_punc_1879h/libritts_clean_460/LibriTTS_train-clean-360_203/chunk*/*.tar
hdfs://haruna/home/byte_data_seed/lf_lq/speech/user/huangzhiying.92/data/bigtts/WFVAE_v2_labv3_punc_1879h/libritts_clean_460/LibriTTS_train-clean-360_2045/chunk*/*.tar
hdfs://haruna/home/byte_data_seed/lf_lq/speech/user/huangzhiying.92/data/bigtts/WFVAE_v2_labv3_punc_1879h/libritts_clean_460/LibriTTS_train-clean-360_204/chunk*/*.tar
hdfs://haruna/home/byte_data_seed/lf_lq/speech/user/huangzhiying.92/data/bigtts/WFVAE_v2_labv3_punc_1879h/libritts_clean_460/LibriTTS_train-clean-360_2053/chunk*/*.tar
hdfs://haruna/home/byte_data_seed/lf_lq/speech/user/huangzhiying.92/data/bigtts/WFVAE_v2_labv3_punc_1879h/libritts_clean_460/LibriTTS_train-clean-360_2056/chunk*/*.tar
hdfs://haruna/home/byte_data_seed/lf_lq/speech/user/huangzhiying.92/data/bigtts/WFVAE_v2_labv3_punc_1879h/libritts_clean_460/LibriTTS_train-clean-360_205/chunk*/*.tar
hdfs://haruna/home/byte_data_seed/lf_lq/speech/user/huangzhiying.92/data/bigtts/WFVAE_v2_labv3_punc_1879h/libritts_clean_460/LibriTTS_train-clean-360_2060/chunk*/*.tar
hdfs://haruna/home/byte_data_seed/lf_lq/speech/user/huangzhiying.92/data/bigtts/WFVAE_v2_labv3_punc_1879h/libritts_clean_460/LibriTTS_train-clean-360_2061/chunk*/*.tar
hdfs://haruna/home/byte_data_seed/lf_lq/speech/user/huangzhiying.92/data/bigtts/WFVAE_v2_labv3_punc_1879h/libritts_clean_460/LibriTTS_train-clean-360_2074/chunk*/*.tar
hdfs://haruna/home/byte_data_seed/lf_lq/speech/user/huangzhiying.92/data/bigtts/WFVAE_v2_labv3_punc_1879h/libritts_clean_460/LibriTTS_train-clean-360_207/chunk*/*.tar
hdfs://haruna/home/byte_data_seed/lf_lq/speech/user/huangzhiying.92/data/bigtts/WFVAE_v2_labv3_punc_1879h/libritts_clean_460/LibriTTS_train-clean-360_2085/chunk*/*.tar
hdfs://haruna/home/byte_data_seed/lf_lq/speech/user/huangzhiying.92/data/bigtts/WFVAE_v2_labv3_punc_1879h/libritts_clean_460/LibriTTS_train-clean-360_208/chunk*/*.tar
hdfs://haruna/home/byte_data_seed/lf_lq/speech/user/huangzhiying.92/data/bigtts/WFVAE_v2_labv3_punc_1879h/libritts_clean_460/LibriTTS_train-clean-360_2093/chunk*/*.tar
hdfs://haruna/home/byte_data_seed/lf_lq/speech/user/huangzhiying.92/data/bigtts/WFVAE_v2_labv3_punc_1879h/libritts_clean_460/LibriTTS_train-clean-360_209/chunk*/*.tar
hdfs://haruna/home/byte_data_seed/lf_lq/speech/user/huangzhiying.92/data/bigtts/WFVAE_v2_labv3_punc_1879h/libritts_clean_460/LibriTTS_train-clean-360_210/chunk*/*.tar
hdfs://haruna/home/byte_data_seed/lf_lq/speech/user/huangzhiying.92/data/bigtts/WFVAE_v2_labv3_punc_1879h/libritts_clean_460/LibriTTS_train-clean-360_2110/chunk*/*.tar
hdfs://haruna/home/byte_data_seed/lf_lq/speech/user/huangzhiying.92/data/bigtts/WFVAE_v2_labv3_punc_1879h/libritts_clean_460/LibriTTS_train-clean-360_2113/chunk*/*.tar
hdfs://haruna/home/byte_data_seed/lf_lq/speech/user/huangzhiying.92/data/bigtts/WFVAE_v2_labv3_punc_1879h/libritts_clean_460/LibriTTS_train-clean-360_2127/chunk*/*.tar
hdfs://haruna/home/byte_data_seed/lf_lq/speech/user/huangzhiying.92/data/bigtts/WFVAE_v2_labv3_punc_1879h/libritts_clean_460/LibriTTS_train-clean-360_2137/chunk*/*.tar
hdfs://haruna/home/byte_data_seed/lf_lq/speech/user/huangzhiying.92/data/bigtts/WFVAE_v2_labv3_punc_1879h/libritts_clean_460/LibriTTS_train-clean-360_2146/chunk*/*.tar
hdfs://haruna/home/byte_data_seed/lf_lq/speech/user/huangzhiying.92/data/bigtts/WFVAE_v2_labv3_punc_1879h/libritts_clean_460/LibriTTS_train-clean-360_2149/chunk*/*.tar
hdfs://haruna/home/byte_data_seed/lf_lq/speech/user/huangzhiying.92/data/bigtts/WFVAE_v2_labv3_punc_1879h/libritts_clean_460/LibriTTS_train-clean-360_2156/chunk*/*.tar
hdfs://haruna/home/byte_data_seed/lf_lq/speech/user/huangzhiying.92/data/bigtts/WFVAE_v2_labv3_punc_1879h/libritts_clean_460/LibriTTS_train-clean-360_2162/chunk*/*.tar
hdfs://haruna/home/byte_data_seed/lf_lq/speech/user/huangzhiying.92/data/bigtts/WFVAE_v2_labv3_punc_1879h/libritts_clean_460/LibriTTS_train-clean-360_2167/chunk*/*.tar
hdfs://haruna/home/byte_data_seed/lf_lq/speech/user/huangzhiying.92/data/bigtts/WFVAE_v2_labv3_punc_1879h/libritts_clean_460/LibriTTS_train-clean-360_216/chunk*/*.tar
hdfs://haruna/home/byte_data_seed/lf_lq/speech/user/huangzhiying.92/data/bigtts/WFVAE_v2_labv3_punc_1879h/libritts_clean_460/LibriTTS_train-clean-360_217/chunk*/*.tar
hdfs://haruna/home/byte_data_seed/lf_lq/speech/user/huangzhiying.92/data/bigtts/WFVAE_v2_labv3_punc_1879h/libritts_clean_460/LibriTTS_train-clean-360_2194/chunk*/*.tar
hdfs://haruna/home/byte_data_seed/lf_lq/speech/user/huangzhiying.92/data/bigtts/WFVAE_v2_labv3_punc_1879h/libritts_clean_460/LibriTTS_train-clean-360_2201/chunk*/*.tar
hdfs://haruna/home/byte_data_seed/lf_lq/speech/user/huangzhiying.92/data/bigtts/WFVAE_v2_labv3_punc_1879h/libritts_clean_460/LibriTTS_train-clean-360_2204/chunk*/*.tar
hdfs://haruna/home/byte_data_seed/lf_lq/speech/user/huangzhiying.92/data/bigtts/WFVAE_v2_labv3_punc_1879h/libritts_clean_460/LibriTTS_train-clean-360_2229/chunk*/*.tar
hdfs://haruna/home/byte_data_seed/lf_lq/speech/user/huangzhiying.92/data/bigtts/WFVAE_v2_labv3_punc_1879h/libritts_clean_460/LibriTTS_train-clean-360_2230/chunk*/*.tar
hdfs://haruna/home/byte_data_seed/lf_lq/speech/user/huangzhiying.92/data/bigtts/WFVAE_v2_labv3_punc_1879h/libritts_clean_460/LibriTTS_train-clean-360_2238/chunk*/*.tar
hdfs://haruna/home/byte_data_seed/lf_lq/speech/user/huangzhiying.92/data/bigtts/WFVAE_v2_labv3_punc_1879h/libritts_clean_460/LibriTTS_train-clean-360_2240/chunk*/*.tar
hdfs://haruna/home/byte_data_seed/lf_lq/speech/user/huangzhiying.92/data/bigtts/WFVAE_v2_labv3_punc_1879h/libritts_clean_460/LibriTTS_train-clean-360_224/chunk*/*.tar
hdfs://haruna/home/byte_data_seed/lf_lq/speech/user/huangzhiying.92/data/bigtts/WFVAE_v2_labv3_punc_1879h/libritts_clean_460/LibriTTS_train-clean-360_2254/chunk*/*.tar
hdfs://haruna/home/byte_data_seed/lf_lq/speech/user/huangzhiying.92/data/bigtts/WFVAE_v2_labv3_punc_1879h/libritts_clean_460/LibriTTS_train-clean-360_2256/chunk*/*.tar
hdfs://haruna/home/byte_data_seed/lf_lq/speech/user/huangzhiying.92/data/bigtts/WFVAE_v2_labv3_punc_1879h/libritts_clean_460/LibriTTS_train-clean-360_225/chunk*/*.tar
hdfs://haruna/home/byte_data_seed/lf_lq/speech/user/huangzhiying.92/data/bigtts/WFVAE_v2_labv3_punc_1879h/libritts_clean_460/LibriTTS_train-clean-360_2269/chunk*/*.tar
hdfs://haruna/home/byte_data_seed/lf_lq/speech/user/huangzhiying.92/data/bigtts/WFVAE_v2_labv3_punc_1879h/libritts_clean_460/LibriTTS_train-clean-360_2272/chunk*/*.tar
hdfs://haruna/home/byte_data_seed/lf_lq/speech/user/huangzhiying.92/data/bigtts/WFVAE_v2_labv3_punc_1879h/libritts_clean_460/LibriTTS_train-clean-360_227/chunk*/*.tar
hdfs://haruna/home/byte_data_seed/lf_lq/speech/user/huangzhiying.92/data/bigtts/WFVAE_v2_labv3_punc_1879h/libritts_clean_460/LibriTTS_train-clean-360_2285/chunk*/*.tar
hdfs://haruna/home/byte_data_seed/lf_lq/speech/user/huangzhiying.92/data/bigtts/WFVAE_v2_labv3_punc_1879h/libritts_clean_460/LibriTTS_train-clean-360_2294/chunk*/*.tar
hdfs://haruna/home/byte_data_seed/lf_lq/speech/user/huangzhiying.92/data/bigtts/WFVAE_v2_labv3_punc_1879h/libritts_clean_460/LibriTTS_train-clean-360_2299/chunk*/*.tar
hdfs://haruna/home/byte_data_seed/lf_lq/speech/user/huangzhiying.92/data/bigtts/WFVAE_v2_labv3_punc_1879h/libritts_clean_460/LibriTTS_train-clean-360_22/chunk*/*.tar
hdfs://haruna/home/byte_data_seed/lf_lq/speech/user/huangzhiying.92/data/bigtts/WFVAE_v2_labv3_punc_1879h/libritts_clean_460/LibriTTS_train-clean-360_2319/chunk*/*.tar
hdfs://haruna/home/byte_data_seed/lf_lq/speech/user/huangzhiying.92/data/bigtts/WFVAE_v2_labv3_punc_1879h/libritts_clean_460/LibriTTS_train-clean-360_231/chunk*/*.tar
hdfs://haruna/home/byte_data_seed/lf_lq/speech/user/huangzhiying.92/data/bigtts/WFVAE_v2_labv3_punc_1879h/libritts_clean_460/LibriTTS_train-clean-360_2364/chunk*/*.tar
hdfs://haruna/home/byte_data_seed/lf_lq/speech/user/huangzhiying.92/data/bigtts/WFVAE_v2_labv3_punc_1879h/libritts_clean_460/LibriTTS_train-clean-360_2368/chunk*/*.tar
hdfs://haruna/home/byte_data_seed/lf_lq/speech/user/huangzhiying.92/data/bigtts/WFVAE_v2_labv3_punc_1879h/libritts_clean_460/LibriTTS_train-clean-360_2388/chunk*/*.tar
hdfs://haruna/home/byte_data_seed/lf_lq/speech/user/huangzhiying.92/data/bigtts/WFVAE_v2_labv3_punc_1879h/libritts_clean_460/LibriTTS_train-clean-360_2393/chunk*/*.tar
hdfs://haruna/home/byte_data_seed/lf_lq/speech/user/huangzhiying.92/data/bigtts/WFVAE_v2_labv3_punc_1879h/libritts_clean_460/LibriTTS_train-clean-360_2397/chunk*/*.tar
hdfs://haruna/home/byte_data_seed/lf_lq/speech/user/huangzhiying.92/data/bigtts/WFVAE_v2_labv3_punc_1879h/libritts_clean_460/LibriTTS_train-clean-360_2401/chunk*/*.tar
hdfs://haruna/home/byte_data_seed/lf_lq/speech/user/huangzhiying.92/data/bigtts/WFVAE_v2_labv3_punc_1879h/libritts_clean_460/LibriTTS_train-clean-360_2404/chunk*/*.tar
hdfs://haruna/home/byte_data_seed/lf_lq/speech/user/huangzhiying.92/data/bigtts/WFVAE_v2_labv3_punc_1879h/libritts_clean_460/LibriTTS_train-clean-360_240/chunk*/*.tar
hdfs://haruna/home/byte_data_seed/lf_lq/speech/user/huangzhiying.92/data/bigtts/WFVAE_v2_labv3_punc_1879h/libritts_clean_460/LibriTTS_train-clean-360_2411/chunk*/*.tar
hdfs://haruna/home/byte_data_seed/lf_lq/speech/user/huangzhiying.92/data/bigtts/WFVAE_v2_labv3_punc_1879h/libritts_clean_460/LibriTTS_train-clean-360_2427/chunk*/*.tar
hdfs://haruna/home/byte_data_seed/lf_lq/speech/user/huangzhiying.92/data/bigtts/WFVAE_v2_labv3_punc_1879h/libritts_clean_460/LibriTTS_train-clean-360_242/chunk*/*.tar
hdfs://haruna/home/byte_data_seed/lf_lq/speech/user/huangzhiying.92/data/bigtts/WFVAE_v2_labv3_punc_1879h/libritts_clean_460/LibriTTS_train-clean-360_246/chunk*/*.tar
hdfs://haruna/home/byte_data_seed/lf_lq/speech/user/huangzhiying.92/data/bigtts/WFVAE_v2_labv3_punc_1879h/libritts_clean_460/LibriTTS_train-clean-360_2473/chunk*/*.tar
hdfs://haruna/home/byte_data_seed/lf_lq/speech/user/huangzhiying.92/data/bigtts/WFVAE_v2_labv3_punc_1879h/libritts_clean_460/LibriTTS_train-clean-360_2481/chunk*/*.tar
hdfs://haruna/home/byte_data_seed/lf_lq/speech/user/huangzhiying.92/data/bigtts/WFVAE_v2_labv3_punc_1879h/libritts_clean_460/LibriTTS_train-clean-360_2494/chunk*/*.tar
hdfs://haruna/home/byte_data_seed/lf_lq/speech/user/huangzhiying.92/data/bigtts/WFVAE_v2_labv3_punc_1879h/libritts_clean_460/LibriTTS_train-clean-360_2498/chunk*/*.tar
hdfs://haruna/home/byte_data_seed/lf_lq/speech/user/huangzhiying.92/data/bigtts/WFVAE_v2_labv3_punc_1879h/libritts_clean_460/LibriTTS_train-clean-360_2499/chunk*/*.tar
hdfs://haruna/home/byte_data_seed/lf_lq/speech/user/huangzhiying.92/data/bigtts/WFVAE_v2_labv3_punc_1879h/libritts_clean_460/LibriTTS_train-clean-360_249/chunk*/*.tar
hdfs://haruna/home/byte_data_seed/lf_lq/speech/user/huangzhiying.92/data/bigtts/WFVAE_v2_labv3_punc_1879h/libritts_clean_460/LibriTTS_train-clean-360_2512/chunk*/*.tar
hdfs://haruna/home/byte_data_seed/lf_lq/speech/user/huangzhiying.92/data/bigtts/WFVAE_v2_labv3_punc_1879h/libritts_clean_460/LibriTTS_train-clean-360_2517/chunk*/*.tar
hdfs://haruna/home/byte_data_seed/lf_lq/speech/user/huangzhiying.92/data/bigtts/WFVAE_v2_labv3_punc_1879h/libritts_clean_460/LibriTTS_train-clean-360_2531/chunk*/*.tar
hdfs://haruna/home/byte_data_seed/lf_lq/speech/user/huangzhiying.92/data/bigtts/WFVAE_v2_labv3_punc_1879h/libritts_clean_460/LibriTTS_train-clean-360_2532/chunk*/*.tar
hdfs://haruna/home/byte_data_seed/lf_lq/speech/user/huangzhiying.92/data/bigtts/WFVAE_v2_labv3_punc_1879h/libritts_clean_460/LibriTTS_train-clean-360_2562/chunk*/*.tar
hdfs://haruna/home/byte_data_seed/lf_lq/speech/user/huangzhiying.92/data/bigtts/WFVAE_v2_labv3_punc_1879h/libritts_clean_460/LibriTTS_train-clean-360_2570/chunk*/*.tar
hdfs://haruna/home/byte_data_seed/lf_lq/speech/user/huangzhiying.92/data/bigtts/WFVAE_v2_labv3_punc_1879h/libritts_clean_460/LibriTTS_train-clean-360_2573/chunk*/*.tar
hdfs://haruna/home/byte_data_seed/lf_lq/speech/user/huangzhiying.92/data/bigtts/WFVAE_v2_labv3_punc_1879h/libritts_clean_460/LibriTTS_train-clean-360_2577/chunk*/*.tar
hdfs://haruna/home/byte_data_seed/lf_lq/speech/user/huangzhiying.92/data/bigtts/WFVAE_v2_labv3_punc_1879h/libritts_clean_460/LibriTTS_train-clean-360_2581/chunk*/*.tar
hdfs://haruna/home/byte_data_seed/lf_lq/speech/user/huangzhiying.92/data/bigtts/WFVAE_v2_labv3_punc_1879h/libritts_clean_460/LibriTTS_train-clean-360_2582/chunk*/*.tar
hdfs://haruna/home/byte_data_seed/lf_lq/speech/user/huangzhiying.92/data/bigtts/WFVAE_v2_labv3_punc_1879h/libritts_clean_460/LibriTTS_train-clean-360_2589/chunk*/*.tar
hdfs://haruna/home/byte_data_seed/lf_lq/speech/user/huangzhiying.92/data/bigtts/WFVAE_v2_labv3_punc_1879h/libritts_clean_460/LibriTTS_train-clean-360_258/chunk*/*.tar
hdfs://haruna/home/byte_data_seed/lf_lq/speech/user/huangzhiying.92/data/bigtts/WFVAE_v2_labv3_punc_1879h/libritts_clean_460/LibriTTS_train-clean-360_2592/chunk*/*.tar
hdfs://haruna/home/byte_data_seed/lf_lq/speech/user/huangzhiying.92/data/bigtts/WFVAE_v2_labv3_punc_1879h/libritts_clean_460/LibriTTS_train-clean-360_2598/chunk*/*.tar
hdfs://haruna/home/byte_data_seed/lf_lq/speech/user/huangzhiying.92/data/bigtts/WFVAE_v2_labv3_punc_1879h/libritts_clean_460/LibriTTS_train-clean-360_2618/chunk*/*.tar
hdfs://haruna/home/byte_data_seed/lf_lq/speech/user/huangzhiying.92/data/bigtts/WFVAE_v2_labv3_punc_1879h/libritts_clean_460/LibriTTS_train-clean-360_2628/chunk*/*.tar
hdfs://haruna/home/byte_data_seed/lf_lq/speech/user/huangzhiying.92/data/bigtts/WFVAE_v2_labv3_punc_1879h/libritts_clean_460/LibriTTS_train-clean-360_2638/chunk*/*.tar
hdfs://haruna/home/byte_data_seed/lf_lq/speech/user/huangzhiying.92/data/bigtts/WFVAE_v2_labv3_punc_1879h/libritts_clean_460/LibriTTS_train-clean-360_2652/chunk*/*.tar
hdfs://haruna/home/byte_data_seed/lf_lq/speech/user/huangzhiying.92/data/bigtts/WFVAE_v2_labv3_punc_1879h/libritts_clean_460/LibriTTS_train-clean-360_2654/chunk*/*.tar
hdfs://haruna/home/byte_data_seed/lf_lq/speech/user/huangzhiying.92/data/bigtts/WFVAE_v2_labv3_punc_1879h/libritts_clean_460/LibriTTS_train-clean-360_2673/chunk*/*.tar
hdfs://haruna/home/byte_data_seed/lf_lq/speech/user/huangzhiying.92/data/bigtts/WFVAE_v2_labv3_punc_1879h/libritts_clean_460/LibriTTS_train-clean-360_2674/chunk*/*.tar
hdfs://haruna/home/byte_data_seed/lf_lq/speech/user/huangzhiying.92/data/bigtts/WFVAE_v2_labv3_punc_1879h/libritts_clean_460/LibriTTS_train-clean-360_2688/chunk*/*.tar
hdfs://haruna/home/byte_data_seed/lf_lq/speech/user/huangzhiying.92/data/bigtts/WFVAE_v2_labv3_punc_1879h/libritts_clean_460/LibriTTS_train-clean-360_2696/chunk*/*.tar
hdfs://haruna/home/byte_data_seed/lf_lq/speech/user/huangzhiying.92/data/bigtts/WFVAE_v2_labv3_punc_1879h/libritts_clean_460/LibriTTS_train-clean-360_2709/chunk*/*.tar
hdfs://haruna/home/byte_data_seed/lf_lq/speech/user/huangzhiying.92/data/bigtts/WFVAE_v2_labv3_punc_1879h/libritts_clean_460/LibriTTS_train-clean-360_272/chunk*/*.tar
hdfs://haruna/home/byte_data_seed/lf_lq/speech/user/huangzhiying.92/data/bigtts/WFVAE_v2_labv3_punc_1879h/libritts_clean_460/LibriTTS_train-clean-360_2741/chunk*/*.tar
hdfs://haruna/home/byte_data_seed/lf_lq/speech/user/huangzhiying.92/data/bigtts/WFVAE_v2_labv3_punc_1879h/libritts_clean_460/LibriTTS_train-clean-360_274/chunk*/*.tar
hdfs://haruna/home/byte_data_seed/lf_lq/speech/user/huangzhiying.92/data/bigtts/WFVAE_v2_labv3_punc_1879h/libritts_clean_460/LibriTTS_train-clean-360_2751/chunk*/*.tar
hdfs://haruna/home/byte_data_seed/lf_lq/speech/user/huangzhiying.92/data/bigtts/WFVAE_v2_labv3_punc_1879h/libritts_clean_460/LibriTTS_train-clean-360_2758/chunk*/*.tar
hdfs://haruna/home/byte_data_seed/lf_lq/speech/user/huangzhiying.92/data/bigtts/WFVAE_v2_labv3_punc_1879h/libritts_clean_460/LibriTTS_train-clean-360_2769/chunk*/*.tar
hdfs://haruna/home/byte_data_seed/lf_lq/speech/user/huangzhiying.92/data/bigtts/WFVAE_v2_labv3_punc_1879h/libritts_clean_460/LibriTTS_train-clean-360_2774/chunk*/*.tar
hdfs://haruna/home/byte_data_seed/lf_lq/speech/user/huangzhiying.92/data/bigtts/WFVAE_v2_labv3_punc_1879h/libritts_clean_460/LibriTTS_train-clean-360_2775/chunk*/*.tar
hdfs://haruna/home/byte_data_seed/lf_lq/speech/user/huangzhiying.92/data/bigtts/WFVAE_v2_labv3_punc_1879h/libritts_clean_460/LibriTTS_train-clean-360_2785/chunk*/*.tar
hdfs://haruna/home/byte_data_seed/lf_lq/speech/user/huangzhiying.92/data/bigtts/WFVAE_v2_labv3_punc_1879h/libritts_clean_460/LibriTTS_train-clean-360_2787/chunk*/*.tar
hdfs://haruna/home/byte_data_seed/lf_lq/speech/user/huangzhiying.92/data/bigtts/WFVAE_v2_labv3_punc_1879h/libritts_clean_460/LibriTTS_train-clean-360_278/chunk*/*.tar
hdfs://haruna/home/byte_data_seed/lf_lq/speech/user/huangzhiying.92/data/bigtts/WFVAE_v2_labv3_punc_1879h/libritts_clean_460/LibriTTS_train-clean-360_2790/chunk*/*.tar
hdfs://haruna/home/byte_data_seed/lf_lq/speech/user/huangzhiying.92/data/bigtts/WFVAE_v2_labv3_punc_1879h/libritts_clean_460/LibriTTS_train-clean-360_2812/chunk*/*.tar
hdfs://haruna/home/byte_data_seed/lf_lq/speech/user/huangzhiying.92/data/bigtts/WFVAE_v2_labv3_punc_1879h/libritts_clean_460/LibriTTS_train-clean-360_2816/chunk*/*.tar
hdfs://haruna/home/byte_data_seed/lf_lq/speech/user/huangzhiying.92/data/bigtts/WFVAE_v2_labv3_punc_1879h/libritts_clean_460/LibriTTS_train-clean-360_2823/chunk*/*.tar
hdfs://haruna/home/byte_data_seed/lf_lq/speech/user/huangzhiying.92/data/bigtts/WFVAE_v2_labv3_punc_1879h/libritts_clean_460/LibriTTS_train-clean-360_2827/chunk*/*.tar
hdfs://haruna/home/byte_data_seed/lf_lq/speech/user/huangzhiying.92/data/bigtts/WFVAE_v2_labv3_punc_1879h/libritts_clean_460/LibriTTS_train-clean-360_2853/chunk*/*.tar
hdfs://haruna/home/byte_data_seed/lf_lq/speech/user/huangzhiying.92/data/bigtts/WFVAE_v2_labv3_punc_1879h/libritts_clean_460/LibriTTS_train-clean-360_2882/chunk*/*.tar
hdfs://haruna/home/byte_data_seed/lf_lq/speech/user/huangzhiying.92/data/bigtts/WFVAE_v2_labv3_punc_1879h/libritts_clean_460/LibriTTS_train-clean-360_288/chunk*/*.tar
hdfs://haruna/home/byte_data_seed/lf_lq/speech/user/huangzhiying.92/data/bigtts/WFVAE_v2_labv3_punc_1879h/libritts_clean_460/LibriTTS_train-clean-360_28/chunk*/*.tar
hdfs://haruna/home/byte_data_seed/lf_lq/speech/user/huangzhiying.92/data/bigtts/WFVAE_v2_labv3_punc_1879h/libritts_clean_460/LibriTTS_train-clean-360_2920/chunk*/*.tar
hdfs://haruna/home/byte_data_seed/lf_lq/speech/user/huangzhiying.92/data/bigtts/WFVAE_v2_labv3_punc_1879h/libritts_clean_460/LibriTTS_train-clean-360_2929/chunk*/*.tar
hdfs://haruna/home/byte_data_seed/lf_lq/speech/user/huangzhiying.92/data/bigtts/WFVAE_v2_labv3_punc_1879h/libritts_clean_460/LibriTTS_train-clean-360_2960/chunk*/*.tar
hdfs://haruna/home/byte_data_seed/lf_lq/speech/user/huangzhiying.92/data/bigtts/WFVAE_v2_labv3_punc_1879h/libritts_clean_460/LibriTTS_train-clean-360_296/chunk*/*.tar
hdfs://haruna/home/byte_data_seed/lf_lq/speech/user/huangzhiying.92/data/bigtts/WFVAE_v2_labv3_punc_1879h/libritts_clean_460/LibriTTS_train-clean-360_2971/chunk*/*.tar
hdfs://haruna/home/byte_data_seed/lf_lq/speech/user/huangzhiying.92/data/bigtts/WFVAE_v2_labv3_punc_1879h/libritts_clean_460/LibriTTS_train-clean-360_2992/chunk*/*.tar
hdfs://haruna/home/byte_data_seed/lf_lq/speech/user/huangzhiying.92/data/bigtts/WFVAE_v2_labv3_punc_1879h/libritts_clean_460/LibriTTS_train-clean-360_2999/chunk*/*.tar
hdfs://haruna/home/byte_data_seed/lf_lq/speech/user/huangzhiying.92/data/bigtts/WFVAE_v2_labv3_punc_1879h/libritts_clean_460/LibriTTS_train-clean-360_3001/chunk*/*.tar
hdfs://haruna/home/byte_data_seed/lf_lq/speech/user/huangzhiying.92/data/bigtts/WFVAE_v2_labv3_punc_1879h/libritts_clean_460/LibriTTS_train-clean-360_3003/chunk*/*.tar
hdfs://haruna/home/byte_data_seed/lf_lq/speech/user/huangzhiying.92/data/bigtts/WFVAE_v2_labv3_punc_1879h/libritts_clean_460/LibriTTS_train-clean-360_3008/chunk*/*.tar
hdfs://haruna/home/byte_data_seed/lf_lq/speech/user/huangzhiying.92/data/bigtts/WFVAE_v2_labv3_punc_1879h/libritts_clean_460/LibriTTS_train-clean-360_3009/chunk*/*.tar
hdfs://haruna/home/byte_data_seed/lf_lq/speech/user/huangzhiying.92/data/bigtts/WFVAE_v2_labv3_punc_1879h/libritts_clean_460/LibriTTS_train-clean-360_3025/chunk*/*.tar
hdfs://haruna/home/byte_data_seed/lf_lq/speech/user/huangzhiying.92/data/bigtts/WFVAE_v2_labv3_punc_1879h/libritts_clean_460/LibriTTS_train-clean-360_3032/chunk*/*.tar
hdfs://haruna/home/byte_data_seed/lf_lq/speech/user/huangzhiying.92/data/bigtts/WFVAE_v2_labv3_punc_1879h/libritts_clean_460/LibriTTS_train-clean-360_303/chunk*/*.tar
hdfs://haruna/home/byte_data_seed/lf_lq/speech/user/huangzhiying.92/data/bigtts/WFVAE_v2_labv3_punc_1879h/libritts_clean_460/LibriTTS_train-clean-360_3046/chunk*/*.tar
hdfs://haruna/home/byte_data_seed/lf_lq/speech/user/huangzhiying.92/data/bigtts/WFVAE_v2_labv3_punc_1879h/libritts_clean_460/LibriTTS_train-clean-360_3070/chunk*/*.tar
hdfs://haruna/home/byte_data_seed/lf_lq/speech/user/huangzhiying.92/data/bigtts/WFVAE_v2_labv3_punc_1879h/libritts_clean_460/LibriTTS_train-clean-360_3072/chunk*/*.tar
hdfs://haruna/home/byte_data_seed/lf_lq/speech/user/huangzhiying.92/data/bigtts/WFVAE_v2_labv3_punc_1879h/libritts_clean_460/LibriTTS_train-clean-360_3082/chunk*/*.tar
hdfs://haruna/home/byte_data_seed/lf_lq/speech/user/huangzhiying.92/data/bigtts/WFVAE_v2_labv3_punc_1879h/libritts_clean_460/LibriTTS_train-clean-360_3083/chunk*/*.tar
hdfs://haruna/home/byte_data_seed/lf_lq/speech/user/huangzhiying.92/data/bigtts/WFVAE_v2_labv3_punc_1879h/libritts_clean_460/LibriTTS_train-clean-360_3094/chunk*/*.tar
hdfs://haruna/home/byte_data_seed/lf_lq/speech/user/huangzhiying.92/data/bigtts/WFVAE_v2_labv3_punc_1879h/libritts_clean_460/LibriTTS_train-clean-360_30/chunk*/*.tar
hdfs://haruna/home/byte_data_seed/lf_lq/speech/user/huangzhiying.92/data/bigtts/WFVAE_v2_labv3_punc_1879h/libritts_clean_460/LibriTTS_train-clean-360_3105/chunk*/*.tar
hdfs://haruna/home/byte_data_seed/lf_lq/speech/user/huangzhiying.92/data/bigtts/WFVAE_v2_labv3_punc_1879h/libritts_clean_460/LibriTTS_train-clean-360_3114/chunk*/*.tar
hdfs://haruna/home/byte_data_seed/lf_lq/speech/user/huangzhiying.92/data/bigtts/WFVAE_v2_labv3_punc_1879h/libritts_clean_460/LibriTTS_train-clean-360_3118/chunk*/*.tar
hdfs://haruna/home/byte_data_seed/lf_lq/speech/user/huangzhiying.92/data/bigtts/WFVAE_v2_labv3_punc_1879h/libritts_clean_460/LibriTTS_train-clean-360_3119/chunk*/*.tar
hdfs://haruna/home/byte_data_seed/lf_lq/speech/user/huangzhiying.92/data/bigtts/WFVAE_v2_labv3_punc_1879h/libritts_clean_460/LibriTTS_train-clean-360_3157/chunk*/*.tar
hdfs://haruna/home/byte_data_seed/lf_lq/speech/user/huangzhiying.92/data/bigtts/WFVAE_v2_labv3_punc_1879h/libritts_clean_460/LibriTTS_train-clean-360_3171/chunk*/*.tar
hdfs://haruna/home/byte_data_seed/lf_lq/speech/user/huangzhiying.92/data/bigtts/WFVAE_v2_labv3_punc_1879h/libritts_clean_460/LibriTTS_train-clean-360_3180/chunk*/*.tar
hdfs://haruna/home/byte_data_seed/lf_lq/speech/user/huangzhiying.92/data/bigtts/WFVAE_v2_labv3_punc_1879h/libritts_clean_460/LibriTTS_train-clean-360_3185/chunk*/*.tar
hdfs://haruna/home/byte_data_seed/lf_lq/speech/user/huangzhiying.92/data/bigtts/WFVAE_v2_labv3_punc_1879h/libritts_clean_460/LibriTTS_train-clean-360_3187/chunk*/*.tar
hdfs://haruna/home/byte_data_seed/lf_lq/speech/user/huangzhiying.92/data/bigtts/WFVAE_v2_labv3_punc_1879h/libritts_clean_460/LibriTTS_train-clean-360_318/chunk*/*.tar
hdfs://haruna/home/byte_data_seed/lf_lq/speech/user/huangzhiying.92/data/bigtts/WFVAE_v2_labv3_punc_1879h/libritts_clean_460/LibriTTS_train-clean-360_3215/chunk*/*.tar
hdfs://haruna/home/byte_data_seed/lf_lq/speech/user/huangzhiying.92/data/bigtts/WFVAE_v2_labv3_punc_1879h/libritts_clean_460/LibriTTS_train-clean-360_3221/chunk*/*.tar
hdfs://haruna/home/byte_data_seed/lf_lq/speech/user/huangzhiying.92/data/bigtts/WFVAE_v2_labv3_punc_1879h/libritts_clean_460/LibriTTS_train-clean-360_3224/chunk*/*.tar
hdfs://haruna/home/byte_data_seed/lf_lq/speech/user/huangzhiying.92/data/bigtts/WFVAE_v2_labv3_punc_1879h/libritts_clean_460/LibriTTS_train-clean-360_3228/chunk*/*.tar
hdfs://haruna/home/byte_data_seed/lf_lq/speech/user/huangzhiying.92/data/bigtts/WFVAE_v2_labv3_punc_1879h/libritts_clean_460/LibriTTS_train-clean-360_3230/chunk*/*.tar
hdfs://haruna/home/byte_data_seed/lf_lq/speech/user/huangzhiying.92/data/bigtts/WFVAE_v2_labv3_punc_1879h/libritts_clean_460/LibriTTS_train-clean-360_323/chunk*/*.tar
hdfs://haruna/home/byte_data_seed/lf_lq/speech/user/huangzhiying.92/data/bigtts/WFVAE_v2_labv3_punc_1879h/libritts_clean_460/LibriTTS_train-clean-360_3258/chunk*/*.tar
hdfs://haruna/home/byte_data_seed/lf_lq/speech/user/huangzhiying.92/data/bigtts/WFVAE_v2_labv3_punc_1879h/libritts_clean_460/LibriTTS_train-clean-360_3274/chunk*/*.tar
hdfs://haruna/home/byte_data_seed/lf_lq/speech/user/huangzhiying.92/data/bigtts/WFVAE_v2_labv3_punc_1879h/libritts_clean_460/LibriTTS_train-clean-360_3289/chunk*/*.tar
hdfs://haruna/home/byte_data_seed/lf_lq/speech/user/huangzhiying.92/data/bigtts/WFVAE_v2_labv3_punc_1879h/libritts_clean_460/LibriTTS_train-clean-360_3294/chunk*/*.tar
hdfs://haruna/home/byte_data_seed/lf_lq/speech/user/huangzhiying.92/data/bigtts/WFVAE_v2_labv3_punc_1879h/libritts_clean_460/LibriTTS_train-clean-360_329/chunk*/*.tar
hdfs://haruna/home/byte_data_seed/lf_lq/speech/user/huangzhiying.92/data/bigtts/WFVAE_v2_labv3_punc_1879h/libritts_clean_460/LibriTTS_train-clean-360_3307/chunk*/*.tar
hdfs://haruna/home/byte_data_seed/lf_lq/speech/user/huangzhiying.92/data/bigtts/WFVAE_v2_labv3_punc_1879h/libritts_clean_460/LibriTTS_train-clean-360_3328/chunk*/*.tar
hdfs://haruna/home/byte_data_seed/lf_lq/speech/user/huangzhiying.92/data/bigtts/WFVAE_v2_labv3_punc_1879h/libritts_clean_460/LibriTTS_train-clean-360_3330/chunk*/*.tar
hdfs://haruna/home/byte_data_seed/lf_lq/speech/user/huangzhiying.92/data/bigtts/WFVAE_v2_labv3_punc_1879h/libritts_clean_460/LibriTTS_train-clean-360_3340/chunk*/*.tar
hdfs://haruna/home/byte_data_seed/lf_lq/speech/user/huangzhiying.92/data/bigtts/WFVAE_v2_labv3_punc_1879h/libritts_clean_460/LibriTTS_train-clean-360_3357/chunk*/*.tar
hdfs://haruna/home/byte_data_seed/lf_lq/speech/user/huangzhiying.92/data/bigtts/WFVAE_v2_labv3_punc_1879h/libritts_clean_460/LibriTTS_train-clean-360_335/chunk*/*.tar
hdfs://haruna/home/byte_data_seed/lf_lq/speech/user/huangzhiying.92/data/bigtts/WFVAE_v2_labv3_punc_1879h/libritts_clean_460/LibriTTS_train-clean-360_3361/chunk*/*.tar
hdfs://haruna/home/byte_data_seed/lf_lq/speech/user/huangzhiying.92/data/bigtts/WFVAE_v2_labv3_punc_1879h/libritts_clean_460/LibriTTS_train-clean-360_3368/chunk*/*.tar
hdfs://haruna/home/byte_data_seed/lf_lq/speech/user/huangzhiying.92/data/bigtts/WFVAE_v2_labv3_punc_1879h/libritts_clean_460/LibriTTS_train-clean-360_3370/chunk*/*.tar
hdfs://haruna/home/byte_data_seed/lf_lq/speech/user/huangzhiying.92/data/bigtts/WFVAE_v2_labv3_punc_1879h/libritts_clean_460/LibriTTS_train-clean-360_3379/chunk*/*.tar
hdfs://haruna/home/byte_data_seed/lf_lq/speech/user/huangzhiying.92/data/bigtts/WFVAE_v2_labv3_punc_1879h/libritts_clean_460/LibriTTS_train-clean-360_337/chunk*/*.tar
hdfs://haruna/home/byte_data_seed/lf_lq/speech/user/huangzhiying.92/data/bigtts/WFVAE_v2_labv3_punc_1879h/libritts_clean_460/LibriTTS_train-clean-360_3380/chunk*/*.tar
hdfs://haruna/home/byte_data_seed/lf_lq/speech/user/huangzhiying.92/data/bigtts/WFVAE_v2_labv3_punc_1879h/libritts_clean_460/LibriTTS_train-clean-360_3389/chunk*/*.tar
hdfs://haruna/home/byte_data_seed/lf_lq/speech/user/huangzhiying.92/data/bigtts/WFVAE_v2_labv3_punc_1879h/libritts_clean_460/LibriTTS_train-clean-360_339/chunk*/*.tar
hdfs://haruna/home/byte_data_seed/lf_lq/speech/user/huangzhiying.92/data/bigtts/WFVAE_v2_labv3_punc_1879h/libritts_clean_460/LibriTTS_train-clean-360_340/chunk*/*.tar
hdfs://haruna/home/byte_data_seed/lf_lq/speech/user/huangzhiying.92/data/bigtts/WFVAE_v2_labv3_punc_1879h/libritts_clean_460/LibriTTS_train-clean-360_3446/chunk*/*.tar
hdfs://haruna/home/byte_data_seed/lf_lq/speech/user/huangzhiying.92/data/bigtts/WFVAE_v2_labv3_punc_1879h/libritts_clean_460/LibriTTS_train-clean-360_3448/chunk*/*.tar
hdfs://haruna/home/byte_data_seed/lf_lq/speech/user/huangzhiying.92/data/bigtts/WFVAE_v2_labv3_punc_1879h/libritts_clean_460/LibriTTS_train-clean-360_345/chunk*/*.tar
hdfs://haruna/home/byte_data_seed/lf_lq/speech/user/huangzhiying.92/data/bigtts/WFVAE_v2_labv3_punc_1879h/libritts_clean_460/LibriTTS_train-clean-360_3482/chunk*/*.tar
hdfs://haruna/home/byte_data_seed/lf_lq/speech/user/huangzhiying.92/data/bigtts/WFVAE_v2_labv3_punc_1879h/libritts_clean_460/LibriTTS_train-clean-360_3483/chunk*/*.tar
hdfs://haruna/home/byte_data_seed/lf_lq/speech/user/huangzhiying.92/data/bigtts/WFVAE_v2_labv3_punc_1879h/libritts_clean_460/LibriTTS_train-clean-360_3490/chunk*/*.tar
hdfs://haruna/home/byte_data_seed/lf_lq/speech/user/huangzhiying.92/data/bigtts/WFVAE_v2_labv3_punc_1879h/libritts_clean_460/LibriTTS_train-clean-360_3493/chunk*/*.tar
hdfs://haruna/home/byte_data_seed/lf_lq/speech/user/huangzhiying.92/data/bigtts/WFVAE_v2_labv3_punc_1879h/libritts_clean_460/LibriTTS_train-clean-360_3513/chunk*/*.tar
hdfs://haruna/home/byte_data_seed/lf_lq/speech/user/huangzhiying.92/data/bigtts/WFVAE_v2_labv3_punc_1879h/libritts_clean_460/LibriTTS_train-clean-360_3521/chunk*/*.tar
hdfs://haruna/home/byte_data_seed/lf_lq/speech/user/huangzhiying.92/data/bigtts/WFVAE_v2_labv3_punc_1879h/libritts_clean_460/LibriTTS_train-clean-360_3537/chunk*/*.tar
hdfs://haruna/home/byte_data_seed/lf_lq/speech/user/huangzhiying.92/data/bigtts/WFVAE_v2_labv3_punc_1879h/libritts_clean_460/LibriTTS_train-clean-360_353/chunk*/*.tar
hdfs://haruna/home/byte_data_seed/lf_lq/speech/user/huangzhiying.92/data/bigtts/WFVAE_v2_labv3_punc_1879h/libritts_clean_460/LibriTTS_train-clean-360_3540/chunk*/*.tar
hdfs://haruna/home/byte_data_seed/lf_lq/speech/user/huangzhiying.92/data/bigtts/WFVAE_v2_labv3_punc_1879h/libritts_clean_460/LibriTTS_train-clean-360_3546/chunk*/*.tar
hdfs://haruna/home/byte_data_seed/lf_lq/speech/user/huangzhiying.92/data/bigtts/WFVAE_v2_labv3_punc_1879h/libritts_clean_460/LibriTTS_train-clean-360_3549/chunk*/*.tar
hdfs://haruna/home/byte_data_seed/lf_lq/speech/user/huangzhiying.92/data/bigtts/WFVAE_v2_labv3_punc_1879h/libritts_clean_460/LibriTTS_train-clean-360_3551/chunk*/*.tar
hdfs://haruna/home/byte_data_seed/lf_lq/speech/user/huangzhiying.92/data/bigtts/WFVAE_v2_labv3_punc_1879h/libritts_clean_460/LibriTTS_train-clean-360_3584/chunk*/*.tar
hdfs://haruna/home/byte_data_seed/lf_lq/speech/user/huangzhiying.92/data/bigtts/WFVAE_v2_labv3_punc_1879h/libritts_clean_460/LibriTTS_train-clean-360_359/chunk*/*.tar
hdfs://haruna/home/byte_data_seed/lf_lq/speech/user/huangzhiying.92/data/bigtts/WFVAE_v2_labv3_punc_1879h/libritts_clean_460/LibriTTS_train-clean-360_3615/chunk*/*.tar
hdfs://haruna/home/byte_data_seed/lf_lq/speech/user/huangzhiying.92/data/bigtts/WFVAE_v2_labv3_punc_1879h/libritts_clean_460/LibriTTS_train-clean-360_362/chunk*/*.tar
hdfs://haruna/home/byte_data_seed/lf_lq/speech/user/huangzhiying.92/data/bigtts/WFVAE_v2_labv3_punc_1879h/libritts_clean_460/LibriTTS_train-clean-360_3630/chunk*/*.tar
hdfs://haruna/home/byte_data_seed/lf_lq/speech/user/huangzhiying.92/data/bigtts/WFVAE_v2_labv3_punc_1879h/libritts_clean_460/LibriTTS_train-clean-360_3638/chunk*/*.tar
hdfs://haruna/home/byte_data_seed/lf_lq/speech/user/huangzhiying.92/data/bigtts/WFVAE_v2_labv3_punc_1879h/libritts_clean_460/LibriTTS_train-clean-360_3645/chunk*/*.tar
hdfs://haruna/home/byte_data_seed/lf_lq/speech/user/huangzhiying.92/data/bigtts/WFVAE_v2_labv3_punc_1879h/libritts_clean_460/LibriTTS_train-clean-360_3654/chunk*/*.tar
hdfs://haruna/home/byte_data_seed/lf_lq/speech/user/huangzhiying.92/data/bigtts/WFVAE_v2_labv3_punc_1879h/libritts_clean_460/LibriTTS_train-clean-360_3686/chunk*/*.tar
hdfs://haruna/home/byte_data_seed/lf_lq/speech/user/huangzhiying.92/data/bigtts/WFVAE_v2_labv3_punc_1879h/libritts_clean_460/LibriTTS_train-clean-360_369/chunk*/*.tar
hdfs://haruna/home/byte_data_seed/lf_lq/speech/user/huangzhiying.92/data/bigtts/WFVAE_v2_labv3_punc_1879h/libritts_clean_460/LibriTTS_train-clean-360_3703/chunk*/*.tar
hdfs://haruna/home/byte_data_seed/lf_lq/speech/user/huangzhiying.92/data/bigtts/WFVAE_v2_labv3_punc_1879h/libritts_clean_460/LibriTTS_train-clean-360_3717/chunk*/*.tar
hdfs://haruna/home/byte_data_seed/lf_lq/speech/user/huangzhiying.92/data/bigtts/WFVAE_v2_labv3_punc_1879h/libritts_clean_460/LibriTTS_train-clean-360_3728/chunk*/*.tar
hdfs://haruna/home/byte_data_seed/lf_lq/speech/user/huangzhiying.92/data/bigtts/WFVAE_v2_labv3_punc_1879h/libritts_clean_460/LibriTTS_train-clean-360_3733/chunk*/*.tar
hdfs://haruna/home/byte_data_seed/lf_lq/speech/user/huangzhiying.92/data/bigtts/WFVAE_v2_labv3_punc_1879h/libritts_clean_460/LibriTTS_train-clean-360_3738/chunk*/*.tar
hdfs://haruna/home/byte_data_seed/lf_lq/speech/user/huangzhiying.92/data/bigtts/WFVAE_v2_labv3_punc_1879h/libritts_clean_460/LibriTTS_train-clean-360_373/chunk*/*.tar
hdfs://haruna/home/byte_data_seed/lf_lq/speech/user/huangzhiying.92/data/bigtts/WFVAE_v2_labv3_punc_1879h/libritts_clean_460/LibriTTS_train-clean-360_3781/chunk*/*.tar
hdfs://haruna/home/byte_data_seed/lf_lq/speech/user/huangzhiying.92/data/bigtts/WFVAE_v2_labv3_punc_1879h/libritts_clean_460/LibriTTS_train-clean-360_3790/chunk*/*.tar
hdfs://haruna/home/byte_data_seed/lf_lq/speech/user/huangzhiying.92/data/bigtts/WFVAE_v2_labv3_punc_1879h/libritts_clean_460/LibriTTS_train-clean-360_3792/chunk*/*.tar
hdfs://haruna/home/byte_data_seed/lf_lq/speech/user/huangzhiying.92/data/bigtts/WFVAE_v2_labv3_punc_1879h/libritts_clean_460/LibriTTS_train-clean-360_380/chunk*/*.tar
hdfs://haruna/home/byte_data_seed/lf_lq/speech/user/huangzhiying.92/data/bigtts/WFVAE_v2_labv3_punc_1879h/libritts_clean_460/LibriTTS_train-clean-360_3816/chunk*/*.tar
hdfs://haruna/home/byte_data_seed/lf_lq/speech/user/huangzhiying.92/data/bigtts/WFVAE_v2_labv3_punc_1879h/libritts_clean_460/LibriTTS_train-clean-360_3825/chunk*/*.tar
hdfs://haruna/home/byte_data_seed/lf_lq/speech/user/huangzhiying.92/data/bigtts/WFVAE_v2_labv3_punc_1879h/libritts_clean_460/LibriTTS_train-clean-360_3835/chunk*/*.tar
hdfs://haruna/home/byte_data_seed/lf_lq/speech/user/huangzhiying.92/data/bigtts/WFVAE_v2_labv3_punc_1879h/libritts_clean_460/LibriTTS_train-clean-360_3851/chunk*/*.tar
hdfs://haruna/home/byte_data_seed/lf_lq/speech/user/huangzhiying.92/data/bigtts/WFVAE_v2_labv3_punc_1879h/libritts_clean_460/LibriTTS_train-clean-360_3852/chunk*/*.tar
hdfs://haruna/home/byte_data_seed/lf_lq/speech/user/huangzhiying.92/data/bigtts/WFVAE_v2_labv3_punc_1879h/libritts_clean_460/LibriTTS_train-clean-360_3864/chunk*/*.tar
hdfs://haruna/home/byte_data_seed/lf_lq/speech/user/huangzhiying.92/data/bigtts/WFVAE_v2_labv3_punc_1879h/libritts_clean_460/LibriTTS_train-clean-360_3866/chunk*/*.tar
hdfs://haruna/home/byte_data_seed/lf_lq/speech/user/huangzhiying.92/data/bigtts/WFVAE_v2_labv3_punc_1879h/libritts_clean_460/LibriTTS_train-clean-360_3869/chunk*/*.tar
hdfs://haruna/home/byte_data_seed/lf_lq/speech/user/huangzhiying.92/data/bigtts/WFVAE_v2_labv3_punc_1879h/libritts_clean_460/LibriTTS_train-clean-360_3876/chunk*/*.tar
hdfs://haruna/home/byte_data_seed/lf_lq/speech/user/huangzhiying.92/data/bigtts/WFVAE_v2_labv3_punc_1879h/libritts_clean_460/LibriTTS_train-clean-360_3889/chunk*/*.tar
hdfs://haruna/home/byte_data_seed/lf_lq/speech/user/huangzhiying.92/data/bigtts/WFVAE_v2_labv3_punc_1879h/libritts_clean_460/LibriTTS_train-clean-360_38/chunk*/*.tar
hdfs://haruna/home/byte_data_seed/lf_lq/speech/user/huangzhiying.92/data/bigtts/WFVAE_v2_labv3_punc_1879h/libritts_clean_460/LibriTTS_train-clean-360_3905/chunk*/*.tar
hdfs://haruna/home/byte_data_seed/lf_lq/speech/user/huangzhiying.92/data/bigtts/WFVAE_v2_labv3_punc_1879h/libritts_clean_460/LibriTTS_train-clean-360_3914/chunk*/*.tar
hdfs://haruna/home/byte_data_seed/lf_lq/speech/user/huangzhiying.92/data/bigtts/WFVAE_v2_labv3_punc_1879h/libritts_clean_460/LibriTTS_train-clean-360_3922/chunk*/*.tar
hdfs://haruna/home/byte_data_seed/lf_lq/speech/user/huangzhiying.92/data/bigtts/WFVAE_v2_labv3_punc_1879h/libritts_clean_460/LibriTTS_train-clean-360_3923/chunk*/*.tar
hdfs://haruna/home/byte_data_seed/lf_lq/speech/user/huangzhiying.92/data/bigtts/WFVAE_v2_labv3_punc_1879h/libritts_clean_460/LibriTTS_train-clean-360_3927/chunk*/*.tar
hdfs://haruna/home/byte_data_seed/lf_lq/speech/user/huangzhiying.92/data/bigtts/WFVAE_v2_labv3_punc_1879h/libritts_clean_460/LibriTTS_train-clean-360_3945/chunk*/*.tar
hdfs://haruna/home/byte_data_seed/lf_lq/speech/user/huangzhiying.92/data/bigtts/WFVAE_v2_labv3_punc_1879h/libritts_clean_460/LibriTTS_train-clean-360_3967/chunk*/*.tar
hdfs://haruna/home/byte_data_seed/lf_lq/speech/user/huangzhiying.92/data/bigtts/WFVAE_v2_labv3_punc_1879h/libritts_clean_460/LibriTTS_train-clean-360_3972/chunk*/*.tar
hdfs://haruna/home/byte_data_seed/lf_lq/speech/user/huangzhiying.92/data/bigtts/WFVAE_v2_labv3_punc_1879h/libritts_clean_460/LibriTTS_train-clean-360_3977/chunk*/*.tar
hdfs://haruna/home/byte_data_seed/lf_lq/speech/user/huangzhiying.92/data/bigtts/WFVAE_v2_labv3_punc_1879h/libritts_clean_460/LibriTTS_train-clean-360_3979/chunk*/*.tar
hdfs://haruna/home/byte_data_seed/lf_lq/speech/user/huangzhiying.92/data/bigtts/WFVAE_v2_labv3_punc_1879h/libritts_clean_460/LibriTTS_train-clean-360_3989/chunk*/*.tar
hdfs://haruna/home/byte_data_seed/lf_lq/speech/user/huangzhiying.92/data/bigtts/WFVAE_v2_labv3_punc_1879h/libritts_clean_460/LibriTTS_train-clean-360_398/chunk*/*.tar
hdfs://haruna/home/byte_data_seed/lf_lq/speech/user/huangzhiying.92/data/bigtts/WFVAE_v2_labv3_punc_1879h/libritts_clean_460/LibriTTS_train-clean-360_3994/chunk*/*.tar
hdfs://haruna/home/byte_data_seed/lf_lq/speech/user/huangzhiying.92/data/bigtts/WFVAE_v2_labv3_punc_1879h/libritts_clean_460/LibriTTS_train-clean-360_4010/chunk*/*.tar
hdfs://haruna/home/byte_data_seed/lf_lq/speech/user/huangzhiying.92/data/bigtts/WFVAE_v2_labv3_punc_1879h/libritts_clean_460/LibriTTS_train-clean-360_4013/chunk*/*.tar
hdfs://haruna/home/byte_data_seed/lf_lq/speech/user/huangzhiying.92/data/bigtts/WFVAE_v2_labv3_punc_1879h/libritts_clean_460/LibriTTS_train-clean-360_4039/chunk*/*.tar
hdfs://haruna/home/byte_data_seed/lf_lq/speech/user/huangzhiying.92/data/bigtts/WFVAE_v2_labv3_punc_1879h/libritts_clean_460/LibriTTS_train-clean-360_4044/chunk*/*.tar
hdfs://haruna/home/byte_data_seed/lf_lq/speech/user/huangzhiying.92/data/bigtts/WFVAE_v2_labv3_punc_1879h/libritts_clean_460/LibriTTS_train-clean-360_4054/chunk*/*.tar
hdfs://haruna/home/byte_data_seed/lf_lq/speech/user/huangzhiying.92/data/bigtts/WFVAE_v2_labv3_punc_1879h/libritts_clean_460/LibriTTS_train-clean-360_4057/chunk*/*.tar
hdfs://haruna/home/byte_data_seed/lf_lq/speech/user/huangzhiying.92/data/bigtts/WFVAE_v2_labv3_punc_1879h/libritts_clean_460/LibriTTS_train-clean-360_4064/chunk*/*.tar
hdfs://haruna/home/byte_data_seed/lf_lq/speech/user/huangzhiying.92/data/bigtts/WFVAE_v2_labv3_punc_1879h/libritts_clean_460/LibriTTS_train-clean-360_4071/chunk*/*.tar
hdfs://haruna/home/byte_data_seed/lf_lq/speech/user/huangzhiying.92/data/bigtts/WFVAE_v2_labv3_punc_1879h/libritts_clean_460/LibriTTS_train-clean-360_408/chunk*/*.tar
hdfs://haruna/home/byte_data_seed/lf_lq/speech/user/huangzhiying.92/data/bigtts/WFVAE_v2_labv3_punc_1879h/libritts_clean_460/LibriTTS_train-clean-360_4098/chunk*/*.tar
hdfs://haruna/home/byte_data_seed/lf_lq/speech/user/huangzhiying.92/data/bigtts/WFVAE_v2_labv3_punc_1879h/libritts_clean_460/LibriTTS_train-clean-360_409/chunk*/*.tar
hdfs://haruna/home/byte_data_seed/lf_lq/speech/user/huangzhiying.92/data/bigtts/WFVAE_v2_labv3_punc_1879h/libritts_clean_460/LibriTTS_train-clean-360_4108/chunk*/*.tar
hdfs://haruna/home/byte_data_seed/lf_lq/speech/user/huangzhiying.92/data/bigtts/WFVAE_v2_labv3_punc_1879h/libritts_clean_460/LibriTTS_train-clean-360_4110/chunk*/*.tar
hdfs://haruna/home/byte_data_seed/lf_lq/speech/user/huangzhiying.92/data/bigtts/WFVAE_v2_labv3_punc_1879h/libritts_clean_460/LibriTTS_train-clean-360_4111/chunk*/*.tar
hdfs://haruna/home/byte_data_seed/lf_lq/speech/user/huangzhiying.92/data/bigtts/WFVAE_v2_labv3_punc_1879h/libritts_clean_460/LibriTTS_train-clean-360_4116/chunk*/*.tar
hdfs://haruna/home/byte_data_seed/lf_lq/speech/user/huangzhiying.92/data/bigtts/WFVAE_v2_labv3_punc_1879h/libritts_clean_460/LibriTTS_train-clean-360_4133/chunk*/*.tar
hdfs://haruna/home/byte_data_seed/lf_lq/speech/user/huangzhiying.92/data/bigtts/WFVAE_v2_labv3_punc_1879h/libritts_clean_460/LibriTTS_train-clean-360_4138/chunk*/*.tar
hdfs://haruna/home/byte_data_seed/lf_lq/speech/user/huangzhiying.92/data/bigtts/WFVAE_v2_labv3_punc_1879h/libritts_clean_460/LibriTTS_train-clean-360_4145/chunk*/*.tar
hdfs://haruna/home/byte_data_seed/lf_lq/speech/user/huangzhiying.92/data/bigtts/WFVAE_v2_labv3_punc_1879h/libritts_clean_460/LibriTTS_train-clean-360_4148/chunk*/*.tar
hdfs://haruna/home/byte_data_seed/lf_lq/speech/user/huangzhiying.92/data/bigtts/WFVAE_v2_labv3_punc_1879h/libritts_clean_460/LibriTTS_train-clean-360_4152/chunk*/*.tar
hdfs://haruna/home/byte_data_seed/lf_lq/speech/user/huangzhiying.92/data/bigtts/WFVAE_v2_labv3_punc_1879h/libritts_clean_460/LibriTTS_train-clean-360_4222/chunk*/*.tar
hdfs://haruna/home/byte_data_seed/lf_lq/speech/user/huangzhiying.92/data/bigtts/WFVAE_v2_labv3_punc_1879h/libritts_clean_460/LibriTTS_train-clean-360_4226/chunk*/*.tar
hdfs://haruna/home/byte_data_seed/lf_lq/speech/user/huangzhiying.92/data/bigtts/WFVAE_v2_labv3_punc_1879h/libritts_clean_460/LibriTTS_train-clean-360_4236/chunk*/*.tar
hdfs://haruna/home/byte_data_seed/lf_lq/speech/user/huangzhiying.92/data/bigtts/WFVAE_v2_labv3_punc_1879h/libritts_clean_460/LibriTTS_train-clean-360_4238/chunk*/*.tar
hdfs://haruna/home/byte_data_seed/lf_lq/speech/user/huangzhiying.92/data/bigtts/WFVAE_v2_labv3_punc_1879h/libritts_clean_460/LibriTTS_train-clean-360_4243/chunk*/*.tar
hdfs://haruna/home/byte_data_seed/lf_lq/speech/user/huangzhiying.92/data/bigtts/WFVAE_v2_labv3_punc_1879h/libritts_clean_460/LibriTTS_train-clean-360_4246/chunk*/*.tar
hdfs://haruna/home/byte_data_seed/lf_lq/speech/user/huangzhiying.92/data/bigtts/WFVAE_v2_labv3_punc_1879h/libritts_clean_460/LibriTTS_train-clean-360_4257/chunk*/*.tar
hdfs://haruna/home/byte_data_seed/lf_lq/speech/user/huangzhiying.92/data/bigtts/WFVAE_v2_labv3_punc_1879h/libritts_clean_460/LibriTTS_train-clean-360_4260/chunk*/*.tar
hdfs://haruna/home/byte_data_seed/lf_lq/speech/user/huangzhiying.92/data/bigtts/WFVAE_v2_labv3_punc_1879h/libritts_clean_460/LibriTTS_train-clean-360_4278/chunk*/*.tar
hdfs://haruna/home/byte_data_seed/lf_lq/speech/user/huangzhiying.92/data/bigtts/WFVAE_v2_labv3_punc_1879h/libritts_clean_460/LibriTTS_train-clean-360_4289/chunk*/*.tar
hdfs://haruna/home/byte_data_seed/lf_lq/speech/user/huangzhiying.92/data/bigtts/WFVAE_v2_labv3_punc_1879h/libritts_clean_460/LibriTTS_train-clean-360_4290/chunk*/*.tar
hdfs://haruna/home/byte_data_seed/lf_lq/speech/user/huangzhiying.92/data/bigtts/WFVAE_v2_labv3_punc_1879h/libritts_clean_460/LibriTTS_train-clean-360_4331/chunk*/*.tar
hdfs://haruna/home/byte_data_seed/lf_lq/speech/user/huangzhiying.92/data/bigtts/WFVAE_v2_labv3_punc_1879h/libritts_clean_460/LibriTTS_train-clean-360_4335/chunk*/*.tar
hdfs://haruna/home/byte_data_seed/lf_lq/speech/user/huangzhiying.92/data/bigtts/WFVAE_v2_labv3_punc_1879h/libritts_clean_460/LibriTTS_train-clean-360_434/chunk*/*.tar
hdfs://haruna/home/byte_data_seed/lf_lq/speech/user/huangzhiying.92/data/bigtts/WFVAE_v2_labv3_punc_1879h/libritts_clean_460/LibriTTS_train-clean-360_4356/chunk*/*.tar
hdfs://haruna/home/byte_data_seed/lf_lq/speech/user/huangzhiying.92/data/bigtts/WFVAE_v2_labv3_punc_1879h/libritts_clean_460/LibriTTS_train-clean-360_4358/chunk*/*.tar
hdfs://haruna/home/byte_data_seed/lf_lq/speech/user/huangzhiying.92/data/bigtts/WFVAE_v2_labv3_punc_1879h/libritts_clean_460/LibriTTS_train-clean-360_4363/chunk*/*.tar
hdfs://haruna/home/byte_data_seed/lf_lq/speech/user/huangzhiying.92/data/bigtts/WFVAE_v2_labv3_punc_1879h/libritts_clean_460/LibriTTS_train-clean-360_4381/chunk*/*.tar
hdfs://haruna/home/byte_data_seed/lf_lq/speech/user/huangzhiying.92/data/bigtts/WFVAE_v2_labv3_punc_1879h/libritts_clean_460/LibriTTS_train-clean-360_439/chunk*/*.tar
hdfs://haruna/home/byte_data_seed/lf_lq/speech/user/huangzhiying.92/data/bigtts/WFVAE_v2_labv3_punc_1879h/libritts_clean_460/LibriTTS_train-clean-360_4425/chunk*/*.tar
hdfs://haruna/home/byte_data_seed/lf_lq/speech/user/huangzhiying.92/data/bigtts/WFVAE_v2_labv3_punc_1879h/libritts_clean_460/LibriTTS_train-clean-360_4427/chunk*/*.tar
hdfs://haruna/home/byte_data_seed/lf_lq/speech/user/huangzhiying.92/data/bigtts/WFVAE_v2_labv3_punc_1879h/libritts_clean_460/LibriTTS_train-clean-360_4433/chunk*/*.tar
hdfs://haruna/home/byte_data_seed/lf_lq/speech/user/huangzhiying.92/data/bigtts/WFVAE_v2_labv3_punc_1879h/libritts_clean_460/LibriTTS_train-clean-360_4434/chunk*/*.tar
hdfs://haruna/home/byte_data_seed/lf_lq/speech/user/huangzhiying.92/data/bigtts/WFVAE_v2_labv3_punc_1879h/libritts_clean_460/LibriTTS_train-clean-360_4438/chunk*/*.tar
hdfs://haruna/home/byte_data_seed/lf_lq/speech/user/huangzhiying.92/data/bigtts/WFVAE_v2_labv3_punc_1879h/libritts_clean_460/LibriTTS_train-clean-360_4490/chunk*/*.tar
hdfs://haruna/home/byte_data_seed/lf_lq/speech/user/huangzhiying.92/data/bigtts/WFVAE_v2_labv3_punc_1879h/libritts_clean_460/LibriTTS_train-clean-360_4495/chunk*/*.tar
hdfs://haruna/home/byte_data_seed/lf_lq/speech/user/huangzhiying.92/data/bigtts/WFVAE_v2_labv3_punc_1879h/libritts_clean_460/LibriTTS_train-clean-360_4519/chunk*/*.tar
hdfs://haruna/home/byte_data_seed/lf_lq/speech/user/huangzhiying.92/data/bigtts/WFVAE_v2_labv3_punc_1879h/libritts_clean_460/LibriTTS_train-clean-360_451/chunk*/*.tar
hdfs://haruna/home/byte_data_seed/lf_lq/speech/user/huangzhiying.92/data/bigtts/WFVAE_v2_labv3_punc_1879h/libritts_clean_460/LibriTTS_train-clean-360_4535/chunk*/*.tar
hdfs://haruna/home/byte_data_seed/lf_lq/speech/user/huangzhiying.92/data/bigtts/WFVAE_v2_labv3_punc_1879h/libritts_clean_460/LibriTTS_train-clean-360_454/chunk*/*.tar
hdfs://haruna/home/byte_data_seed/lf_lq/speech/user/huangzhiying.92/data/bigtts/WFVAE_v2_labv3_punc_1879h/libritts_clean_460/LibriTTS_train-clean-360_4586/chunk*/*.tar
hdfs://haruna/home/byte_data_seed/lf_lq/speech/user/huangzhiying.92/data/bigtts/WFVAE_v2_labv3_punc_1879h/libritts_clean_460/LibriTTS_train-clean-360_4590/chunk*/*.tar
hdfs://haruna/home/byte_data_seed/lf_lq/speech/user/huangzhiying.92/data/bigtts/WFVAE_v2_labv3_punc_1879h/libritts_clean_460/LibriTTS_train-clean-360_4592/chunk*/*.tar
hdfs://haruna/home/byte_data_seed/lf_lq/speech/user/huangzhiying.92/data/bigtts/WFVAE_v2_labv3_punc_1879h/libritts_clean_460/LibriTTS_train-clean-360_4595/chunk*/*.tar
hdfs://haruna/home/byte_data_seed/lf_lq/speech/user/huangzhiying.92/data/bigtts/WFVAE_v2_labv3_punc_1879h/libritts_clean_460/LibriTTS_train-clean-360_4598/chunk*/*.tar
hdfs://haruna/home/byte_data_seed/lf_lq/speech/user/huangzhiying.92/data/bigtts/WFVAE_v2_labv3_punc_1879h/libritts_clean_460/LibriTTS_train-clean-360_459/chunk*/*.tar
hdfs://haruna/home/byte_data_seed/lf_lq/speech/user/huangzhiying.92/data/bigtts/WFVAE_v2_labv3_punc_1879h/libritts_clean_460/LibriTTS_train-clean-360_4629/chunk*/*.tar
hdfs://haruna/home/byte_data_seed/lf_lq/speech/user/huangzhiying.92/data/bigtts/WFVAE_v2_labv3_punc_1879h/libritts_clean_460/LibriTTS_train-clean-360_4681/chunk*/*.tar
hdfs://haruna/home/byte_data_seed/lf_lq/speech/user/huangzhiying.92/data/bigtts/WFVAE_v2_labv3_punc_1879h/libritts_clean_460/LibriTTS_train-clean-360_4719/chunk*/*.tar
hdfs://haruna/home/byte_data_seed/lf_lq/speech/user/huangzhiying.92/data/bigtts/WFVAE_v2_labv3_punc_1879h/libritts_clean_460/LibriTTS_train-clean-360_472/chunk*/*.tar
hdfs://haruna/home/byte_data_seed/lf_lq/speech/user/huangzhiying.92/data/bigtts/WFVAE_v2_labv3_punc_1879h/libritts_clean_460/LibriTTS_train-clean-360_4731/chunk*/*.tar
hdfs://haruna/home/byte_data_seed/lf_lq/speech/user/huangzhiying.92/data/bigtts/WFVAE_v2_labv3_punc_1879h/libritts_clean_460/LibriTTS_train-clean-360_4733/chunk*/*.tar
hdfs://haruna/home/byte_data_seed/lf_lq/speech/user/huangzhiying.92/data/bigtts/WFVAE_v2_labv3_punc_1879h/libritts_clean_460/LibriTTS_train-clean-360_4734/chunk*/*.tar
hdfs://haruna/home/byte_data_seed/lf_lq/speech/user/huangzhiying.92/data/bigtts/WFVAE_v2_labv3_punc_1879h/libritts_clean_460/LibriTTS_train-clean-360_4744/chunk*/*.tar
hdfs://haruna/home/byte_data_seed/lf_lq/speech/user/huangzhiying.92/data/bigtts/WFVAE_v2_labv3_punc_1879h/libritts_clean_460/LibriTTS_train-clean-360_475/chunk*/*.tar
hdfs://haruna/home/byte_data_seed/lf_lq/speech/user/huangzhiying.92/data/bigtts/WFVAE_v2_labv3_punc_1879h/libritts_clean_460/LibriTTS_train-clean-360_476/chunk*/*.tar
hdfs://haruna/home/byte_data_seed/lf_lq/speech/user/huangzhiying.92/data/bigtts/WFVAE_v2_labv3_punc_1879h/libritts_clean_460/LibriTTS_train-clean-360_479/chunk*/*.tar
hdfs://haruna/home/byte_data_seed/lf_lq/speech/user/huangzhiying.92/data/bigtts/WFVAE_v2_labv3_punc_1879h/libritts_clean_460/LibriTTS_train-clean-360_4800/chunk*/*.tar
hdfs://haruna/home/byte_data_seed/lf_lq/speech/user/huangzhiying.92/data/bigtts/WFVAE_v2_labv3_punc_1879h/libritts_clean_460/LibriTTS_train-clean-360_4806/chunk*/*.tar
hdfs://haruna/home/byte_data_seed/lf_lq/speech/user/huangzhiying.92/data/bigtts/WFVAE_v2_labv3_punc_1879h/libritts_clean_460/LibriTTS_train-clean-360_4807/chunk*/*.tar
hdfs://haruna/home/byte_data_seed/lf_lq/speech/user/huangzhiying.92/data/bigtts/WFVAE_v2_labv3_punc_1879h/libritts_clean_460/LibriTTS_train-clean-360_480/chunk*/*.tar
hdfs://haruna/home/byte_data_seed/lf_lq/speech/user/huangzhiying.92/data/bigtts/WFVAE_v2_labv3_punc_1879h/libritts_clean_460/LibriTTS_train-clean-360_4837/chunk*/*.tar
hdfs://haruna/home/byte_data_seed/lf_lq/speech/user/huangzhiying.92/data/bigtts/WFVAE_v2_labv3_punc_1879h/libritts_clean_460/LibriTTS_train-clean-360_4839/chunk*/*.tar
hdfs://haruna/home/byte_data_seed/lf_lq/speech/user/huangzhiying.92/data/bigtts/WFVAE_v2_labv3_punc_1879h/libritts_clean_460/LibriTTS_train-clean-360_4846/chunk*/*.tar
hdfs://haruna/home/byte_data_seed/lf_lq/speech/user/huangzhiying.92/data/bigtts/WFVAE_v2_labv3_punc_1879h/libritts_clean_460/LibriTTS_train-clean-360_4848/chunk*/*.tar
hdfs://haruna/home/byte_data_seed/lf_lq/speech/user/huangzhiying.92/data/bigtts/WFVAE_v2_labv3_punc_1879h/libritts_clean_460/LibriTTS_train-clean-360_4854/chunk*/*.tar
hdfs://haruna/home/byte_data_seed/lf_lq/speech/user/huangzhiying.92/data/bigtts/WFVAE_v2_labv3_punc_1879h/libritts_clean_460/LibriTTS_train-clean-360_4856/chunk*/*.tar
hdfs://haruna/home/byte_data_seed/lf_lq/speech/user/huangzhiying.92/data/bigtts/WFVAE_v2_labv3_punc_1879h/libritts_clean_460/LibriTTS_train-clean-360_4860/chunk*/*.tar
hdfs://haruna/home/byte_data_seed/lf_lq/speech/user/huangzhiying.92/data/bigtts/WFVAE_v2_labv3_punc_1879h/libritts_clean_460/LibriTTS_train-clean-360_487/chunk*/*.tar
hdfs://haruna/home/byte_data_seed/lf_lq/speech/user/huangzhiying.92/data/bigtts/WFVAE_v2_labv3_punc_1879h/libritts_clean_460/LibriTTS_train-clean-360_4899/chunk*/*.tar
hdfs://haruna/home/byte_data_seed/lf_lq/speech/user/huangzhiying.92/data/bigtts/WFVAE_v2_labv3_punc_1879h/libritts_clean_460/LibriTTS_train-clean-360_4926/chunk*/*.tar
hdfs://haruna/home/byte_data_seed/lf_lq/speech/user/huangzhiying.92/data/bigtts/WFVAE_v2_labv3_punc_1879h/libritts_clean_460/LibriTTS_train-clean-360_492/chunk*/*.tar
hdfs://haruna/home/byte_data_seed/lf_lq/speech/user/huangzhiying.92/data/bigtts/WFVAE_v2_labv3_punc_1879h/libritts_clean_460/LibriTTS_train-clean-360_4945/chunk*/*.tar
hdfs://haruna/home/byte_data_seed/lf_lq/speech/user/huangzhiying.92/data/bigtts/WFVAE_v2_labv3_punc_1879h/libritts_clean_460/LibriTTS_train-clean-360_4957/chunk*/*.tar
hdfs://haruna/home/byte_data_seed/lf_lq/speech/user/huangzhiying.92/data/bigtts/WFVAE_v2_labv3_punc_1879h/libritts_clean_460/LibriTTS_train-clean-360_4967/chunk*/*.tar
hdfs://haruna/home/byte_data_seed/lf_lq/speech/user/huangzhiying.92/data/bigtts/WFVAE_v2_labv3_punc_1879h/libritts_clean_460/LibriTTS_train-clean-360_4973/chunk*/*.tar
hdfs://haruna/home/byte_data_seed/lf_lq/speech/user/huangzhiying.92/data/bigtts/WFVAE_v2_labv3_punc_1879h/libritts_clean_460/LibriTTS_train-clean-360_497/chunk*/*.tar
hdfs://haruna/home/byte_data_seed/lf_lq/speech/user/huangzhiying.92/data/bigtts/WFVAE_v2_labv3_punc_1879h/libritts_clean_460/LibriTTS_train-clean-360_5002/chunk*/*.tar
hdfs://haruna/home/byte_data_seed/lf_lq/speech/user/huangzhiying.92/data/bigtts/WFVAE_v2_labv3_punc_1879h/libritts_clean_460/LibriTTS_train-clean-360_5007/chunk*/*.tar
hdfs://haruna/home/byte_data_seed/lf_lq/speech/user/huangzhiying.92/data/bigtts/WFVAE_v2_labv3_punc_1879h/libritts_clean_460/LibriTTS_train-clean-360_500/chunk*/*.tar
hdfs://haruna/home/byte_data_seed/lf_lq/speech/user/huangzhiying.92/data/bigtts/WFVAE_v2_labv3_punc_1879h/libritts_clean_460/LibriTTS_train-clean-360_5012/chunk*/*.tar
hdfs://haruna/home/byte_data_seed/lf_lq/speech/user/huangzhiying.92/data/bigtts/WFVAE_v2_labv3_punc_1879h/libritts_clean_460/LibriTTS_train-clean-360_501/chunk*/*.tar
hdfs://haruna/home/byte_data_seed/lf_lq/speech/user/huangzhiying.92/data/bigtts/WFVAE_v2_labv3_punc_1879h/libritts_clean_460/LibriTTS_train-clean-360_5029/chunk*/*.tar
hdfs://haruna/home/byte_data_seed/lf_lq/speech/user/huangzhiying.92/data/bigtts/WFVAE_v2_labv3_punc_1879h/libritts_clean_460/LibriTTS_train-clean-360_5039/chunk*/*.tar
hdfs://haruna/home/byte_data_seed/lf_lq/speech/user/huangzhiying.92/data/bigtts/WFVAE_v2_labv3_punc_1879h/libritts_clean_460/LibriTTS_train-clean-360_5054/chunk*/*.tar
hdfs://haruna/home/byte_data_seed/lf_lq/speech/user/huangzhiying.92/data/bigtts/WFVAE_v2_labv3_punc_1879h/libritts_clean_460/LibriTTS_train-clean-360_5062/chunk*/*.tar
hdfs://haruna/home/byte_data_seed/lf_lq/speech/user/huangzhiying.92/data/bigtts/WFVAE_v2_labv3_punc_1879h/libritts_clean_460/LibriTTS_train-clean-360_5063/chunk*/*.tar
hdfs://haruna/home/byte_data_seed/lf_lq/speech/user/huangzhiying.92/data/bigtts/WFVAE_v2_labv3_punc_1879h/libritts_clean_460/LibriTTS_train-clean-360_5092/chunk*/*.tar
hdfs://haruna/home/byte_data_seed/lf_lq/speech/user/huangzhiying.92/data/bigtts/WFVAE_v2_labv3_punc_1879h/libritts_clean_460/LibriTTS_train-clean-360_5093/chunk*/*.tar
hdfs://haruna/home/byte_data_seed/lf_lq/speech/user/huangzhiying.92/data/bigtts/WFVAE_v2_labv3_punc_1879h/libritts_clean_460/LibriTTS_train-clean-360_510/chunk*/*.tar
hdfs://haruna/home/byte_data_seed/lf_lq/speech/user/huangzhiying.92/data/bigtts/WFVAE_v2_labv3_punc_1879h/libritts_clean_460/LibriTTS_train-clean-360_5115/chunk*/*.tar
hdfs://haruna/home/byte_data_seed/lf_lq/speech/user/huangzhiying.92/data/bigtts/WFVAE_v2_labv3_punc_1879h/libritts_clean_460/LibriTTS_train-clean-360_511/chunk*/*.tar
hdfs://haruna/home/byte_data_seed/lf_lq/speech/user/huangzhiying.92/data/bigtts/WFVAE_v2_labv3_punc_1879h/libritts_clean_460/LibriTTS_train-clean-360_5123/chunk*/*.tar
hdfs://haruna/home/byte_data_seed/lf_lq/speech/user/huangzhiying.92/data/bigtts/WFVAE_v2_labv3_punc_1879h/libritts_clean_460/LibriTTS_train-clean-360_5126/chunk*/*.tar
hdfs://haruna/home/byte_data_seed/lf_lq/speech/user/huangzhiying.92/data/bigtts/WFVAE_v2_labv3_punc_1879h/libritts_clean_460/LibriTTS_train-clean-360_512/chunk*/*.tar
hdfs://haruna/home/byte_data_seed/lf_lq/speech/user/huangzhiying.92/data/bigtts/WFVAE_v2_labv3_punc_1879h/libritts_clean_460/LibriTTS_train-clean-360_5133/chunk*/*.tar
hdfs://haruna/home/byte_data_seed/lf_lq/speech/user/huangzhiying.92/data/bigtts/WFVAE_v2_labv3_punc_1879h/libritts_clean_460/LibriTTS_train-clean-360_5139/chunk*/*.tar
hdfs://haruna/home/byte_data_seed/lf_lq/speech/user/huangzhiying.92/data/bigtts/WFVAE_v2_labv3_punc_1879h/libritts_clean_460/LibriTTS_train-clean-360_5147/chunk*/*.tar
hdfs://haruna/home/byte_data_seed/lf_lq/speech/user/huangzhiying.92/data/bigtts/WFVAE_v2_labv3_punc_1879h/libritts_clean_460/LibriTTS_train-clean-360_5154/chunk*/*.tar
hdfs://haruna/home/byte_data_seed/lf_lq/speech/user/huangzhiying.92/data/bigtts/WFVAE_v2_labv3_punc_1879h/libritts_clean_460/LibriTTS_train-clean-360_5157/chunk*/*.tar
hdfs://haruna/home/byte_data_seed/lf_lq/speech/user/huangzhiying.92/data/bigtts/WFVAE_v2_labv3_punc_1879h/libritts_clean_460/LibriTTS_train-clean-360_5186/chunk*/*.tar
hdfs://haruna/home/byte_data_seed/lf_lq/speech/user/huangzhiying.92/data/bigtts/WFVAE_v2_labv3_punc_1879h/libritts_clean_460/LibriTTS_train-clean-360_5189/chunk*/*.tar
hdfs://haruna/home/byte_data_seed/lf_lq/speech/user/huangzhiying.92/data/bigtts/WFVAE_v2_labv3_punc_1879h/libritts_clean_460/LibriTTS_train-clean-360_5190/chunk*/*.tar
hdfs://haruna/home/byte_data_seed/lf_lq/speech/user/huangzhiying.92/data/bigtts/WFVAE_v2_labv3_punc_1879h/libritts_clean_460/LibriTTS_train-clean-360_5206/chunk*/*.tar
hdfs://haruna/home/byte_data_seed/lf_lq/speech/user/huangzhiying.92/data/bigtts/WFVAE_v2_labv3_punc_1879h/libritts_clean_460/LibriTTS_train-clean-360_5239/chunk*/*.tar
hdfs://haruna/home/byte_data_seed/lf_lq/speech/user/huangzhiying.92/data/bigtts/WFVAE_v2_labv3_punc_1879h/libritts_clean_460/LibriTTS_train-clean-360_5242/chunk*/*.tar
hdfs://haruna/home/byte_data_seed/lf_lq/speech/user/huangzhiying.92/data/bigtts/WFVAE_v2_labv3_punc_1879h/libritts_clean_460/LibriTTS_train-clean-360_5246/chunk*/*.tar
hdfs://haruna/home/byte_data_seed/lf_lq/speech/user/huangzhiying.92/data/bigtts/WFVAE_v2_labv3_punc_1879h/libritts_clean_460/LibriTTS_train-clean-360_5261/chunk*/*.tar
hdfs://haruna/home/byte_data_seed/lf_lq/speech/user/huangzhiying.92/data/bigtts/WFVAE_v2_labv3_punc_1879h/libritts_clean_460/LibriTTS_train-clean-360_5266/chunk*/*.tar
hdfs://haruna/home/byte_data_seed/lf_lq/speech/user/huangzhiying.92/data/bigtts/WFVAE_v2_labv3_punc_1879h/libritts_clean_460/LibriTTS_train-clean-360_5290/chunk*/*.tar
hdfs://haruna/home/byte_data_seed/lf_lq/speech/user/huangzhiying.92/data/bigtts/WFVAE_v2_labv3_punc_1879h/libritts_clean_460/LibriTTS_train-clean-360_5293/chunk*/*.tar
hdfs://haruna/home/byte_data_seed/lf_lq/speech/user/huangzhiying.92/data/bigtts/WFVAE_v2_labv3_punc_1879h/libritts_clean_460/LibriTTS_train-clean-360_5304/chunk*/*.tar
hdfs://haruna/home/byte_data_seed/lf_lq/speech/user/huangzhiying.92/data/bigtts/WFVAE_v2_labv3_punc_1879h/libritts_clean_460/LibriTTS_train-clean-360_5319/chunk*/*.tar
hdfs://haruna/home/byte_data_seed/lf_lq/speech/user/huangzhiying.92/data/bigtts/WFVAE_v2_labv3_punc_1879h/libritts_clean_460/LibriTTS_train-clean-360_5333/chunk*/*.tar
hdfs://haruna/home/byte_data_seed/lf_lq/speech/user/huangzhiying.92/data/bigtts/WFVAE_v2_labv3_punc_1879h/libritts_clean_460/LibriTTS_train-clean-360_5337/chunk*/*.tar
hdfs://haruna/home/byte_data_seed/lf_lq/speech/user/huangzhiying.92/data/bigtts/WFVAE_v2_labv3_punc_1879h/libritts_clean_460/LibriTTS_train-clean-360_534/chunk*/*.tar
hdfs://haruna/home/byte_data_seed/lf_lq/speech/user/huangzhiying.92/data/bigtts/WFVAE_v2_labv3_punc_1879h/libritts_clean_460/LibriTTS_train-clean-360_5386/chunk*/*.tar
hdfs://haruna/home/byte_data_seed/lf_lq/speech/user/huangzhiying.92/data/bigtts/WFVAE_v2_labv3_punc_1879h/libritts_clean_460/LibriTTS_train-clean-360_5389/chunk*/*.tar
hdfs://haruna/home/byte_data_seed/lf_lq/speech/user/huangzhiying.92/data/bigtts/WFVAE_v2_labv3_punc_1879h/libritts_clean_460/LibriTTS_train-clean-360_5400/chunk*/*.tar
hdfs://haruna/home/byte_data_seed/lf_lq/speech/user/huangzhiying.92/data/bigtts/WFVAE_v2_labv3_punc_1879h/libritts_clean_460/LibriTTS_train-clean-360_5401/chunk*/*.tar
hdfs://haruna/home/byte_data_seed/lf_lq/speech/user/huangzhiying.92/data/bigtts/WFVAE_v2_labv3_punc_1879h/libritts_clean_460/LibriTTS_train-clean-360_543/chunk*/*.tar
hdfs://haruna/home/byte_data_seed/lf_lq/speech/user/huangzhiying.92/data/bigtts/WFVAE_v2_labv3_punc_1879h/libritts_clean_460/LibriTTS_train-clean-360_5448/chunk*/*.tar
hdfs://haruna/home/byte_data_seed/lf_lq/speech/user/huangzhiying.92/data/bigtts/WFVAE_v2_labv3_punc_1879h/libritts_clean_460/LibriTTS_train-clean-360_5489/chunk*/*.tar
hdfs://haruna/home/byte_data_seed/lf_lq/speech/user/huangzhiying.92/data/bigtts/WFVAE_v2_labv3_punc_1879h/libritts_clean_460/LibriTTS_train-clean-360_548/chunk*/*.tar
hdfs://haruna/home/byte_data_seed/lf_lq/speech/user/huangzhiying.92/data/bigtts/WFVAE_v2_labv3_punc_1879h/libritts_clean_460/LibriTTS_train-clean-360_549/chunk*/*.tar
hdfs://haruna/home/byte_data_seed/lf_lq/speech/user/huangzhiying.92/data/bigtts/WFVAE_v2_labv3_punc_1879h/libritts_clean_460/LibriTTS_train-clean-360_54/chunk*/*.tar
hdfs://haruna/home/byte_data_seed/lf_lq/speech/user/huangzhiying.92/data/bigtts/WFVAE_v2_labv3_punc_1879h/libritts_clean_460/LibriTTS_train-clean-360_5513/chunk*/*.tar
hdfs://haruna/home/byte_data_seed/lf_lq/speech/user/huangzhiying.92/data/bigtts/WFVAE_v2_labv3_punc_1879h/libritts_clean_460/LibriTTS_train-clean-360_5519/chunk*/*.tar
hdfs://haruna/home/byte_data_seed/lf_lq/speech/user/huangzhiying.92/data/bigtts/WFVAE_v2_labv3_punc_1879h/libritts_clean_460/LibriTTS_train-clean-360_5538/chunk*/*.tar
hdfs://haruna/home/byte_data_seed/lf_lq/speech/user/huangzhiying.92/data/bigtts/WFVAE_v2_labv3_punc_1879h/libritts_clean_460/LibriTTS_train-clean-360_5570/chunk*/*.tar
hdfs://haruna/home/byte_data_seed/lf_lq/speech/user/huangzhiying.92/data/bigtts/WFVAE_v2_labv3_punc_1879h/libritts_clean_460/LibriTTS_train-clean-360_5583/chunk*/*.tar
hdfs://haruna/home/byte_data_seed/lf_lq/speech/user/huangzhiying.92/data/bigtts/WFVAE_v2_labv3_punc_1879h/libritts_clean_460/LibriTTS_train-clean-360_5588/chunk*/*.tar
hdfs://haruna/home/byte_data_seed/lf_lq/speech/user/huangzhiying.92/data/bigtts/WFVAE_v2_labv3_punc_1879h/libritts_clean_460/LibriTTS_train-clean-360_559/chunk*/*.tar
hdfs://haruna/home/byte_data_seed/lf_lq/speech/user/huangzhiying.92/data/bigtts/WFVAE_v2_labv3_punc_1879h/libritts_clean_460/LibriTTS_train-clean-360_55/chunk*/*.tar
hdfs://haruna/home/byte_data_seed/lf_lq/speech/user/huangzhiying.92/data/bigtts/WFVAE_v2_labv3_punc_1879h/libritts_clean_460/LibriTTS_train-clean-360_5604/chunk*/*.tar
hdfs://haruna/home/byte_data_seed/lf_lq/speech/user/huangzhiying.92/data/bigtts/WFVAE_v2_labv3_punc_1879h/libritts_clean_460/LibriTTS_train-clean-360_5606/chunk*/*.tar
hdfs://haruna/home/byte_data_seed/lf_lq/speech/user/huangzhiying.92/data/bigtts/WFVAE_v2_labv3_punc_1879h/libritts_clean_460/LibriTTS_train-clean-360_5618/chunk*/*.tar
hdfs://haruna/home/byte_data_seed/lf_lq/speech/user/huangzhiying.92/data/bigtts/WFVAE_v2_labv3_punc_1879h/libritts_clean_460/LibriTTS_train-clean-360_561/chunk*/*.tar
hdfs://haruna/home/byte_data_seed/lf_lq/speech/user/huangzhiying.92/data/bigtts/WFVAE_v2_labv3_punc_1879h/libritts_clean_460/LibriTTS_train-clean-360_5622/chunk*/*.tar
hdfs://haruna/home/byte_data_seed/lf_lq/speech/user/huangzhiying.92/data/bigtts/WFVAE_v2_labv3_punc_1879h/libritts_clean_460/LibriTTS_train-clean-360_5635/chunk*/*.tar
hdfs://haruna/home/byte_data_seed/lf_lq/speech/user/huangzhiying.92/data/bigtts/WFVAE_v2_labv3_punc_1879h/libritts_clean_460/LibriTTS_train-clean-360_5655/chunk*/*.tar
hdfs://haruna/home/byte_data_seed/lf_lq/speech/user/huangzhiying.92/data/bigtts/WFVAE_v2_labv3_punc_1879h/libritts_clean_460/LibriTTS_train-clean-360_5656/chunk*/*.tar
hdfs://haruna/home/byte_data_seed/lf_lq/speech/user/huangzhiying.92/data/bigtts/WFVAE_v2_labv3_punc_1879h/libritts_clean_460/LibriTTS_train-clean-360_5660/chunk*/*.tar
hdfs://haruna/home/byte_data_seed/lf_lq/speech/user/huangzhiying.92/data/bigtts/WFVAE_v2_labv3_punc_1879h/libritts_clean_460/LibriTTS_train-clean-360_5672/chunk*/*.tar
hdfs://haruna/home/byte_data_seed/lf_lq/speech/user/huangzhiying.92/data/bigtts/WFVAE_v2_labv3_punc_1879h/libritts_clean_460/LibriTTS_train-clean-360_5684/chunk*/*.tar
hdfs://haruna/home/byte_data_seed/lf_lq/speech/user/huangzhiying.92/data/bigtts/WFVAE_v2_labv3_punc_1879h/libritts_clean_460/LibriTTS_train-clean-360_56/chunk*/*.tar
hdfs://haruna/home/byte_data_seed/lf_lq/speech/user/huangzhiying.92/data/bigtts/WFVAE_v2_labv3_punc_1879h/libritts_clean_460/LibriTTS_train-clean-360_5712/chunk*/*.tar
hdfs://haruna/home/byte_data_seed/lf_lq/speech/user/huangzhiying.92/data/bigtts/WFVAE_v2_labv3_punc_1879h/libritts_clean_460/LibriTTS_train-clean-360_5717/chunk*/*.tar
hdfs://haruna/home/byte_data_seed/lf_lq/speech/user/huangzhiying.92/data/bigtts/WFVAE_v2_labv3_punc_1879h/libritts_clean_460/LibriTTS_train-clean-360_5723/chunk*/*.tar
hdfs://haruna/home/byte_data_seed/lf_lq/speech/user/huangzhiying.92/data/bigtts/WFVAE_v2_labv3_punc_1879h/libritts_clean_460/LibriTTS_train-clean-360_5724/chunk*/*.tar
hdfs://haruna/home/byte_data_seed/lf_lq/speech/user/huangzhiying.92/data/bigtts/WFVAE_v2_labv3_punc_1879h/libritts_clean_460/LibriTTS_train-clean-360_5727/chunk*/*.tar
hdfs://haruna/home/byte_data_seed/lf_lq/speech/user/huangzhiying.92/data/bigtts/WFVAE_v2_labv3_punc_1879h/libritts_clean_460/LibriTTS_train-clean-360_5731/chunk*/*.tar
hdfs://haruna/home/byte_data_seed/lf_lq/speech/user/huangzhiying.92/data/bigtts/WFVAE_v2_labv3_punc_1879h/libritts_clean_460/LibriTTS_train-clean-360_5740/chunk*/*.tar
hdfs://haruna/home/byte_data_seed/lf_lq/speech/user/huangzhiying.92/data/bigtts/WFVAE_v2_labv3_punc_1879h/libritts_clean_460/LibriTTS_train-clean-360_5746/chunk*/*.tar
hdfs://haruna/home/byte_data_seed/lf_lq/speech/user/huangzhiying.92/data/bigtts/WFVAE_v2_labv3_punc_1879h/libritts_clean_460/LibriTTS_train-clean-360_5767/chunk*/*.tar
hdfs://haruna/home/byte_data_seed/lf_lq/speech/user/huangzhiying.92/data/bigtts/WFVAE_v2_labv3_punc_1879h/libritts_clean_460/LibriTTS_train-clean-360_576/chunk*/*.tar
hdfs://haruna/home/byte_data_seed/lf_lq/speech/user/huangzhiying.92/data/bigtts/WFVAE_v2_labv3_punc_1879h/libritts_clean_460/LibriTTS_train-clean-360_5776/chunk*/*.tar
hdfs://haruna/home/byte_data_seed/lf_lq/speech/user/huangzhiying.92/data/bigtts/WFVAE_v2_labv3_punc_1879h/libritts_clean_460/LibriTTS_train-clean-360_5802/chunk*/*.tar
hdfs://haruna/home/byte_data_seed/lf_lq/speech/user/huangzhiying.92/data/bigtts/WFVAE_v2_labv3_punc_1879h/libritts_clean_460/LibriTTS_train-clean-360_5809/chunk*/*.tar
hdfs://haruna/home/byte_data_seed/lf_lq/speech/user/huangzhiying.92/data/bigtts/WFVAE_v2_labv3_punc_1879h/libritts_clean_460/LibriTTS_train-clean-360_580/chunk*/*.tar
hdfs://haruna/home/byte_data_seed/lf_lq/speech/user/huangzhiying.92/data/bigtts/WFVAE_v2_labv3_punc_1879h/libritts_clean_460/LibriTTS_train-clean-360_5810/chunk*/*.tar
hdfs://haruna/home/byte_data_seed/lf_lq/speech/user/huangzhiying.92/data/bigtts/WFVAE_v2_labv3_punc_1879h/libritts_clean_460/LibriTTS_train-clean-360_581/chunk*/*.tar
hdfs://haruna/home/byte_data_seed/lf_lq/speech/user/huangzhiying.92/data/bigtts/WFVAE_v2_labv3_punc_1879h/libritts_clean_460/LibriTTS_train-clean-360_583/chunk*/*.tar
hdfs://haruna/home/byte_data_seed/lf_lq/speech/user/huangzhiying.92/data/bigtts/WFVAE_v2_labv3_punc_1879h/libritts_clean_460/LibriTTS_train-clean-360_5868/chunk*/*.tar
hdfs://haruna/home/byte_data_seed/lf_lq/speech/user/huangzhiying.92/data/bigtts/WFVAE_v2_labv3_punc_1879h/libritts_clean_460/LibriTTS_train-clean-360_5876/chunk*/*.tar
hdfs://haruna/home/byte_data_seed/lf_lq/speech/user/huangzhiying.92/data/bigtts/WFVAE_v2_labv3_punc_1879h/libritts_clean_460/LibriTTS_train-clean-360_5883/chunk*/*.tar
hdfs://haruna/home/byte_data_seed/lf_lq/speech/user/huangzhiying.92/data/bigtts/WFVAE_v2_labv3_punc_1879h/libritts_clean_460/LibriTTS_train-clean-360_589/chunk*/*.tar
hdfs://haruna/home/byte_data_seed/lf_lq/speech/user/huangzhiying.92/data/bigtts/WFVAE_v2_labv3_punc_1879h/libritts_clean_460/LibriTTS_train-clean-360_5909/chunk*/*.tar
hdfs://haruna/home/byte_data_seed/lf_lq/speech/user/huangzhiying.92/data/bigtts/WFVAE_v2_labv3_punc_1879h/libritts_clean_460/LibriTTS_train-clean-360_5914/chunk*/*.tar
hdfs://haruna/home/byte_data_seed/lf_lq/speech/user/huangzhiying.92/data/bigtts/WFVAE_v2_labv3_punc_1879h/libritts_clean_460/LibriTTS_train-clean-360_5918/chunk*/*.tar
hdfs://haruna/home/byte_data_seed/lf_lq/speech/user/huangzhiying.92/data/bigtts/WFVAE_v2_labv3_punc_1879h/libritts_clean_460/LibriTTS_train-clean-360_5935/chunk*/*.tar
hdfs://haruna/home/byte_data_seed/lf_lq/speech/user/huangzhiying.92/data/bigtts/WFVAE_v2_labv3_punc_1879h/libritts_clean_460/LibriTTS_train-clean-360_593/chunk*/*.tar
hdfs://haruna/home/byte_data_seed/lf_lq/speech/user/huangzhiying.92/data/bigtts/WFVAE_v2_labv3_punc_1879h/libritts_clean_460/LibriTTS_train-clean-360_5940/chunk*/*.tar
hdfs://haruna/home/byte_data_seed/lf_lq/speech/user/huangzhiying.92/data/bigtts/WFVAE_v2_labv3_punc_1879h/libritts_clean_460/LibriTTS_train-clean-360_594/chunk*/*.tar
hdfs://haruna/home/byte_data_seed/lf_lq/speech/user/huangzhiying.92/data/bigtts/WFVAE_v2_labv3_punc_1879h/libritts_clean_460/LibriTTS_train-clean-360_5968/chunk*/*.tar
hdfs://haruna/home/byte_data_seed/lf_lq/speech/user/huangzhiying.92/data/bigtts/WFVAE_v2_labv3_punc_1879h/libritts_clean_460/LibriTTS_train-clean-360_596/chunk*/*.tar
hdfs://haruna/home/byte_data_seed/lf_lq/speech/user/huangzhiying.92/data/bigtts/WFVAE_v2_labv3_punc_1879h/libritts_clean_460/LibriTTS_train-clean-360_5975/chunk*/*.tar
hdfs://haruna/home/byte_data_seed/lf_lq/speech/user/huangzhiying.92/data/bigtts/WFVAE_v2_labv3_punc_1879h/libritts_clean_460/LibriTTS_train-clean-360_597/chunk*/*.tar
hdfs://haruna/home/byte_data_seed/lf_lq/speech/user/huangzhiying.92/data/bigtts/WFVAE_v2_labv3_punc_1879h/libritts_clean_460/LibriTTS_train-clean-360_5984/chunk*/*.tar
hdfs://haruna/home/byte_data_seed/lf_lq/speech/user/huangzhiying.92/data/bigtts/WFVAE_v2_labv3_punc_1879h/libritts_clean_460/LibriTTS_train-clean-360_5985/chunk*/*.tar
hdfs://haruna/home/byte_data_seed/lf_lq/speech/user/huangzhiying.92/data/bigtts/WFVAE_v2_labv3_punc_1879h/libritts_clean_460/LibriTTS_train-clean-360_598/chunk*/*.tar
hdfs://haruna/home/byte_data_seed/lf_lq/speech/user/huangzhiying.92/data/bigtts/WFVAE_v2_labv3_punc_1879h/libritts_clean_460/LibriTTS_train-clean-360_6006/chunk*/*.tar
hdfs://haruna/home/byte_data_seed/lf_lq/speech/user/huangzhiying.92/data/bigtts/WFVAE_v2_labv3_punc_1879h/libritts_clean_460/LibriTTS_train-clean-360_6014/chunk*/*.tar
hdfs://haruna/home/byte_data_seed/lf_lq/speech/user/huangzhiying.92/data/bigtts/WFVAE_v2_labv3_punc_1879h/libritts_clean_460/LibriTTS_train-clean-360_6032/chunk*/*.tar
hdfs://haruna/home/byte_data_seed/lf_lq/speech/user/huangzhiying.92/data/bigtts/WFVAE_v2_labv3_punc_1879h/libritts_clean_460/LibriTTS_train-clean-360_6037/chunk*/*.tar
hdfs://haruna/home/byte_data_seed/lf_lq/speech/user/huangzhiying.92/data/bigtts/WFVAE_v2_labv3_punc_1879h/libritts_clean_460/LibriTTS_train-clean-360_6038/chunk*/*.tar
hdfs://haruna/home/byte_data_seed/lf_lq/speech/user/huangzhiying.92/data/bigtts/WFVAE_v2_labv3_punc_1879h/libritts_clean_460/LibriTTS_train-clean-360_6054/chunk*/*.tar
hdfs://haruna/home/byte_data_seed/lf_lq/speech/user/huangzhiying.92/data/bigtts/WFVAE_v2_labv3_punc_1879h/libritts_clean_460/LibriTTS_train-clean-360_6060/chunk*/*.tar
hdfs://haruna/home/byte_data_seed/lf_lq/speech/user/huangzhiying.92/data/bigtts/WFVAE_v2_labv3_punc_1879h/libritts_clean_460/LibriTTS_train-clean-360_606/chunk*/*.tar
hdfs://haruna/home/byte_data_seed/lf_lq/speech/user/huangzhiying.92/data/bigtts/WFVAE_v2_labv3_punc_1879h/libritts_clean_460/LibriTTS_train-clean-360_6075/chunk*/*.tar
hdfs://haruna/home/byte_data_seed/lf_lq/speech/user/huangzhiying.92/data/bigtts/WFVAE_v2_labv3_punc_1879h/libritts_clean_460/LibriTTS_train-clean-360_6080/chunk*/*.tar
hdfs://haruna/home/byte_data_seed/lf_lq/speech/user/huangzhiying.92/data/bigtts/WFVAE_v2_labv3_punc_1879h/libritts_clean_460/LibriTTS_train-clean-360_6082/chunk*/*.tar
hdfs://haruna/home/byte_data_seed/lf_lq/speech/user/huangzhiying.92/data/bigtts/WFVAE_v2_labv3_punc_1879h/libritts_clean_460/LibriTTS_train-clean-360_6098/chunk*/*.tar
hdfs://haruna/home/byte_data_seed/lf_lq/speech/user/huangzhiying.92/data/bigtts/WFVAE_v2_labv3_punc_1879h/libritts_clean_460/LibriTTS_train-clean-360_6099/chunk*/*.tar
hdfs://haruna/home/byte_data_seed/lf_lq/speech/user/huangzhiying.92/data/bigtts/WFVAE_v2_labv3_punc_1879h/libritts_clean_460/LibriTTS_train-clean-360_6104/chunk*/*.tar
hdfs://haruna/home/byte_data_seed/lf_lq/speech/user/huangzhiying.92/data/bigtts/WFVAE_v2_labv3_punc_1879h/libritts_clean_460/LibriTTS_train-clean-360_6115/chunk*/*.tar
hdfs://haruna/home/byte_data_seed/lf_lq/speech/user/huangzhiying.92/data/bigtts/WFVAE_v2_labv3_punc_1879h/libritts_clean_460/LibriTTS_train-clean-360_6119/chunk*/*.tar
hdfs://haruna/home/byte_data_seed/lf_lq/speech/user/huangzhiying.92/data/bigtts/WFVAE_v2_labv3_punc_1879h/libritts_clean_460/LibriTTS_train-clean-360_6120/chunk*/*.tar
hdfs://haruna/home/byte_data_seed/lf_lq/speech/user/huangzhiying.92/data/bigtts/WFVAE_v2_labv3_punc_1879h/libritts_clean_460/LibriTTS_train-clean-360_612/chunk*/*.tar
hdfs://haruna/home/byte_data_seed/lf_lq/speech/user/huangzhiying.92/data/bigtts/WFVAE_v2_labv3_punc_1879h/libritts_clean_460/LibriTTS_train-clean-360_6139/chunk*/*.tar
hdfs://haruna/home/byte_data_seed/lf_lq/speech/user/huangzhiying.92/data/bigtts/WFVAE_v2_labv3_punc_1879h/libritts_clean_460/LibriTTS_train-clean-360_6157/chunk*/*.tar
hdfs://haruna/home/byte_data_seed/lf_lq/speech/user/huangzhiying.92/data/bigtts/WFVAE_v2_labv3_punc_1879h/libritts_clean_460/LibriTTS_train-clean-360_6160/chunk*/*.tar
hdfs://haruna/home/byte_data_seed/lf_lq/speech/user/huangzhiying.92/data/bigtts/WFVAE_v2_labv3_punc_1879h/libritts_clean_460/LibriTTS_train-clean-360_6167/chunk*/*.tar
hdfs://haruna/home/byte_data_seed/lf_lq/speech/user/huangzhiying.92/data/bigtts/WFVAE_v2_labv3_punc_1879h/libritts_clean_460/LibriTTS_train-clean-360_6188/chunk*/*.tar
hdfs://haruna/home/byte_data_seed/lf_lq/speech/user/huangzhiying.92/data/bigtts/WFVAE_v2_labv3_punc_1879h/libritts_clean_460/LibriTTS_train-clean-360_6189/chunk*/*.tar
hdfs://haruna/home/byte_data_seed/lf_lq/speech/user/huangzhiying.92/data/bigtts/WFVAE_v2_labv3_punc_1879h/libritts_clean_460/LibriTTS_train-clean-360_6206/chunk*/*.tar
hdfs://haruna/home/byte_data_seed/lf_lq/speech/user/huangzhiying.92/data/bigtts/WFVAE_v2_labv3_punc_1879h/libritts_clean_460/LibriTTS_train-clean-360_6215/chunk*/*.tar
hdfs://haruna/home/byte_data_seed/lf_lq/speech/user/huangzhiying.92/data/bigtts/WFVAE_v2_labv3_punc_1879h/libritts_clean_460/LibriTTS_train-clean-360_6233/chunk*/*.tar
hdfs://haruna/home/byte_data_seed/lf_lq/speech/user/huangzhiying.92/data/bigtts/WFVAE_v2_labv3_punc_1879h/libritts_clean_460/LibriTTS_train-clean-360_6235/chunk*/*.tar
hdfs://haruna/home/byte_data_seed/lf_lq/speech/user/huangzhiying.92/data/bigtts/WFVAE_v2_labv3_punc_1879h/libritts_clean_460/LibriTTS_train-clean-360_6258/chunk*/*.tar
hdfs://haruna/home/byte_data_seed/lf_lq/speech/user/huangzhiying.92/data/bigtts/WFVAE_v2_labv3_punc_1879h/libritts_clean_460/LibriTTS_train-clean-360_6269/chunk*/*.tar
hdfs://haruna/home/byte_data_seed/lf_lq/speech/user/huangzhiying.92/data/bigtts/WFVAE_v2_labv3_punc_1879h/libritts_clean_460/LibriTTS_train-clean-360_6286/chunk*/*.tar
hdfs://haruna/home/byte_data_seed/lf_lq/speech/user/huangzhiying.92/data/bigtts/WFVAE_v2_labv3_punc_1879h/libritts_clean_460/LibriTTS_train-clean-360_6288/chunk*/*.tar
hdfs://haruna/home/byte_data_seed/lf_lq/speech/user/huangzhiying.92/data/bigtts/WFVAE_v2_labv3_punc_1879h/libritts_clean_460/LibriTTS_train-clean-360_6294/chunk*/*.tar
hdfs://haruna/home/byte_data_seed/lf_lq/speech/user/huangzhiying.92/data/bigtts/WFVAE_v2_labv3_punc_1879h/libritts_clean_460/LibriTTS_train-clean-360_6300/chunk*/*.tar
hdfs://haruna/home/byte_data_seed/lf_lq/speech/user/huangzhiying.92/data/bigtts/WFVAE_v2_labv3_punc_1879h/libritts_clean_460/LibriTTS_train-clean-360_6308/chunk*/*.tar
hdfs://haruna/home/byte_data_seed/lf_lq/speech/user/huangzhiying.92/data/bigtts/WFVAE_v2_labv3_punc_1879h/libritts_clean_460/LibriTTS_train-clean-360_6317/chunk*/*.tar
hdfs://haruna/home/byte_data_seed/lf_lq/speech/user/huangzhiying.92/data/bigtts/WFVAE_v2_labv3_punc_1879h/libritts_clean_460/LibriTTS_train-clean-360_6330/chunk*/*.tar
hdfs://haruna/home/byte_data_seed/lf_lq/speech/user/huangzhiying.92/data/bigtts/WFVAE_v2_labv3_punc_1879h/libritts_clean_460/LibriTTS_train-clean-360_6339/chunk*/*.tar
hdfs://haruna/home/byte_data_seed/lf_lq/speech/user/huangzhiying.92/data/bigtts/WFVAE_v2_labv3_punc_1879h/libritts_clean_460/LibriTTS_train-clean-360_6341/chunk*/*.tar
hdfs://haruna/home/byte_data_seed/lf_lq/speech/user/huangzhiying.92/data/bigtts/WFVAE_v2_labv3_punc_1879h/libritts_clean_460/LibriTTS_train-clean-360_6352/chunk*/*.tar
hdfs://haruna/home/byte_data_seed/lf_lq/speech/user/huangzhiying.92/data/bigtts/WFVAE_v2_labv3_punc_1879h/libritts_clean_460/LibriTTS_train-clean-360_6359/chunk*/*.tar
hdfs://haruna/home/byte_data_seed/lf_lq/speech/user/huangzhiying.92/data/bigtts/WFVAE_v2_labv3_punc_1879h/libritts_clean_460/LibriTTS_train-clean-360_636/chunk*/*.tar
hdfs://haruna/home/byte_data_seed/lf_lq/speech/user/huangzhiying.92/data/bigtts/WFVAE_v2_labv3_punc_1879h/libritts_clean_460/LibriTTS_train-clean-360_6371/chunk*/*.tar
hdfs://haruna/home/byte_data_seed/lf_lq/speech/user/huangzhiying.92/data/bigtts/WFVAE_v2_labv3_punc_1879h/libritts_clean_460/LibriTTS_train-clean-360_6373/chunk*/*.tar
hdfs://haruna/home/byte_data_seed/lf_lq/speech/user/huangzhiying.92/data/bigtts/WFVAE_v2_labv3_punc_1879h/libritts_clean_460/LibriTTS_train-clean-360_6378/chunk*/*.tar
hdfs://haruna/home/byte_data_seed/lf_lq/speech/user/huangzhiying.92/data/bigtts/WFVAE_v2_labv3_punc_1879h/libritts_clean_460/LibriTTS_train-clean-360_637/chunk*/*.tar
hdfs://haruna/home/byte_data_seed/lf_lq/speech/user/huangzhiying.92/data/bigtts/WFVAE_v2_labv3_punc_1879h/libritts_clean_460/LibriTTS_train-clean-360_6388/chunk*/*.tar
hdfs://haruna/home/byte_data_seed/lf_lq/speech/user/huangzhiying.92/data/bigtts/WFVAE_v2_labv3_punc_1879h/libritts_clean_460/LibriTTS_train-clean-360_6395/chunk*/*.tar
hdfs://haruna/home/byte_data_seed/lf_lq/speech/user/huangzhiying.92/data/bigtts/WFVAE_v2_labv3_punc_1879h/libritts_clean_460/LibriTTS_train-clean-360_639/chunk*/*.tar
hdfs://haruna/home/byte_data_seed/lf_lq/speech/user/huangzhiying.92/data/bigtts/WFVAE_v2_labv3_punc_1879h/libritts_clean_460/LibriTTS_train-clean-360_6406/chunk*/*.tar
hdfs://haruna/home/byte_data_seed/lf_lq/speech/user/huangzhiying.92/data/bigtts/WFVAE_v2_labv3_punc_1879h/libritts_clean_460/LibriTTS_train-clean-360_6426/chunk*/*.tar
hdfs://haruna/home/byte_data_seed/lf_lq/speech/user/huangzhiying.92/data/bigtts/WFVAE_v2_labv3_punc_1879h/libritts_clean_460/LibriTTS_train-clean-360_6446/chunk*/*.tar
hdfs://haruna/home/byte_data_seed/lf_lq/speech/user/huangzhiying.92/data/bigtts/WFVAE_v2_labv3_punc_1879h/libritts_clean_460/LibriTTS_train-clean-360_6458/chunk*/*.tar
hdfs://haruna/home/byte_data_seed/lf_lq/speech/user/huangzhiying.92/data/bigtts/WFVAE_v2_labv3_punc_1879h/libritts_clean_460/LibriTTS_train-clean-360_6492/chunk*/*.tar
hdfs://haruna/home/byte_data_seed/lf_lq/speech/user/huangzhiying.92/data/bigtts/WFVAE_v2_labv3_punc_1879h/libritts_clean_460/LibriTTS_train-clean-360_6494/chunk*/*.tar
hdfs://haruna/home/byte_data_seed/lf_lq/speech/user/huangzhiying.92/data/bigtts/WFVAE_v2_labv3_punc_1879h/libritts_clean_460/LibriTTS_train-clean-360_6497/chunk*/*.tar
hdfs://haruna/home/byte_data_seed/lf_lq/speech/user/huangzhiying.92/data/bigtts/WFVAE_v2_labv3_punc_1879h/libritts_clean_460/LibriTTS_train-clean-360_6499/chunk*/*.tar
hdfs://haruna/home/byte_data_seed/lf_lq/speech/user/huangzhiying.92/data/bigtts/WFVAE_v2_labv3_punc_1879h/libritts_clean_460/LibriTTS_train-clean-360_64/chunk*/*.tar
hdfs://haruna/home/byte_data_seed/lf_lq/speech/user/huangzhiying.92/data/bigtts/WFVAE_v2_labv3_punc_1879h/libritts_clean_460/LibriTTS_train-clean-360_6505/chunk*/*.tar
hdfs://haruna/home/byte_data_seed/lf_lq/speech/user/huangzhiying.92/data/bigtts/WFVAE_v2_labv3_punc_1879h/libritts_clean_460/LibriTTS_train-clean-360_6509/chunk*/*.tar
hdfs://haruna/home/byte_data_seed/lf_lq/speech/user/huangzhiying.92/data/bigtts/WFVAE_v2_labv3_punc_1879h/libritts_clean_460/LibriTTS_train-clean-360_6510/chunk*/*.tar
hdfs://haruna/home/byte_data_seed/lf_lq/speech/user/huangzhiying.92/data/bigtts/WFVAE_v2_labv3_punc_1879h/libritts_clean_460/LibriTTS_train-clean-360_6518/chunk*/*.tar
hdfs://haruna/home/byte_data_seed/lf_lq/speech/user/huangzhiying.92/data/bigtts/WFVAE_v2_labv3_punc_1879h/libritts_clean_460/LibriTTS_train-clean-360_6519/chunk*/*.tar
hdfs://haruna/home/byte_data_seed/lf_lq/speech/user/huangzhiying.92/data/bigtts/WFVAE_v2_labv3_punc_1879h/libritts_clean_460/LibriTTS_train-clean-360_6538/chunk*/*.tar
hdfs://haruna/home/byte_data_seed/lf_lq/speech/user/huangzhiying.92/data/bigtts/WFVAE_v2_labv3_punc_1879h/libritts_clean_460/LibriTTS_train-clean-360_6544/chunk*/*.tar
hdfs://haruna/home/byte_data_seed/lf_lq/speech/user/huangzhiying.92/data/bigtts/WFVAE_v2_labv3_punc_1879h/libritts_clean_460/LibriTTS_train-clean-360_6550/chunk*/*.tar
hdfs://haruna/home/byte_data_seed/lf_lq/speech/user/huangzhiying.92/data/bigtts/WFVAE_v2_labv3_punc_1879h/libritts_clean_460/LibriTTS_train-clean-360_6553/chunk*/*.tar
hdfs://haruna/home/byte_data_seed/lf_lq/speech/user/huangzhiying.92/data/bigtts/WFVAE_v2_labv3_punc_1879h/libritts_clean_460/LibriTTS_train-clean-360_6555/chunk*/*.tar
hdfs://haruna/home/byte_data_seed/lf_lq/speech/user/huangzhiying.92/data/bigtts/WFVAE_v2_labv3_punc_1879h/libritts_clean_460/LibriTTS_train-clean-360_6567/chunk*/*.tar
hdfs://haruna/home/byte_data_seed/lf_lq/speech/user/huangzhiying.92/data/bigtts/WFVAE_v2_labv3_punc_1879h/libritts_clean_460/LibriTTS_train-clean-360_6574/chunk*/*.tar
hdfs://haruna/home/byte_data_seed/lf_lq/speech/user/huangzhiying.92/data/bigtts/WFVAE_v2_labv3_punc_1879h/libritts_clean_460/LibriTTS_train-clean-360_6575/chunk*/*.tar
hdfs://haruna/home/byte_data_seed/lf_lq/speech/user/huangzhiying.92/data/bigtts/WFVAE_v2_labv3_punc_1879h/libritts_clean_460/LibriTTS_train-clean-360_6620/chunk*/*.tar
hdfs://haruna/home/byte_data_seed/lf_lq/speech/user/huangzhiying.92/data/bigtts/WFVAE_v2_labv3_punc_1879h/libritts_clean_460/LibriTTS_train-clean-360_6637/chunk*/*.tar
hdfs://haruna/home/byte_data_seed/lf_lq/speech/user/huangzhiying.92/data/bigtts/WFVAE_v2_labv3_punc_1879h/libritts_clean_460/LibriTTS_train-clean-360_663/chunk*/*.tar
hdfs://haruna/home/byte_data_seed/lf_lq/speech/user/huangzhiying.92/data/bigtts/WFVAE_v2_labv3_punc_1879h/libritts_clean_460/LibriTTS_train-clean-360_6643/chunk*/*.tar
hdfs://haruna/home/byte_data_seed/lf_lq/speech/user/huangzhiying.92/data/bigtts/WFVAE_v2_labv3_punc_1879h/libritts_clean_460/LibriTTS_train-clean-360_664/chunk*/*.tar
hdfs://haruna/home/byte_data_seed/lf_lq/speech/user/huangzhiying.92/data/bigtts/WFVAE_v2_labv3_punc_1879h/libritts_clean_460/LibriTTS_train-clean-360_666/chunk*/*.tar
hdfs://haruna/home/byte_data_seed/lf_lq/speech/user/huangzhiying.92/data/bigtts/WFVAE_v2_labv3_punc_1879h/libritts_clean_460/LibriTTS_train-clean-360_6673/chunk*/*.tar
hdfs://haruna/home/byte_data_seed/lf_lq/speech/user/huangzhiying.92/data/bigtts/WFVAE_v2_labv3_punc_1879h/libritts_clean_460/LibriTTS_train-clean-360_667/chunk*/*.tar
hdfs://haruna/home/byte_data_seed/lf_lq/speech/user/huangzhiying.92/data/bigtts/WFVAE_v2_labv3_punc_1879h/libritts_clean_460/LibriTTS_train-clean-360_6683/chunk*/*.tar
hdfs://haruna/home/byte_data_seed/lf_lq/speech/user/huangzhiying.92/data/bigtts/WFVAE_v2_labv3_punc_1879h/libritts_clean_460/LibriTTS_train-clean-360_6686/chunk*/*.tar
hdfs://haruna/home/byte_data_seed/lf_lq/speech/user/huangzhiying.92/data/bigtts/WFVAE_v2_labv3_punc_1879h/libritts_clean_460/LibriTTS_train-clean-360_6690/chunk*/*.tar
hdfs://haruna/home/byte_data_seed/lf_lq/speech/user/huangzhiying.92/data/bigtts/WFVAE_v2_labv3_punc_1879h/libritts_clean_460/LibriTTS_train-clean-360_6694/chunk*/*.tar
hdfs://haruna/home/byte_data_seed/lf_lq/speech/user/huangzhiying.92/data/bigtts/WFVAE_v2_labv3_punc_1879h/libritts_clean_460/LibriTTS_train-clean-360_6696/chunk*/*.tar
hdfs://haruna/home/byte_data_seed/lf_lq/speech/user/huangzhiying.92/data/bigtts/WFVAE_v2_labv3_punc_1879h/libritts_clean_460/LibriTTS_train-clean-360_6701/chunk*/*.tar
hdfs://haruna/home/byte_data_seed/lf_lq/speech/user/huangzhiying.92/data/bigtts/WFVAE_v2_labv3_punc_1879h/libritts_clean_460/LibriTTS_train-clean-360_6727/chunk*/*.tar
hdfs://haruna/home/byte_data_seed/lf_lq/speech/user/huangzhiying.92/data/bigtts/WFVAE_v2_labv3_punc_1879h/libritts_clean_460/LibriTTS_train-clean-360_6763/chunk*/*.tar
hdfs://haruna/home/byte_data_seed/lf_lq/speech/user/huangzhiying.92/data/bigtts/WFVAE_v2_labv3_punc_1879h/libritts_clean_460/LibriTTS_train-clean-360_6782/chunk*/*.tar
hdfs://haruna/home/byte_data_seed/lf_lq/speech/user/huangzhiying.92/data/bigtts/WFVAE_v2_labv3_punc_1879h/libritts_clean_460/LibriTTS_train-clean-360_6788/chunk*/*.tar
hdfs://haruna/home/byte_data_seed/lf_lq/speech/user/huangzhiying.92/data/bigtts/WFVAE_v2_labv3_punc_1879h/libritts_clean_460/LibriTTS_train-clean-360_6828/chunk*/*.tar
hdfs://haruna/home/byte_data_seed/lf_lq/speech/user/huangzhiying.92/data/bigtts/WFVAE_v2_labv3_punc_1879h/libritts_clean_460/LibriTTS_train-clean-360_6865/chunk*/*.tar
hdfs://haruna/home/byte_data_seed/lf_lq/speech/user/huangzhiying.92/data/bigtts/WFVAE_v2_labv3_punc_1879h/libritts_clean_460/LibriTTS_train-clean-360_6877/chunk*/*.tar
hdfs://haruna/home/byte_data_seed/lf_lq/speech/user/huangzhiying.92/data/bigtts/WFVAE_v2_labv3_punc_1879h/libritts_clean_460/LibriTTS_train-clean-360_688/chunk*/*.tar
hdfs://haruna/home/byte_data_seed/lf_lq/speech/user/huangzhiying.92/data/bigtts/WFVAE_v2_labv3_punc_1879h/libritts_clean_460/LibriTTS_train-clean-360_6895/chunk*/*.tar
hdfs://haruna/home/byte_data_seed/lf_lq/speech/user/huangzhiying.92/data/bigtts/WFVAE_v2_labv3_punc_1879h/libritts_clean_460/LibriTTS_train-clean-360_6904/chunk*/*.tar
hdfs://haruna/home/byte_data_seed/lf_lq/speech/user/huangzhiying.92/data/bigtts/WFVAE_v2_labv3_punc_1879h/libritts_clean_460/LibriTTS_train-clean-360_6918/chunk*/*.tar
hdfs://haruna/home/byte_data_seed/lf_lq/speech/user/huangzhiying.92/data/bigtts/WFVAE_v2_labv3_punc_1879h/libritts_clean_460/LibriTTS_train-clean-360_6924/chunk*/*.tar
hdfs://haruna/home/byte_data_seed/lf_lq/speech/user/huangzhiying.92/data/bigtts/WFVAE_v2_labv3_punc_1879h/libritts_clean_460/LibriTTS_train-clean-360_6927/chunk*/*.tar
hdfs://haruna/home/byte_data_seed/lf_lq/speech/user/huangzhiying.92/data/bigtts/WFVAE_v2_labv3_punc_1879h/libritts_clean_460/LibriTTS_train-clean-360_6937/chunk*/*.tar
hdfs://haruna/home/byte_data_seed/lf_lq/speech/user/huangzhiying.92/data/bigtts/WFVAE_v2_labv3_punc_1879h/libritts_clean_460/LibriTTS_train-clean-360_6956/chunk*/*.tar
hdfs://haruna/home/byte_data_seed/lf_lq/speech/user/huangzhiying.92/data/bigtts/WFVAE_v2_labv3_punc_1879h/libritts_clean_460/LibriTTS_train-clean-360_6965/chunk*/*.tar
hdfs://haruna/home/byte_data_seed/lf_lq/speech/user/huangzhiying.92/data/bigtts/WFVAE_v2_labv3_punc_1879h/libritts_clean_460/LibriTTS_train-clean-360_6981/chunk*/*.tar
hdfs://haruna/home/byte_data_seed/lf_lq/speech/user/huangzhiying.92/data/bigtts/WFVAE_v2_labv3_punc_1879h/libritts_clean_460/LibriTTS_train-clean-360_698/chunk*/*.tar
hdfs://haruna/home/byte_data_seed/lf_lq/speech/user/huangzhiying.92/data/bigtts/WFVAE_v2_labv3_punc_1879h/libritts_clean_460/LibriTTS_train-clean-360_6993/chunk*/*.tar
hdfs://haruna/home/byte_data_seed/lf_lq/speech/user/huangzhiying.92/data/bigtts/WFVAE_v2_labv3_punc_1879h/libritts_clean_460/LibriTTS_train-clean-360_699/chunk*/*.tar
hdfs://haruna/home/byte_data_seed/lf_lq/speech/user/huangzhiying.92/data/bigtts/WFVAE_v2_labv3_punc_1879h/libritts_clean_460/LibriTTS_train-clean-360_7000/chunk*/*.tar
hdfs://haruna/home/byte_data_seed/lf_lq/speech/user/huangzhiying.92/data/bigtts/WFVAE_v2_labv3_punc_1879h/libritts_clean_460/LibriTTS_train-clean-360_7011/chunk*/*.tar
hdfs://haruna/home/byte_data_seed/lf_lq/speech/user/huangzhiying.92/data/bigtts/WFVAE_v2_labv3_punc_1879h/libritts_clean_460/LibriTTS_train-clean-360_7030/chunk*/*.tar
hdfs://haruna/home/byte_data_seed/lf_lq/speech/user/huangzhiying.92/data/bigtts/WFVAE_v2_labv3_punc_1879h/libritts_clean_460/LibriTTS_train-clean-360_7051/chunk*/*.tar
hdfs://haruna/home/byte_data_seed/lf_lq/speech/user/huangzhiying.92/data/bigtts/WFVAE_v2_labv3_punc_1879h/libritts_clean_460/LibriTTS_train-clean-360_7061/chunk*/*.tar
hdfs://haruna/home/byte_data_seed/lf_lq/speech/user/huangzhiying.92/data/bigtts/WFVAE_v2_labv3_punc_1879h/libritts_clean_460/LibriTTS_train-clean-360_7069/chunk*/*.tar
hdfs://haruna/home/byte_data_seed/lf_lq/speech/user/huangzhiying.92/data/bigtts/WFVAE_v2_labv3_punc_1879h/libritts_clean_460/LibriTTS_train-clean-360_707/chunk*/*.tar
hdfs://haruna/home/byte_data_seed/lf_lq/speech/user/huangzhiying.92/data/bigtts/WFVAE_v2_labv3_punc_1879h/libritts_clean_460/LibriTTS_train-clean-360_7085/chunk*/*.tar
hdfs://haruna/home/byte_data_seed/lf_lq/speech/user/huangzhiying.92/data/bigtts/WFVAE_v2_labv3_punc_1879h/libritts_clean_460/LibriTTS_train-clean-360_708/chunk*/*.tar
hdfs://haruna/home/byte_data_seed/lf_lq/speech/user/huangzhiying.92/data/bigtts/WFVAE_v2_labv3_punc_1879h/libritts_clean_460/LibriTTS_train-clean-360_7090/chunk*/*.tar
hdfs://haruna/home/byte_data_seed/lf_lq/speech/user/huangzhiying.92/data/bigtts/WFVAE_v2_labv3_punc_1879h/libritts_clean_460/LibriTTS_train-clean-360_7095/chunk*/*.tar
hdfs://haruna/home/byte_data_seed/lf_lq/speech/user/huangzhiying.92/data/bigtts/WFVAE_v2_labv3_punc_1879h/libritts_clean_460/LibriTTS_train-clean-360_70/chunk*/*.tar
hdfs://haruna/home/byte_data_seed/lf_lq/speech/user/huangzhiying.92/data/bigtts/WFVAE_v2_labv3_punc_1879h/libritts_clean_460/LibriTTS_train-clean-360_7117/chunk*/*.tar
hdfs://haruna/home/byte_data_seed/lf_lq/speech/user/huangzhiying.92/data/bigtts/WFVAE_v2_labv3_punc_1879h/libritts_clean_460/LibriTTS_train-clean-360_711/chunk*/*.tar
hdfs://haruna/home/byte_data_seed/lf_lq/speech/user/huangzhiying.92/data/bigtts/WFVAE_v2_labv3_punc_1879h/libritts_clean_460/LibriTTS_train-clean-360_7120/chunk*/*.tar
hdfs://haruna/home/byte_data_seed/lf_lq/speech/user/huangzhiying.92/data/bigtts/WFVAE_v2_labv3_punc_1879h/libritts_clean_460/LibriTTS_train-clean-360_7126/chunk*/*.tar
hdfs://haruna/home/byte_data_seed/lf_lq/speech/user/huangzhiying.92/data/bigtts/WFVAE_v2_labv3_punc_1879h/libritts_clean_460/LibriTTS_train-clean-360_7128/chunk*/*.tar
hdfs://haruna/home/byte_data_seed/lf_lq/speech/user/huangzhiying.92/data/bigtts/WFVAE_v2_labv3_punc_1879h/libritts_clean_460/LibriTTS_train-clean-360_7134/chunk*/*.tar
hdfs://haruna/home/byte_data_seed/lf_lq/speech/user/huangzhiying.92/data/bigtts/WFVAE_v2_labv3_punc_1879h/libritts_clean_460/LibriTTS_train-clean-360_7139/chunk*/*.tar
hdfs://haruna/home/byte_data_seed/lf_lq/speech/user/huangzhiying.92/data/bigtts/WFVAE_v2_labv3_punc_1879h/libritts_clean_460/LibriTTS_train-clean-360_7140/chunk*/*.tar
hdfs://haruna/home/byte_data_seed/lf_lq/speech/user/huangzhiying.92/data/bigtts/WFVAE_v2_labv3_punc_1879h/libritts_clean_460/LibriTTS_train-clean-360_7145/chunk*/*.tar
hdfs://haruna/home/byte_data_seed/lf_lq/speech/user/huangzhiying.92/data/bigtts/WFVAE_v2_labv3_punc_1879h/libritts_clean_460/LibriTTS_train-clean-360_7169/chunk*/*.tar
hdfs://haruna/home/byte_data_seed/lf_lq/speech/user/huangzhiying.92/data/bigtts/WFVAE_v2_labv3_punc_1879h/libritts_clean_460/LibriTTS_train-clean-360_716/chunk*/*.tar
hdfs://haruna/home/byte_data_seed/lf_lq/speech/user/huangzhiying.92/data/bigtts/WFVAE_v2_labv3_punc_1879h/libritts_clean_460/LibriTTS_train-clean-360_7188/chunk*/*.tar
hdfs://haruna/home/byte_data_seed/lf_lq/speech/user/huangzhiying.92/data/bigtts/WFVAE_v2_labv3_punc_1879h/libritts_clean_460/LibriTTS_train-clean-360_718/chunk*/*.tar
hdfs://haruna/home/byte_data_seed/lf_lq/speech/user/huangzhiying.92/data/bigtts/WFVAE_v2_labv3_punc_1879h/libritts_clean_460/LibriTTS_train-clean-360_7229/chunk*/*.tar
hdfs://haruna/home/byte_data_seed/lf_lq/speech/user/huangzhiying.92/data/bigtts/WFVAE_v2_labv3_punc_1879h/libritts_clean_460/LibriTTS_train-clean-360_7240/chunk*/*.tar
hdfs://haruna/home/byte_data_seed/lf_lq/speech/user/huangzhiying.92/data/bigtts/WFVAE_v2_labv3_punc_1879h/libritts_clean_460/LibriTTS_train-clean-360_7241/chunk*/*.tar
hdfs://haruna/home/byte_data_seed/lf_lq/speech/user/huangzhiying.92/data/bigtts/WFVAE_v2_labv3_punc_1879h/libritts_clean_460/LibriTTS_train-clean-360_7245/chunk*/*.tar
hdfs://haruna/home/byte_data_seed/lf_lq/speech/user/huangzhiying.92/data/bigtts/WFVAE_v2_labv3_punc_1879h/libritts_clean_460/LibriTTS_train-clean-360_7247/chunk*/*.tar
hdfs://haruna/home/byte_data_seed/lf_lq/speech/user/huangzhiying.92/data/bigtts/WFVAE_v2_labv3_punc_1879h/libritts_clean_460/LibriTTS_train-clean-360_724/chunk*/*.tar
hdfs://haruna/home/byte_data_seed/lf_lq/speech/user/huangzhiying.92/data/bigtts/WFVAE_v2_labv3_punc_1879h/libritts_clean_460/LibriTTS_train-clean-360_7258/chunk*/*.tar
hdfs://haruna/home/byte_data_seed/lf_lq/speech/user/huangzhiying.92/data/bigtts/WFVAE_v2_labv3_punc_1879h/libritts_clean_460/LibriTTS_train-clean-360_7276/chunk*/*.tar
hdfs://haruna/home/byte_data_seed/lf_lq/speech/user/huangzhiying.92/data/bigtts/WFVAE_v2_labv3_punc_1879h/libritts_clean_460/LibriTTS_train-clean-360_7285/chunk*/*.tar
hdfs://haruna/home/byte_data_seed/lf_lq/speech/user/huangzhiying.92/data/bigtts/WFVAE_v2_labv3_punc_1879h/libritts_clean_460/LibriTTS_train-clean-360_7286/chunk*/*.tar
hdfs://haruna/home/byte_data_seed/lf_lq/speech/user/huangzhiying.92/data/bigtts/WFVAE_v2_labv3_punc_1879h/libritts_clean_460/LibriTTS_train-clean-360_7294/chunk*/*.tar
hdfs://haruna/home/byte_data_seed/lf_lq/speech/user/huangzhiying.92/data/bigtts/WFVAE_v2_labv3_punc_1879h/libritts_clean_460/LibriTTS_train-clean-360_7297/chunk*/*.tar
hdfs://haruna/home/byte_data_seed/lf_lq/speech/user/huangzhiying.92/data/bigtts/WFVAE_v2_labv3_punc_1879h/libritts_clean_460/LibriTTS_train-clean-360_7313/chunk*/*.tar
hdfs://haruna/home/byte_data_seed/lf_lq/speech/user/huangzhiying.92/data/bigtts/WFVAE_v2_labv3_punc_1879h/libritts_clean_460/LibriTTS_train-clean-360_7314/chunk*/*.tar
hdfs://haruna/home/byte_data_seed/lf_lq/speech/user/huangzhiying.92/data/bigtts/WFVAE_v2_labv3_punc_1879h/libritts_clean_460/LibriTTS_train-clean-360_7316/chunk*/*.tar
hdfs://haruna/home/byte_data_seed/lf_lq/speech/user/huangzhiying.92/data/bigtts/WFVAE_v2_labv3_punc_1879h/libritts_clean_460/LibriTTS_train-clean-360_7318/chunk*/*.tar
hdfs://haruna/home/byte_data_seed/lf_lq/speech/user/huangzhiying.92/data/bigtts/WFVAE_v2_labv3_punc_1879h/libritts_clean_460/LibriTTS_train-clean-360_731/chunk*/*.tar
hdfs://haruna/home/byte_data_seed/lf_lq/speech/user/huangzhiying.92/data/bigtts/WFVAE_v2_labv3_punc_1879h/libritts_clean_460/LibriTTS_train-clean-360_7335/chunk*/*.tar
hdfs://haruna/home/byte_data_seed/lf_lq/speech/user/huangzhiying.92/data/bigtts/WFVAE_v2_labv3_punc_1879h/libritts_clean_460/LibriTTS_train-clean-360_7339/chunk*/*.tar
hdfs://haruna/home/byte_data_seed/lf_lq/speech/user/huangzhiying.92/data/bigtts/WFVAE_v2_labv3_punc_1879h/libritts_clean_460/LibriTTS_train-clean-360_7342/chunk*/*.tar
hdfs://haruna/home/byte_data_seed/lf_lq/speech/user/huangzhiying.92/data/bigtts/WFVAE_v2_labv3_punc_1879h/libritts_clean_460/LibriTTS_train-clean-360_7383/chunk*/*.tar
hdfs://haruna/home/byte_data_seed/lf_lq/speech/user/huangzhiying.92/data/bigtts/WFVAE_v2_labv3_punc_1879h/libritts_clean_460/LibriTTS_train-clean-360_7384/chunk*/*.tar
hdfs://haruna/home/byte_data_seed/lf_lq/speech/user/huangzhiying.92/data/bigtts/WFVAE_v2_labv3_punc_1879h/libritts_clean_460/LibriTTS_train-clean-360_7395/chunk*/*.tar
hdfs://haruna/home/byte_data_seed/lf_lq/speech/user/huangzhiying.92/data/bigtts/WFVAE_v2_labv3_punc_1879h/libritts_clean_460/LibriTTS_train-clean-360_7398/chunk*/*.tar
hdfs://haruna/home/byte_data_seed/lf_lq/speech/user/huangzhiying.92/data/bigtts/WFVAE_v2_labv3_punc_1879h/libritts_clean_460/LibriTTS_train-clean-360_7416/chunk*/*.tar
hdfs://haruna/home/byte_data_seed/lf_lq/speech/user/huangzhiying.92/data/bigtts/WFVAE_v2_labv3_punc_1879h/libritts_clean_460/LibriTTS_train-clean-360_7434/chunk*/*.tar
hdfs://haruna/home/byte_data_seed/lf_lq/speech/user/huangzhiying.92/data/bigtts/WFVAE_v2_labv3_punc_1879h/libritts_clean_460/LibriTTS_train-clean-360_7437/chunk*/*.tar
hdfs://haruna/home/byte_data_seed/lf_lq/speech/user/huangzhiying.92/data/bigtts/WFVAE_v2_labv3_punc_1879h/libritts_clean_460/LibriTTS_train-clean-360_7445/chunk*/*.tar
hdfs://haruna/home/byte_data_seed/lf_lq/speech/user/huangzhiying.92/data/bigtts/WFVAE_v2_labv3_punc_1879h/libritts_clean_460/LibriTTS_train-clean-360_7460/chunk*/*.tar
hdfs://haruna/home/byte_data_seed/lf_lq/speech/user/huangzhiying.92/data/bigtts/WFVAE_v2_labv3_punc_1879h/libritts_clean_460/LibriTTS_train-clean-360_7475/chunk*/*.tar
hdfs://haruna/home/byte_data_seed/lf_lq/speech/user/huangzhiying.92/data/bigtts/WFVAE_v2_labv3_punc_1879h/libritts_clean_460/LibriTTS_train-clean-360_7478/chunk*/*.tar
hdfs://haruna/home/byte_data_seed/lf_lq/speech/user/huangzhiying.92/data/bigtts/WFVAE_v2_labv3_punc_1879h/libritts_clean_460/LibriTTS_train-clean-360_7481/chunk*/*.tar
hdfs://haruna/home/byte_data_seed/lf_lq/speech/user/huangzhiying.92/data/bigtts/WFVAE_v2_labv3_punc_1879h/libritts_clean_460/LibriTTS_train-clean-360_7484/chunk*/*.tar
hdfs://haruna/home/byte_data_seed/lf_lq/speech/user/huangzhiying.92/data/bigtts/WFVAE_v2_labv3_punc_1879h/libritts_clean_460/LibriTTS_train-clean-360_7495/chunk*/*.tar
hdfs://haruna/home/byte_data_seed/lf_lq/speech/user/huangzhiying.92/data/bigtts/WFVAE_v2_labv3_punc_1879h/libritts_clean_460/LibriTTS_train-clean-360_7498/chunk*/*.tar
hdfs://haruna/home/byte_data_seed/lf_lq/speech/user/huangzhiying.92/data/bigtts/WFVAE_v2_labv3_punc_1879h/libritts_clean_460/LibriTTS_train-clean-360_7515/chunk*/*.tar
hdfs://haruna/home/byte_data_seed/lf_lq/speech/user/huangzhiying.92/data/bigtts/WFVAE_v2_labv3_punc_1879h/libritts_clean_460/LibriTTS_train-clean-360_7518/chunk*/*.tar
hdfs://haruna/home/byte_data_seed/lf_lq/speech/user/huangzhiying.92/data/bigtts/WFVAE_v2_labv3_punc_1879h/libritts_clean_460/LibriTTS_train-clean-360_7520/chunk*/*.tar
hdfs://haruna/home/byte_data_seed/lf_lq/speech/user/huangzhiying.92/data/bigtts/WFVAE_v2_labv3_punc_1879h/libritts_clean_460/LibriTTS_train-clean-360_7525/chunk*/*.tar
hdfs://haruna/home/byte_data_seed/lf_lq/speech/user/huangzhiying.92/data/bigtts/WFVAE_v2_labv3_punc_1879h/libritts_clean_460/LibriTTS_train-clean-360_7538/chunk*/*.tar
hdfs://haruna/home/byte_data_seed/lf_lq/speech/user/huangzhiying.92/data/bigtts/WFVAE_v2_labv3_punc_1879h/libritts_clean_460/LibriTTS_train-clean-360_7540/chunk*/*.tar
hdfs://haruna/home/byte_data_seed/lf_lq/speech/user/huangzhiying.92/data/bigtts/WFVAE_v2_labv3_punc_1879h/libritts_clean_460/LibriTTS_train-clean-360_7553/chunk*/*.tar
hdfs://haruna/home/byte_data_seed/lf_lq/speech/user/huangzhiying.92/data/bigtts/WFVAE_v2_labv3_punc_1879h/libritts_clean_460/LibriTTS_train-clean-360_7555/chunk*/*.tar
hdfs://haruna/home/byte_data_seed/lf_lq/speech/user/huangzhiying.92/data/bigtts/WFVAE_v2_labv3_punc_1879h/libritts_clean_460/LibriTTS_train-clean-360_7558/chunk*/*.tar
hdfs://haruna/home/byte_data_seed/lf_lq/speech/user/huangzhiying.92/data/bigtts/WFVAE_v2_labv3_punc_1879h/libritts_clean_460/LibriTTS_train-clean-360_7569/chunk*/*.tar
hdfs://haruna/home/byte_data_seed/lf_lq/speech/user/huangzhiying.92/data/bigtts/WFVAE_v2_labv3_punc_1879h/libritts_clean_460/LibriTTS_train-clean-360_7594/chunk*/*.tar
hdfs://haruna/home/byte_data_seed/lf_lq/speech/user/huangzhiying.92/data/bigtts/WFVAE_v2_labv3_punc_1879h/libritts_clean_460/LibriTTS_train-clean-360_7647/chunk*/*.tar
hdfs://haruna/home/byte_data_seed/lf_lq/speech/user/huangzhiying.92/data/bigtts/WFVAE_v2_labv3_punc_1879h/libritts_clean_460/LibriTTS_train-clean-360_764/chunk*/*.tar
hdfs://haruna/home/byte_data_seed/lf_lq/speech/user/huangzhiying.92/data/bigtts/WFVAE_v2_labv3_punc_1879h/libritts_clean_460/LibriTTS_train-clean-360_7657/chunk*/*.tar
hdfs://haruna/home/byte_data_seed/lf_lq/speech/user/huangzhiying.92/data/bigtts/WFVAE_v2_labv3_punc_1879h/libritts_clean_460/LibriTTS_train-clean-360_7665/chunk*/*.tar
hdfs://haruna/home/byte_data_seed/lf_lq/speech/user/huangzhiying.92/data/bigtts/WFVAE_v2_labv3_punc_1879h/libritts_clean_460/LibriTTS_train-clean-360_7688/chunk*/*.tar
hdfs://haruna/home/byte_data_seed/lf_lq/speech/user/huangzhiying.92/data/bigtts/WFVAE_v2_labv3_punc_1879h/libritts_clean_460/LibriTTS_train-clean-360_7704/chunk*/*.tar
hdfs://haruna/home/byte_data_seed/lf_lq/speech/user/huangzhiying.92/data/bigtts/WFVAE_v2_labv3_punc_1879h/libritts_clean_460/LibriTTS_train-clean-360_7705/chunk*/*.tar
hdfs://haruna/home/byte_data_seed/lf_lq/speech/user/huangzhiying.92/data/bigtts/WFVAE_v2_labv3_punc_1879h/libritts_clean_460/LibriTTS_train-clean-360_770/chunk*/*.tar
hdfs://haruna/home/byte_data_seed/lf_lq/speech/user/huangzhiying.92/data/bigtts/WFVAE_v2_labv3_punc_1879h/libritts_clean_460/LibriTTS_train-clean-360_7717/chunk*/*.tar
hdfs://haruna/home/byte_data_seed/lf_lq/speech/user/huangzhiying.92/data/bigtts/WFVAE_v2_labv3_punc_1879h/libritts_clean_460/LibriTTS_train-clean-360_7720/chunk*/*.tar
hdfs://haruna/home/byte_data_seed/lf_lq/speech/user/huangzhiying.92/data/bigtts/WFVAE_v2_labv3_punc_1879h/libritts_clean_460/LibriTTS_train-clean-360_7730/chunk*/*.tar
hdfs://haruna/home/byte_data_seed/lf_lq/speech/user/huangzhiying.92/data/bigtts/WFVAE_v2_labv3_punc_1879h/libritts_clean_460/LibriTTS_train-clean-360_7732/chunk*/*.tar
hdfs://haruna/home/byte_data_seed/lf_lq/speech/user/huangzhiying.92/data/bigtts/WFVAE_v2_labv3_punc_1879h/libritts_clean_460/LibriTTS_train-clean-360_7733/chunk*/*.tar
hdfs://haruna/home/byte_data_seed/lf_lq/speech/user/huangzhiying.92/data/bigtts/WFVAE_v2_labv3_punc_1879h/libritts_clean_460/LibriTTS_train-clean-360_7739/chunk*/*.tar
hdfs://haruna/home/byte_data_seed/lf_lq/speech/user/huangzhiying.92/data/bigtts/WFVAE_v2_labv3_punc_1879h/libritts_clean_460/LibriTTS_train-clean-360_7752/chunk*/*.tar
hdfs://haruna/home/byte_data_seed/lf_lq/speech/user/huangzhiying.92/data/bigtts/WFVAE_v2_labv3_punc_1879h/libritts_clean_460/LibriTTS_train-clean-360_7754/chunk*/*.tar
hdfs://haruna/home/byte_data_seed/lf_lq/speech/user/huangzhiying.92/data/bigtts/WFVAE_v2_labv3_punc_1879h/libritts_clean_460/LibriTTS_train-clean-360_7766/chunk*/*.tar
hdfs://haruna/home/byte_data_seed/lf_lq/speech/user/huangzhiying.92/data/bigtts/WFVAE_v2_labv3_punc_1879h/libritts_clean_460/LibriTTS_train-clean-360_7777/chunk*/*.tar
hdfs://haruna/home/byte_data_seed/lf_lq/speech/user/huangzhiying.92/data/bigtts/WFVAE_v2_labv3_punc_1879h/libritts_clean_460/LibriTTS_train-clean-360_7783/chunk*/*.tar
hdfs://haruna/home/byte_data_seed/lf_lq/speech/user/huangzhiying.92/data/bigtts/WFVAE_v2_labv3_punc_1879h/libritts_clean_460/LibriTTS_train-clean-360_7789/chunk*/*.tar
hdfs://haruna/home/byte_data_seed/lf_lq/speech/user/huangzhiying.92/data/bigtts/WFVAE_v2_labv3_punc_1879h/libritts_clean_460/LibriTTS_train-clean-360_7802/chunk*/*.tar
hdfs://haruna/home/byte_data_seed/lf_lq/speech/user/huangzhiying.92/data/bigtts/WFVAE_v2_labv3_punc_1879h/libritts_clean_460/LibriTTS_train-clean-360_7809/chunk*/*.tar
hdfs://haruna/home/byte_data_seed/lf_lq/speech/user/huangzhiying.92/data/bigtts/WFVAE_v2_labv3_punc_1879h/libritts_clean_460/LibriTTS_train-clean-360_7816/chunk*/*.tar
hdfs://haruna/home/byte_data_seed/lf_lq/speech/user/huangzhiying.92/data/bigtts/WFVAE_v2_labv3_punc_1879h/libritts_clean_460/LibriTTS_train-clean-360_781/chunk*/*.tar
hdfs://haruna/home/byte_data_seed/lf_lq/speech/user/huangzhiying.92/data/bigtts/WFVAE_v2_labv3_punc_1879h/libritts_clean_460/LibriTTS_train-clean-360_7825/chunk*/*.tar
hdfs://haruna/home/byte_data_seed/lf_lq/speech/user/huangzhiying.92/data/bigtts/WFVAE_v2_labv3_punc_1879h/libritts_clean_460/LibriTTS_train-clean-360_7828/chunk*/*.tar
hdfs://haruna/home/byte_data_seed/lf_lq/speech/user/huangzhiying.92/data/bigtts/WFVAE_v2_labv3_punc_1879h/libritts_clean_460/LibriTTS_train-clean-360_7832/chunk*/*.tar
hdfs://haruna/home/byte_data_seed/lf_lq/speech/user/huangzhiying.92/data/bigtts/WFVAE_v2_labv3_punc_1879h/libritts_clean_460/LibriTTS_train-clean-360_7833/chunk*/*.tar
hdfs://haruna/home/byte_data_seed/lf_lq/speech/user/huangzhiying.92/data/bigtts/WFVAE_v2_labv3_punc_1879h/libritts_clean_460/LibriTTS_train-clean-360_7837/chunk*/*.tar
hdfs://haruna/home/byte_data_seed/lf_lq/speech/user/huangzhiying.92/data/bigtts/WFVAE_v2_labv3_punc_1879h/libritts_clean_460/LibriTTS_train-clean-360_783/chunk*/*.tar
hdfs://haruna/home/byte_data_seed/lf_lq/speech/user/huangzhiying.92/data/bigtts/WFVAE_v2_labv3_punc_1879h/libritts_clean_460/LibriTTS_train-clean-360_7867/chunk*/*.tar
hdfs://haruna/home/byte_data_seed/lf_lq/speech/user/huangzhiying.92/data/bigtts/WFVAE_v2_labv3_punc_1879h/libritts_clean_460/LibriTTS_train-clean-360_7868/chunk*/*.tar
hdfs://haruna/home/byte_data_seed/lf_lq/speech/user/huangzhiying.92/data/bigtts/WFVAE_v2_labv3_punc_1879h/libritts_clean_460/LibriTTS_train-clean-360_7874/chunk*/*.tar
hdfs://haruna/home/byte_data_seed/lf_lq/speech/user/huangzhiying.92/data/bigtts/WFVAE_v2_labv3_punc_1879h/libritts_clean_460/LibriTTS_train-clean-360_7881/chunk*/*.tar
hdfs://haruna/home/byte_data_seed/lf_lq/speech/user/huangzhiying.92/data/bigtts/WFVAE_v2_labv3_punc_1879h/libritts_clean_460/LibriTTS_train-clean-360_7909/chunk*/*.tar
hdfs://haruna/home/byte_data_seed/lf_lq/speech/user/huangzhiying.92/data/bigtts/WFVAE_v2_labv3_punc_1879h/libritts_clean_460/LibriTTS_train-clean-360_7910/chunk*/*.tar
hdfs://haruna/home/byte_data_seed/lf_lq/speech/user/huangzhiying.92/data/bigtts/WFVAE_v2_labv3_punc_1879h/libritts_clean_460/LibriTTS_train-clean-360_7926/chunk*/*.tar
hdfs://haruna/home/byte_data_seed/lf_lq/speech/user/huangzhiying.92/data/bigtts/WFVAE_v2_labv3_punc_1879h/libritts_clean_460/LibriTTS_train-clean-360_7932/chunk*/*.tar
hdfs://haruna/home/byte_data_seed/lf_lq/speech/user/huangzhiying.92/data/bigtts/WFVAE_v2_labv3_punc_1879h/libritts_clean_460/LibriTTS_train-clean-360_7933/chunk*/*.tar
hdfs://haruna/home/byte_data_seed/lf_lq/speech/user/huangzhiying.92/data/bigtts/WFVAE_v2_labv3_punc_1879h/libritts_clean_460/LibriTTS_train-clean-360_7938/chunk*/*.tar
hdfs://haruna/home/byte_data_seed/lf_lq/speech/user/huangzhiying.92/data/bigtts/WFVAE_v2_labv3_punc_1879h/libritts_clean_460/LibriTTS_train-clean-360_7939/chunk*/*.tar
hdfs://haruna/home/byte_data_seed/lf_lq/speech/user/huangzhiying.92/data/bigtts/WFVAE_v2_labv3_punc_1879h/libritts_clean_460/LibriTTS_train-clean-360_7945/chunk*/*.tar
hdfs://haruna/home/byte_data_seed/lf_lq/speech/user/huangzhiying.92/data/bigtts/WFVAE_v2_labv3_punc_1879h/libritts_clean_460/LibriTTS_train-clean-360_7949/chunk*/*.tar
hdfs://haruna/home/byte_data_seed/lf_lq/speech/user/huangzhiying.92/data/bigtts/WFVAE_v2_labv3_punc_1879h/libritts_clean_460/LibriTTS_train-clean-360_7956/chunk*/*.tar
hdfs://haruna/home/byte_data_seed/lf_lq/speech/user/huangzhiying.92/data/bigtts/WFVAE_v2_labv3_punc_1879h/libritts_clean_460/LibriTTS_train-clean-360_7957/chunk*/*.tar
hdfs://haruna/home/byte_data_seed/lf_lq/speech/user/huangzhiying.92/data/bigtts/WFVAE_v2_labv3_punc_1879h/libritts_clean_460/LibriTTS_train-clean-360_7959/chunk*/*.tar
hdfs://haruna/home/byte_data_seed/lf_lq/speech/user/huangzhiying.92/data/bigtts/WFVAE_v2_labv3_punc_1879h/libritts_clean_460/LibriTTS_train-clean-360_7962/chunk*/*.tar
hdfs://haruna/home/byte_data_seed/lf_lq/speech/user/huangzhiying.92/data/bigtts/WFVAE_v2_labv3_punc_1879h/libritts_clean_460/LibriTTS_train-clean-360_7967/chunk*/*.tar
hdfs://haruna/home/byte_data_seed/lf_lq/speech/user/huangzhiying.92/data/bigtts/WFVAE_v2_labv3_punc_1879h/libritts_clean_460/LibriTTS_train-clean-360_7981/chunk*/*.tar
hdfs://haruna/home/byte_data_seed/lf_lq/speech/user/huangzhiying.92/data/bigtts/WFVAE_v2_labv3_punc_1879h/libritts_clean_460/LibriTTS_train-clean-360_7982/chunk*/*.tar
hdfs://haruna/home/byte_data_seed/lf_lq/speech/user/huangzhiying.92/data/bigtts/WFVAE_v2_labv3_punc_1879h/libritts_clean_460/LibriTTS_train-clean-360_7991/chunk*/*.tar
hdfs://haruna/home/byte_data_seed/lf_lq/speech/user/huangzhiying.92/data/bigtts/WFVAE_v2_labv3_punc_1879h/libritts_clean_460/LibriTTS_train-clean-360_7994/chunk*/*.tar
hdfs://haruna/home/byte_data_seed/lf_lq/speech/user/huangzhiying.92/data/bigtts/WFVAE_v2_labv3_punc_1879h/libritts_clean_460/LibriTTS_train-clean-360_7995/chunk*/*.tar
hdfs://haruna/home/byte_data_seed/lf_lq/speech/user/huangzhiying.92/data/bigtts/WFVAE_v2_labv3_punc_1879h/libritts_clean_460/LibriTTS_train-clean-360_79/chunk*/*.tar
hdfs://haruna/home/byte_data_seed/lf_lq/speech/user/huangzhiying.92/data/bigtts/WFVAE_v2_labv3_punc_1879h/libritts_clean_460/LibriTTS_train-clean-360_8006/chunk*/*.tar
hdfs://haruna/home/byte_data_seed/lf_lq/speech/user/huangzhiying.92/data/bigtts/WFVAE_v2_labv3_punc_1879h/libritts_clean_460/LibriTTS_train-clean-360_8008/chunk*/*.tar
hdfs://haruna/home/byte_data_seed/lf_lq/speech/user/huangzhiying.92/data/bigtts/WFVAE_v2_labv3_punc_1879h/libritts_clean_460/LibriTTS_train-clean-360_8011/chunk*/*.tar
hdfs://haruna/home/byte_data_seed/lf_lq/speech/user/huangzhiying.92/data/bigtts/WFVAE_v2_labv3_punc_1879h/libritts_clean_460/LibriTTS_train-clean-360_8028/chunk*/*.tar
hdfs://haruna/home/byte_data_seed/lf_lq/speech/user/huangzhiying.92/data/bigtts/WFVAE_v2_labv3_punc_1879h/libritts_clean_460/LibriTTS_train-clean-360_803/chunk*/*.tar
hdfs://haruna/home/byte_data_seed/lf_lq/speech/user/huangzhiying.92/data/bigtts/WFVAE_v2_labv3_punc_1879h/libritts_clean_460/LibriTTS_train-clean-360_8050/chunk*/*.tar
hdfs://haruna/home/byte_data_seed/lf_lq/speech/user/huangzhiying.92/data/bigtts/WFVAE_v2_labv3_punc_1879h/libritts_clean_460/LibriTTS_train-clean-360_8057/chunk*/*.tar
hdfs://haruna/home/byte_data_seed/lf_lq/speech/user/huangzhiying.92/data/bigtts/WFVAE_v2_labv3_punc_1879h/libritts_clean_460/LibriTTS_train-clean-360_8066/chunk*/*.tar
hdfs://haruna/home/byte_data_seed/lf_lq/speech/user/huangzhiying.92/data/bigtts/WFVAE_v2_labv3_punc_1879h/libritts_clean_460/LibriTTS_train-clean-360_806/chunk*/*.tar
hdfs://haruna/home/byte_data_seed/lf_lq/speech/user/huangzhiying.92/data/bigtts/WFVAE_v2_labv3_punc_1879h/libritts_clean_460/LibriTTS_train-clean-360_8075/chunk*/*.tar
hdfs://haruna/home/byte_data_seed/lf_lq/speech/user/huangzhiying.92/data/bigtts/WFVAE_v2_labv3_punc_1879h/libritts_clean_460/LibriTTS_train-clean-360_8080/chunk*/*.tar
hdfs://haruna/home/byte_data_seed/lf_lq/speech/user/huangzhiying.92/data/bigtts/WFVAE_v2_labv3_punc_1879h/libritts_clean_460/LibriTTS_train-clean-360_8097/chunk*/*.tar
hdfs://haruna/home/byte_data_seed/lf_lq/speech/user/huangzhiying.92/data/bigtts/WFVAE_v2_labv3_punc_1879h/libritts_clean_460/LibriTTS_train-clean-360_8113/chunk*/*.tar
hdfs://haruna/home/byte_data_seed/lf_lq/speech/user/huangzhiying.92/data/bigtts/WFVAE_v2_labv3_punc_1879h/libritts_clean_460/LibriTTS_train-clean-360_8118/chunk*/*.tar
hdfs://haruna/home/byte_data_seed/lf_lq/speech/user/huangzhiying.92/data/bigtts/WFVAE_v2_labv3_punc_1879h/libritts_clean_460/LibriTTS_train-clean-360_8119/chunk*/*.tar
hdfs://haruna/home/byte_data_seed/lf_lq/speech/user/huangzhiying.92/data/bigtts/WFVAE_v2_labv3_punc_1879h/libritts_clean_460/LibriTTS_train-clean-360_8138/chunk*/*.tar
hdfs://haruna/home/byte_data_seed/lf_lq/speech/user/huangzhiying.92/data/bigtts/WFVAE_v2_labv3_punc_1879h/libritts_clean_460/LibriTTS_train-clean-360_8142/chunk*/*.tar
hdfs://haruna/home/byte_data_seed/lf_lq/speech/user/huangzhiying.92/data/bigtts/WFVAE_v2_labv3_punc_1879h/libritts_clean_460/LibriTTS_train-clean-360_8152/chunk*/*.tar
hdfs://haruna/home/byte_data_seed/lf_lq/speech/user/huangzhiying.92/data/bigtts/WFVAE_v2_labv3_punc_1879h/libritts_clean_460/LibriTTS_train-clean-360_815/chunk*/*.tar
hdfs://haruna/home/byte_data_seed/lf_lq/speech/user/huangzhiying.92/data/bigtts/WFVAE_v2_labv3_punc_1879h/libritts_clean_460/LibriTTS_train-clean-360_8163/chunk*/*.tar
hdfs://haruna/home/byte_data_seed/lf_lq/speech/user/huangzhiying.92/data/bigtts/WFVAE_v2_labv3_punc_1879h/libritts_clean_460/LibriTTS_train-clean-360_816/chunk*/*.tar
hdfs://haruna/home/byte_data_seed/lf_lq/speech/user/huangzhiying.92/data/bigtts/WFVAE_v2_labv3_punc_1879h/libritts_clean_460/LibriTTS_train-clean-360_8176/chunk*/*.tar
hdfs://haruna/home/byte_data_seed/lf_lq/speech/user/huangzhiying.92/data/bigtts/WFVAE_v2_labv3_punc_1879h/libritts_clean_460/LibriTTS_train-clean-360_8183/chunk*/*.tar
hdfs://haruna/home/byte_data_seed/lf_lq/speech/user/huangzhiying.92/data/bigtts/WFVAE_v2_labv3_punc_1879h/libritts_clean_460/LibriTTS_train-clean-360_8190/chunk*/*.tar
hdfs://haruna/home/byte_data_seed/lf_lq/speech/user/huangzhiying.92/data/bigtts/WFVAE_v2_labv3_punc_1879h/libritts_clean_460/LibriTTS_train-clean-360_8193/chunk*/*.tar
hdfs://haruna/home/byte_data_seed/lf_lq/speech/user/huangzhiying.92/data/bigtts/WFVAE_v2_labv3_punc_1879h/libritts_clean_460/LibriTTS_train-clean-360_8194/chunk*/*.tar
hdfs://haruna/home/byte_data_seed/lf_lq/speech/user/huangzhiying.92/data/bigtts/WFVAE_v2_labv3_punc_1879h/libritts_clean_460/LibriTTS_train-clean-360_8195/chunk*/*.tar
hdfs://haruna/home/byte_data_seed/lf_lq/speech/user/huangzhiying.92/data/bigtts/WFVAE_v2_labv3_punc_1879h/libritts_clean_460/LibriTTS_train-clean-360_81/chunk*/*.tar
hdfs://haruna/home/byte_data_seed/lf_lq/speech/user/huangzhiying.92/data/bigtts/WFVAE_v2_labv3_punc_1879h/libritts_clean_460/LibriTTS_train-clean-360_820/chunk*/*.tar
hdfs://haruna/home/byte_data_seed/lf_lq/speech/user/huangzhiying.92/data/bigtts/WFVAE_v2_labv3_punc_1879h/libritts_clean_460/LibriTTS_train-clean-360_8222/chunk*/*.tar
hdfs://haruna/home/byte_data_seed/lf_lq/speech/user/huangzhiying.92/data/bigtts/WFVAE_v2_labv3_punc_1879h/libritts_clean_460/LibriTTS_train-clean-360_8225/chunk*/*.tar
hdfs://haruna/home/byte_data_seed/lf_lq/speech/user/huangzhiying.92/data/bigtts/WFVAE_v2_labv3_punc_1879h/libritts_clean_460/LibriTTS_train-clean-360_8228/chunk*/*.tar
hdfs://haruna/home/byte_data_seed/lf_lq/speech/user/huangzhiying.92/data/bigtts/WFVAE_v2_labv3_punc_1879h/libritts_clean_460/LibriTTS_train-clean-360_8266/chunk*/*.tar
hdfs://haruna/home/byte_data_seed/lf_lq/speech/user/huangzhiying.92/data/bigtts/WFVAE_v2_labv3_punc_1879h/libritts_clean_460/LibriTTS_train-clean-360_829/chunk*/*.tar
hdfs://haruna/home/byte_data_seed/lf_lq/speech/user/huangzhiying.92/data/bigtts/WFVAE_v2_labv3_punc_1879h/libritts_clean_460/LibriTTS_train-clean-360_8300/chunk*/*.tar
hdfs://haruna/home/byte_data_seed/lf_lq/speech/user/huangzhiying.92/data/bigtts/WFVAE_v2_labv3_punc_1879h/libritts_clean_460/LibriTTS_train-clean-360_830/chunk*/*.tar
hdfs://haruna/home/byte_data_seed/lf_lq/speech/user/huangzhiying.92/data/bigtts/WFVAE_v2_labv3_punc_1879h/libritts_clean_460/LibriTTS_train-clean-360_8329/chunk*/*.tar
hdfs://haruna/home/byte_data_seed/lf_lq/speech/user/huangzhiying.92/data/bigtts/WFVAE_v2_labv3_punc_1879h/libritts_clean_460/LibriTTS_train-clean-360_8347/chunk*/*.tar
hdfs://haruna/home/byte_data_seed/lf_lq/speech/user/huangzhiying.92/data/bigtts/WFVAE_v2_labv3_punc_1879h/libritts_clean_460/LibriTTS_train-clean-360_835/chunk*/*.tar
hdfs://haruna/home/byte_data_seed/lf_lq/speech/user/huangzhiying.92/data/bigtts/WFVAE_v2_labv3_punc_1879h/libritts_clean_460/LibriTTS_train-clean-360_836/chunk*/*.tar
hdfs://haruna/home/byte_data_seed/lf_lq/speech/user/huangzhiying.92/data/bigtts/WFVAE_v2_labv3_punc_1879h/libritts_clean_460/LibriTTS_train-clean-360_8388/chunk*/*.tar
hdfs://haruna/home/byte_data_seed/lf_lq/speech/user/huangzhiying.92/data/bigtts/WFVAE_v2_labv3_punc_1879h/libritts_clean_460/LibriTTS_train-clean-360_8396/chunk*/*.tar
hdfs://haruna/home/byte_data_seed/lf_lq/speech/user/huangzhiying.92/data/bigtts/WFVAE_v2_labv3_punc_1879h/libritts_clean_460/LibriTTS_train-clean-360_8401/chunk*/*.tar
hdfs://haruna/home/byte_data_seed/lf_lq/speech/user/huangzhiying.92/data/bigtts/WFVAE_v2_labv3_punc_1879h/libritts_clean_460/LibriTTS_train-clean-360_8404/chunk*/*.tar
hdfs://haruna/home/byte_data_seed/lf_lq/speech/user/huangzhiying.92/data/bigtts/WFVAE_v2_labv3_punc_1879h/libritts_clean_460/LibriTTS_train-clean-360_8410/chunk*/*.tar
hdfs://haruna/home/byte_data_seed/lf_lq/speech/user/huangzhiying.92/data/bigtts/WFVAE_v2_labv3_punc_1879h/libritts_clean_460/LibriTTS_train-clean-360_8421/chunk*/*.tar
hdfs://haruna/home/byte_data_seed/lf_lq/speech/user/huangzhiying.92/data/bigtts/WFVAE_v2_labv3_punc_1879h/libritts_clean_460/LibriTTS_train-clean-360_8459/chunk*/*.tar
hdfs://haruna/home/byte_data_seed/lf_lq/speech/user/huangzhiying.92/data/bigtts/WFVAE_v2_labv3_punc_1879h/libritts_clean_460/LibriTTS_train-clean-360_8464/chunk*/*.tar
hdfs://haruna/home/byte_data_seed/lf_lq/speech/user/huangzhiying.92/data/bigtts/WFVAE_v2_labv3_punc_1879h/libritts_clean_460/LibriTTS_train-clean-360_8474/chunk*/*.tar
hdfs://haruna/home/byte_data_seed/lf_lq/speech/user/huangzhiying.92/data/bigtts/WFVAE_v2_labv3_punc_1879h/libritts_clean_460/LibriTTS_train-clean-360_8479/chunk*/*.tar
hdfs://haruna/home/byte_data_seed/lf_lq/speech/user/huangzhiying.92/data/bigtts/WFVAE_v2_labv3_punc_1879h/libritts_clean_460/LibriTTS_train-clean-360_8490/chunk*/*.tar
hdfs://haruna/home/byte_data_seed/lf_lq/speech/user/huangzhiying.92/data/bigtts/WFVAE_v2_labv3_punc_1879h/libritts_clean_460/LibriTTS_train-clean-360_8494/chunk*/*.tar
hdfs://haruna/home/byte_data_seed/lf_lq/speech/user/huangzhiying.92/data/bigtts/WFVAE_v2_labv3_punc_1879h/libritts_clean_460/LibriTTS_train-clean-360_8498/chunk*/*.tar
hdfs://haruna/home/byte_data_seed/lf_lq/speech/user/huangzhiying.92/data/bigtts/WFVAE_v2_labv3_punc_1879h/libritts_clean_460/LibriTTS_train-clean-360_8506/chunk*/*.tar
hdfs://haruna/home/byte_data_seed/lf_lq/speech/user/huangzhiying.92/data/bigtts/WFVAE_v2_labv3_punc_1879h/libritts_clean_460/LibriTTS_train-clean-360_850/chunk*/*.tar
hdfs://haruna/home/byte_data_seed/lf_lq/speech/user/huangzhiying.92/data/bigtts/WFVAE_v2_labv3_punc_1879h/libritts_clean_460/LibriTTS_train-clean-360_8527/chunk*/*.tar
hdfs://haruna/home/byte_data_seed/lf_lq/speech/user/huangzhiying.92/data/bigtts/WFVAE_v2_labv3_punc_1879h/libritts_clean_460/LibriTTS_train-clean-360_8534/chunk*/*.tar
hdfs://haruna/home/byte_data_seed/lf_lq/speech/user/huangzhiying.92/data/bigtts/WFVAE_v2_labv3_punc_1879h/libritts_clean_460/LibriTTS_train-clean-360_8545/chunk*/*.tar
hdfs://haruna/home/byte_data_seed/lf_lq/speech/user/huangzhiying.92/data/bigtts/WFVAE_v2_labv3_punc_1879h/libritts_clean_460/LibriTTS_train-clean-360_8573/chunk*/*.tar
hdfs://haruna/home/byte_data_seed/lf_lq/speech/user/huangzhiying.92/data/bigtts/WFVAE_v2_labv3_punc_1879h/libritts_clean_460/LibriTTS_train-clean-360_8575/chunk*/*.tar
hdfs://haruna/home/byte_data_seed/lf_lq/speech/user/huangzhiying.92/data/bigtts/WFVAE_v2_labv3_punc_1879h/libritts_clean_460/LibriTTS_train-clean-360_8591/chunk*/*.tar
hdfs://haruna/home/byte_data_seed/lf_lq/speech/user/huangzhiying.92/data/bigtts/WFVAE_v2_labv3_punc_1879h/libritts_clean_460/LibriTTS_train-clean-360_8592/chunk*/*.tar
hdfs://haruna/home/byte_data_seed/lf_lq/speech/user/huangzhiying.92/data/bigtts/WFVAE_v2_labv3_punc_1879h/libritts_clean_460/LibriTTS_train-clean-360_8605/chunk*/*.tar
hdfs://haruna/home/byte_data_seed/lf_lq/speech/user/huangzhiying.92/data/bigtts/WFVAE_v2_labv3_punc_1879h/libritts_clean_460/LibriTTS_train-clean-360_8619/chunk*/*.tar
hdfs://haruna/home/byte_data_seed/lf_lq/speech/user/huangzhiying.92/data/bigtts/WFVAE_v2_labv3_punc_1879h/libritts_clean_460/LibriTTS_train-clean-360_8635/chunk*/*.tar
hdfs://haruna/home/byte_data_seed/lf_lq/speech/user/huangzhiying.92/data/bigtts/WFVAE_v2_labv3_punc_1879h/libritts_clean_460/LibriTTS_train-clean-360_8643/chunk*/*.tar
hdfs://haruna/home/byte_data_seed/lf_lq/speech/user/huangzhiying.92/data/bigtts/WFVAE_v2_labv3_punc_1879h/libritts_clean_460/LibriTTS_train-clean-360_8677/chunk*/*.tar
hdfs://haruna/home/byte_data_seed/lf_lq/speech/user/huangzhiying.92/data/bigtts/WFVAE_v2_labv3_punc_1879h/libritts_clean_460/LibriTTS_train-clean-360_8684/chunk*/*.tar
hdfs://haruna/home/byte_data_seed/lf_lq/speech/user/huangzhiying.92/data/bigtts/WFVAE_v2_labv3_punc_1879h/libritts_clean_460/LibriTTS_train-clean-360_8687/chunk*/*.tar
hdfs://haruna/home/byte_data_seed/lf_lq/speech/user/huangzhiying.92/data/bigtts/WFVAE_v2_labv3_punc_1879h/libritts_clean_460/LibriTTS_train-clean-360_868/chunk*/*.tar
hdfs://haruna/home/byte_data_seed/lf_lq/speech/user/huangzhiying.92/data/bigtts/WFVAE_v2_labv3_punc_1879h/libritts_clean_460/LibriTTS_train-clean-360_8699/chunk*/*.tar
hdfs://haruna/home/byte_data_seed/lf_lq/speech/user/huangzhiying.92/data/bigtts/WFVAE_v2_labv3_punc_1879h/libritts_clean_460/LibriTTS_train-clean-360_8705/chunk*/*.tar
hdfs://haruna/home/byte_data_seed/lf_lq/speech/user/huangzhiying.92/data/bigtts/WFVAE_v2_labv3_punc_1879h/libritts_clean_460/LibriTTS_train-clean-360_8713/chunk*/*.tar
hdfs://haruna/home/byte_data_seed/lf_lq/speech/user/huangzhiying.92/data/bigtts/WFVAE_v2_labv3_punc_1879h/libritts_clean_460/LibriTTS_train-clean-360_8718/chunk*/*.tar
hdfs://haruna/home/byte_data_seed/lf_lq/speech/user/huangzhiying.92/data/bigtts/WFVAE_v2_labv3_punc_1879h/libritts_clean_460/LibriTTS_train-clean-360_8722/chunk*/*.tar
hdfs://haruna/home/byte_data_seed/lf_lq/speech/user/huangzhiying.92/data/bigtts/WFVAE_v2_labv3_punc_1879h/libritts_clean_460/LibriTTS_train-clean-360_8725/chunk*/*.tar
hdfs://haruna/home/byte_data_seed/lf_lq/speech/user/huangzhiying.92/data/bigtts/WFVAE_v2_labv3_punc_1879h/libritts_clean_460/LibriTTS_train-clean-360_8742/chunk*/*.tar
hdfs://haruna/home/byte_data_seed/lf_lq/speech/user/huangzhiying.92/data/bigtts/WFVAE_v2_labv3_punc_1879h/libritts_clean_460/LibriTTS_train-clean-360_8758/chunk*/*.tar
hdfs://haruna/home/byte_data_seed/lf_lq/speech/user/huangzhiying.92/data/bigtts/WFVAE_v2_labv3_punc_1879h/libritts_clean_460/LibriTTS_train-clean-360_8771/chunk*/*.tar
hdfs://haruna/home/byte_data_seed/lf_lq/speech/user/huangzhiying.92/data/bigtts/WFVAE_v2_labv3_punc_1879h/libritts_clean_460/LibriTTS_train-clean-360_8772/chunk*/*.tar
hdfs://haruna/home/byte_data_seed/lf_lq/speech/user/huangzhiying.92/data/bigtts/WFVAE_v2_labv3_punc_1879h/libritts_clean_460/LibriTTS_train-clean-360_8776/chunk*/*.tar
hdfs://haruna/home/byte_data_seed/lf_lq/speech/user/huangzhiying.92/data/bigtts/WFVAE_v2_labv3_punc_1879h/libritts_clean_460/LibriTTS_train-clean-360_8786/chunk*/*.tar
hdfs://haruna/home/byte_data_seed/lf_lq/speech/user/huangzhiying.92/data/bigtts/WFVAE_v2_labv3_punc_1879h/libritts_clean_460/LibriTTS_train-clean-360_8791/chunk*/*.tar
hdfs://haruna/home/byte_data_seed/lf_lq/speech/user/huangzhiying.92/data/bigtts/WFVAE_v2_labv3_punc_1879h/libritts_clean_460/LibriTTS_train-clean-360_8820/chunk*/*.tar
hdfs://haruna/home/byte_data_seed/lf_lq/speech/user/huangzhiying.92/data/bigtts/WFVAE_v2_labv3_punc_1879h/libritts_clean_460/LibriTTS_train-clean-360_8824/chunk*/*.tar
hdfs://haruna/home/byte_data_seed/lf_lq/speech/user/huangzhiying.92/data/bigtts/WFVAE_v2_labv3_punc_1879h/libritts_clean_460/LibriTTS_train-clean-360_8825/chunk*/*.tar
hdfs://haruna/home/byte_data_seed/lf_lq/speech/user/huangzhiying.92/data/bigtts/WFVAE_v2_labv3_punc_1879h/libritts_clean_460/LibriTTS_train-clean-360_882/chunk*/*.tar
hdfs://haruna/home/byte_data_seed/lf_lq/speech/user/huangzhiying.92/data/bigtts/WFVAE_v2_labv3_punc_1879h/libritts_clean_460/LibriTTS_train-clean-360_8848/chunk*/*.tar
hdfs://haruna/home/byte_data_seed/lf_lq/speech/user/huangzhiying.92/data/bigtts/WFVAE_v2_labv3_punc_1879h/libritts_clean_460/LibriTTS_train-clean-360_8855/chunk*/*.tar
hdfs://haruna/home/byte_data_seed/lf_lq/speech/user/huangzhiying.92/data/bigtts/WFVAE_v2_labv3_punc_1879h/libritts_clean_460/LibriTTS_train-clean-360_8875/chunk*/*.tar
hdfs://haruna/home/byte_data_seed/lf_lq/speech/user/huangzhiying.92/data/bigtts/WFVAE_v2_labv3_punc_1879h/libritts_clean_460/LibriTTS_train-clean-360_8879/chunk*/*.tar
hdfs://haruna/home/byte_data_seed/lf_lq/speech/user/huangzhiying.92/data/bigtts/WFVAE_v2_labv3_punc_1879h/libritts_clean_460/LibriTTS_train-clean-360_8887/chunk*/*.tar
hdfs://haruna/home/byte_data_seed/lf_lq/speech/user/huangzhiying.92/data/bigtts/WFVAE_v2_labv3_punc_1879h/libritts_clean_460/LibriTTS_train-clean-360_899/chunk*/*.tar
hdfs://haruna/home/byte_data_seed/lf_lq/speech/user/huangzhiying.92/data/bigtts/WFVAE_v2_labv3_punc_1879h/libritts_clean_460/LibriTTS_train-clean-360_9022/chunk*/*.tar
hdfs://haruna/home/byte_data_seed/lf_lq/speech/user/huangzhiying.92/data/bigtts/WFVAE_v2_labv3_punc_1879h/libritts_clean_460/LibriTTS_train-clean-360_9023/chunk*/*.tar
hdfs://haruna/home/byte_data_seed/lf_lq/speech/user/huangzhiying.92/data/bigtts/WFVAE_v2_labv3_punc_1879h/libritts_clean_460/LibriTTS_train-clean-360_9026/chunk*/*.tar
hdfs://haruna/home/byte_data_seed/lf_lq/speech/user/huangzhiying.92/data/bigtts/WFVAE_v2_labv3_punc_1879h/libritts_clean_460/LibriTTS_train-clean-360_90/chunk*/*.tar
hdfs://haruna/home/byte_data_seed/lf_lq/speech/user/huangzhiying.92/data/bigtts/WFVAE_v2_labv3_punc_1879h/libritts_clean_460/LibriTTS_train-clean-360_920/chunk*/*.tar
hdfs://haruna/home/byte_data_seed/lf_lq/speech/user/huangzhiying.92/data/bigtts/WFVAE_v2_labv3_punc_1879h/libritts_clean_460/LibriTTS_train-clean-360_922/chunk*/*.tar
hdfs://haruna/home/byte_data_seed/lf_lq/speech/user/huangzhiying.92/data/bigtts/WFVAE_v2_labv3_punc_1879h/libritts_clean_460/LibriTTS_train-clean-360_925/chunk*/*.tar
hdfs://haruna/home/byte_data_seed/lf_lq/speech/user/huangzhiying.92/data/bigtts/WFVAE_v2_labv3_punc_1879h/libritts_clean_460/LibriTTS_train-clean-360_93/chunk*/*.tar
hdfs://haruna/home/byte_data_seed/lf_lq/speech/user/huangzhiying.92/data/bigtts/WFVAE_v2_labv3_punc_1879h/libritts_clean_460/LibriTTS_train-clean-360_948/chunk*/*.tar
hdfs://haruna/home/byte_data_seed/lf_lq/speech/user/huangzhiying.92/data/bigtts/WFVAE_v2_labv3_punc_1879h/libritts_clean_460/LibriTTS_train-clean-360_949/chunk*/*.tar
hdfs://haruna/home/byte_data_seed/lf_lq/speech/user/huangzhiying.92/data/bigtts/WFVAE_v2_labv3_punc_1879h/libritts_clean_460/LibriTTS_train-clean-360_953/chunk*/*.tar
hdfs://haruna/home/byte_data_seed/lf_lq/speech/user/huangzhiying.92/data/bigtts/WFVAE_v2_labv3_punc_1879h/libritts_clean_460/LibriTTS_train-clean-360_954/chunk*/*.tar
hdfs://haruna/home/byte_data_seed/lf_lq/speech/user/huangzhiying.92/data/bigtts/WFVAE_v2_labv3_punc_1879h/libritts_clean_460/LibriTTS_train-clean-360_957/chunk*/*.tar
hdfs://haruna/home/byte_data_seed/lf_lq/speech/user/huangzhiying.92/data/bigtts/WFVAE_v2_labv3_punc_1879h/libritts_clean_460/LibriTTS_train-clean-360_968/chunk*/*.tar
hdfs://haruna/home/byte_data_seed/lf_lq/speech/user/huangzhiying.92/data/bigtts/WFVAE_v2_labv3_punc_1879h/libritts_clean_460/LibriTTS_train-clean-360_979/chunk*/*.tar
hdfs://haruna/home/byte_data_seed/lf_lq/speech/user/huangzhiying.92/data/bigtts/WFVAE_v2_labv3_punc_1879h/libritts_clean_460/LibriTTS_train-clean-360_984/chunk*/*.tar
hdfs://haruna/home/byte_data_seed/lf_lq/speech/user/huangzhiying.92/data/bigtts/WFVAE_v2_labv3_punc_1879h/libritts_clean_460/LibriTTS_train-clean-360_986/chunk*/*.tar
hdfs://haruna/home/byte_data_seed/lf_lq/speech/user/huangzhiying.92/data/bigtts/WFVAE_v2_labv3_punc_1879h/libritts_clean_460/LibriTTS_train-clean-360_98/chunk*/*.tar
hdfs://haruna/home/byte_data_seed/lf_lq/speech/user/huangzhiying.92/data/bigtts/WFVAE_v2_labv3_punc/duibiao/Dacey_emotion/chunk*/*.tar
hdfs://haruna/home/byte_data_seed/lf_lq/speech/user/huangzhiying.92/data/bigtts/WFVAE_v2_labv3_punc/duibiao/DaceyGPT/chunk*/*.tar
hdfs://haruna/home/byte_data_seed/lf_lq/speech/user/huangzhiying.92/data/bigtts/WFVAE_v2_labv3_punc/duibiao/DaceyNew0801/chunk*/*.tar
hdfs://haruna/home/byte_data_seed/lf_lq/speech/user/huangzhiying.92/data/bigtts/WFVAE_v2_labv3_punc/duibiao/Dina/chunk*/*.tar
hdfs://haruna/home/byte_data_seed/lf_lq/speech/user/huangzhiying.92/data/bigtts/WFVAE_v2_labv3_punc/duibiao/MimicTim/chunk*/*.tar
hdfs://haruna/home/byte_data_seed/lf_lq/speech/user/huangzhiying.92/data/bigtts/WFVAE_v2_labv3_punc/duibiao/Sherrie/chunk*/*.tar
hdfs://haruna/home/byte_data_seed/lf_lq/speech/user/huangzhiying.92/data/bigtts/WFVAE_v2_labv3_punc/duibiao/Tim_emotion/chunk*/*.tar
hdfs://haruna/home/byte_data_seed/lf_lq/speech/user/huangzhiying.92/data/bigtts/WFVAE_v2_labv3_punc/duibiao/Tim_normal/chunk*/*.tar
